time,x1,v1,a1,x2,v2,a2,system_id
0.0,1.0,0.0,-4.0,-1.0,0.0,2.0,1
0.01000362056480811,0.9996,-0.04,-3.9906,-0.9998,0.02,1.9974,1
0.02000724112961622,0.9988009400000001,-0.079906,-3.9798218800000003,-0.99940026,0.039974,1.9942038,1
0.03001086169442433,0.9976038978120001,-0.11970421880000001,-3.967671949296,-0.9988010996200001,0.059916038000000005,1.990413393632,1
0.04001448225923244,0.9960100884290705,-0.15938093829296002,-3.9541569755292563,-0.9980028979006369,0.07982017193632,1.9860309691360754,1
0.050018102824040546,0.994020863348588,-0.19892250804825257,-3.9392841815204735,-0.9970060930843601,0.09968048162768076,1.9810589082701802,1
0.06002172338884866,0.9916377098499534,-0.23831534986345732,-3.923061241954425,-0.9958111823772562,0.11949107071038256,1.9754997851561713,1
0.07002534395365677,0.9888622502271234,-0.27754596228300155,-3.905496279916407,-0.9944187216916367,0.13924606856194427,1.9693563650625656,1
0.08002896451846488,0.9856962409763017,-0.31660092508216564,-3.886597863281983,-0.992829325369511,0.15893963221256993,1.9626316031245559,1
0.09003258508327298,0.9821415719391519,-0.35546690371498546,-3.866375000961531,-0.9910436658870728,0.1785659482438155,1.955328643001843,1
0.10003620564808109,0.9782002654019059,-0.39413065372460077,-3.844837139001132,-0.9890624735403345,0.19811923467383394,1.9474508154748569,1
0.1100398262128892,0.9738744751507598,-0.4325790251146121,-3.8219941565414057,-0.9868865361120487,0.21759374282858251,1.93900163697995,1
0.12004344677769732,0.9691664854839595,-0.4707989666800262,-3.797856361635938,-0.9845166985200648,0.23698375919838202,1.9299848080841862,1
0.13004706734250543,0.9640787101809956,-0.5087775302963856,-3.7724344869309823,-0.9819538624472726,0.2562836072792239,1.9204042119003457,1
0.14005068790731354,0.9586136914293386,-0.5465018751656955,-3.745739685208167,-0.9791989859532902,0.27548764939822734,1.910263912442806,1
0.15005430847212164,0.9527740987091609,-0.5839592720177772,-3.7177835247919906,-0.9762530830680637,0.2945902885226554,1.8995681529249588,1
0.16005792903692975,0.9465627276365038,-0.6211371072656972,-3.688577984823917,-0.9731172233675447,0.31358597005190497,1.8883213539988581,1
0.17006154960173786,0.9399824987653644,-0.6580228871139363,-3.6581354504049317,-0.9697925315316258,0.33246918359189354,1.876528111937801,1
0.18006517016654597,0.9330364563491845,-0.6946042416179856,-3.6264687076084696,-0.9662801868845131,0.35123446471127157,1.8641931967625704,1
0.19006879073135408,0.9257277670622438,-0.7308689286940703,-3.5935909383656415,-0.9625814229177242,0.36987639667889727,1.8513215503120783,1
0.20007241129616218,0.9180597186814665,-0.7668048380777267,-3.559515715224758,-0.958697526795904,0.38838961218201806,1.8379182842591686,1
0.2100760318609703,0.9100357187291668,-0.8023999952299743,-3.5242569959871632,-0.9546298388456579,0.4067687950246097,1.8239886780723635,1
0.2200796524257784,0.9016592930772683,-0.8376425651898459,-3.4878291182214403,-0.9503797520276045,0.42500868180533335,1.8095381769243395,1
0.2300832729905865,0.8929340845135477,-0.8725208563720603,-3.45024679365809,-0.9459487113918588,0.44310406357457677,1.7945723895479486,1
0.24008689355539464,0.8838638512704613,-0.9070233243086412,-3.411525102466814,-0.9413382135171582,0.46104978747005626,1.779097086040614,1
0.2500905141202027,0.8744524655171282,-0.9411385753333094,-3.371679487418576,-0.9365498059338535,0.4788407583304624,1.7631181956179354,1
0.26009413468501086,0.8647039118150532,-0.9748553702074951,-3.3307257479346477,-0.931585086530987,0.49647194028664177,1.746641804317376,1
0.27009775524981894,0.8546222855381849,-1.0081626276868416,-3.288680034024875,-0.9264457029476889,0.5139383583298155,1.7296741526528923,1
0.2801013758146271,0.844211791257914,-1.0410494280270903,-3.2455588401174493,-0.9211333519491255,0.5312350998563444,1.712221633221405,1
0.29010499637943515,0.8334767410936313,-1.073505016428265,-3.201378998782481,-0.9156497787872399,0.5483573161885584,1.6942907882620153,1
0.3001086169442433,0.8224215530294704,-1.1055188064160897,-3.1561576743517215,-0.9099967765465281,0.5653002240711786,1.6758883071688806,1
0.31011223750905137,0.8110507491978743,-1.1370803831596068,-3.1099123564368014,-0.9041761854750995,0.5820591071428675,1.6570210239586871,1
0.3201158580738595,0.7993689541306346,-1.1681795067239749,-3.0626608533483832,-0.8981898923012749,0.5986293173824543,1.6376959146936638,1
0.33011947863866764,0.78738089297806,-1.1988061152574587,-3.014421285418669,-0.8920398295359809,0.6150062765293909,1.6179200948611019,1
0.3401230992034757,0.7750913896969436,-1.2289503281116454,-2.965212078229703,-0.8857279747612009,0.6311854774780019,1.5977008167103444,1
0.35012671976828386,0.7625053652080042,-1.2586024488939425,-2.915051955749974,-0.8792563499047499,0.6471624856451054,1.5770454665482436,1
0.36013034033309194,0.7496278355234898,-1.2877529684514422,-2.8639599333818246,-0.872627020501644,0.6629329403105878,1.555961561994075,1
0.37013396089790007,0.7364639098456371,-1.3163925677852604,-2.811955310922198,-0.8658420949423387,0.6784925559305286,1.534456749194923,1
0.38013758146270815,0.7230187886366923,-1.3445121208944824,-2.759057665439294,-0.8589037237081139,0.6938371234224778,1.5125388000025584,1
0.3901412020275163,0.7092977616612036,-1.3721026975488753,-2.7052868440677247,-0.8518140985938888,0.7089625114225034,1.490215609112842,1
0.40014482259232437,0.6953062060013081,-1.3991555659895525,-2.650662956724766,-0.8445754519187525,0.7238646675136319,1.4674951911686973,1
0.4101484431571325,0.6810495840457401,-1.4256621955568,-2.5952063687503593,-0.8371900557244993,0.7385396194253189,1.4443856778277075,1
0.4201520637219406,0.6665334414532971,-1.4516142592443038,-2.5389376934734935,-0.8296602209624634,0.752983476203596,1.4208953147954007,1
0.4301556842867487,0.6517634050915067,-1.4770036361790386,-2.4818777847076605,-0.8219882966689479,0.76719242935155,1.3970324588252996,1
0.4401593048515568,0.6367451809512455,-1.5018224140261152,-2.4240477291780635,-0.8141766691295499,0.781162753939803,1.372805574686815,1
0.45016292541636493,0.6214845520380666,-1.5260628913178957,-2.365468838883304,-0.8062277610326832,0.7948908096866711,1.3482232321020828,1
0.460166545981173,0.6059873762409993,-1.5497175797067289,-2.3061626433942584,-0.7981440306126063,0.808373042007692,1.3232941026528362,1
0.47017016654598115,0.5902595841795926,-1.5727792061406713,-2.2461508820929077,-0.7899279707822641,0.8216059830342204,1.2980269566584348,1
0.4801737871107893,0.5743071770299766,-1.5952407149616004,-2.1854554963538657,-0.7815821082562561,0.8345862526008048,1.2724306600261523,1
0.49017740767559737,0.5581362243307252,-1.617095269925139,-2.124098621671393,-0.7731090026642454,0.8473105592010662,1.246514171074864,1
0.5001810282404054,0.5417528617693067,-1.638336256141853,-2.0621025797346766,-0.7645112456551273,0.8597757009118149,1.2202865373332523,1
0.5101846488052136,0.5251632889499147,-1.6589572819391998,-1.99948987045418,-0.7557914599922758,0.8719785662851474,1.1937568923136757,1
0.5201882693700217,0.5083737671434773,-1.6789521806437415,-1.9362831639418765,-0.746952298640193,0.8839161352082842,1.1669344522628418,1
0.5301918899348298,0.4913906170206457,-1.6983150122831603,-1.8725052924481889,-0.7379964438428839,0.8955854797309126,1.1398285128904382,1
0.5401955104996379,0.47422021636856926,-1.717040065207642,-1.808179242258465,-0.7289266061942857,0.906983764859817,1.1124484460768733,1
0.5501991310644461,0.456868997792267,-1.7351218576302267,-1.7433281455518355,-0.7197455237010799,0.9181082493205858,1.0848036965612884,1
0.5602027516292541,0.43934344640140954,-1.752555139085745,-1.6779752722252976,-0.7104559608382179,0.9289562862861986,1.0569037786110078,1
0.5702063721940622,0.42165009748332954,-1.769334891807998,-1.6121440216858838,-0.7010607075974948,0.9395253240723087,1.0287582726735935,1
0.5802099927588703,0.403795534163081,-1.7854563320248569,-1.545857914613776,-0.6915625785295044,0.9498129067990446,1.0003768220126812,1
0.5902136133236785,0.3857863850513711,-1.8009149111709946,-1.4791405846992272,-0.6819644117793127,0.9598166750191715,0.9717691293287667,1
0.6002172338884866,0.36762932188119124,-1.8157063170179868,-1.4120157703561644,-0.672269068116188,0.9695343663124592,0.9429449533661334,1
0.6102208544532947,0.3493310571339758,-1.8298264747215485,-1.3445073064153443,-0.6624794299577268,0.9789638158461205,0.9139141055070905,1
0.6202244750181027,0.33089834165611876,-1.843271547785702,-1.2766391157999308,-0.6525984003887149,0.9881029569011913,0.8846864463547145,1
0.6302280955829109,0.31233796226668176,-1.8560379389437014,-1.2084352011863726,-0.6426289021750675,0.9969498213647384,0.8552718823052754,1
0.640231716147719,0.2936567393571261,-1.868122290955565,-1.139919636653455,-0.6325738767731897,1.0055025401877913,0.8256803621115366,1
0.6502353367125271,0.2748615244839051,-1.8795214873220996,-1.071116559322396,-0.6224362833351006,1.0137593438089068,0.795921873438115,1
0.6602389572773353,0.25595919795475186,-1.8902326529153235,-1.0020501609908585,-0.6122190977096678,1.0217185625432879,0.7660064394100908,1
0.6702425778421434,0.23695666640949953,-1.9002531545252321,-0.932744679763746,-0.6019253114402938,1.0293786269373888,0.7359441151560544,1
0.6802461984069514,0.21786086039627084,-1.9095806013228696,-0.8632243916836428,-0.5915579307594043,1.0367380680889493,0.7057449843467802,1
0.6902498189717595,0.19867873194387378,-1.918212845239706,-0.7935136023637601,-0.5811199755800801,1.0437955179324172,0.6754191557307121,1
0.7002534395365677,0.17941725213124035,-1.9261479812633437,-0.7236366386262352,-0.5706144784851829,1.0505497094897243,0.6449767596674508,1
0.7102570601013758,0.1600834086547443,-1.9333843476496062,-0.6536178401486306,-0.5600444837143189,1.0569994770863989,0.6144279446604234,1
0.7202606806661839,0.14068420339423338,-1.9399205260510926,-0.5834815511214705,-0.5494130461489889,1.063143756533003,0.583782873889922,1
0.730264301230992,0.1212266499786103,-1.9457553415623072,-0.5132521119196394,-0.5387232302962699,1.0689815852719022,0.55305172174769,1
0.7402679217958001,0.10171777135179526,-1.9508878626815036,-0.4429538507904611,-0.5279781092713761,1.0745121024893791,0.5222446703742335,1
0.7502715423606082,0.08216459733990117,-1.955317401189408,-0.3726110755612667,-0.5171807637794449,1.0797345491931214,0.49137190620003385,1
0.7602751629254163,0.06257416222045097,-1.9590435119450207,-0.3022480653692424,-0.5063342810968937,1.0846482682551217,0.4604436164918325,1
0.7702787834902244,0.04295350229446383,-1.9620659925987132,-0.2318890624163421,-0.4954417540526933,1.08925270442004,0.4294699859051531,1
0.7802824040550326,0.023309653462235066,-1.9643848832228765,-0.1615582637520322,-0.48450628000990237,1.0935474042790916,0.3984611930442282,1
0.7902860246198407,0.0036496488036310976,-1.966000465860397,-0.09127981308662098,-0.473530959847807,1.097532016209534,0.3674274070304847,1
0.8002896451846487,-0.016019483836281535,-1.9669132639912632,-0.02107779263791132,-0.46251889694500864,1.1012062902798387,0.33637878408074323,1
0.8102932657494569,-0.03569072425545795,-1.9671240419176423,0.049023784986100216,-0.45147319616380216,1.1045700781206462,0.3053254640962796,1
0.820296886314265,-0.05535706229613577,-1.9666338040677813,0.11900098486577748,-0.44039696283618607,1.107623332761609,0.2742775672638894,1
0.8303005068790731,-0.075011500238327,-1.9654437942191236,0.1888299578069622,-0.4292933017518436,1.1103661084342478,0.24324519067009184,1
0.8403041274438812,-0.09464705518473754,-1.963555494641054,0.2584869483339894,-0.4181653161484341,1.1127985603409487,0.2122384049296017,1
0.8503077480086894,-0.11425676143631468,-1.9609706251577141,0.32794830263595526,-0.40701610670453164,1.1149209443902448,0.18126725082919248,1
0.8603113685734974,-0.13383367285762823,-1.9576911421313545,0.3971904764636094,-0.3958487705355463,1.1167336168985367,0.1503417359880644,1
0.8703149891383055,-0.15337086523129542,-1.9537192373667185,0.4661900429742679,-0.3846664001929621,1.1182370342584174,0.11947183153582494,1
0.8803186097031136,-0.1728614386006652,-1.949057336936976,0.5349237005221664,-0.37347208266722437,1.1194317525737756,0.08866746880918161,1
0.8903222302679218,-0.19229851959998273,-1.9437080999317542,0.6033682803916933,-0.3622688983946057,1.1203184272618674,0.057938536068436214,1
0.9003258508327299,-0.2116752637712611,-1.9376744171278373,0.6715007544709706,-0.3510599202683802,1.1208978126225517,0.02729487523486389,1
0.910329471397538,-0.23098485786709239,-1.9309594095831275,0.7392982428632715,-0.33984821265463117,1.1211707613749005,-0.0032537213499512774,1
0.920333091962346,-0.2502205221386373,-1.9235664271544948,0.8067380214337938,-0.32863683041301717,1.121138224161401,-0.033697514141760254,1
0.9303367125271542,-0.2693755126080389,-1.915499046940157,0.8737975292893307,-0.31742881792281735,1.1208012490199835,-0.06402681958721988,1
0.9403403330919623,-0.2884431233245115,-1.9067610716472636,0.940454376188411,-0.30622720811457627,1.1201609808241113,-0.09423201329234637,1
0.9503439536567704,-0.3074166886033653,-1.8973565278853795,1.0066863498795073,-0.29503502150766436,1.1192186606911878,-0.12430353316481972,1
0.9603475742215786,-0.3262895852472311,-1.8872896643865844,1.0724714233649415,-0.28385526525406896,1.1179756253595396,-0.15423188252911613,1
0.9703511947863867,-0.3450552347487605,-1.876564950152935,1.137787762088142,-0.2726909321887265,1.1164333065342484,-0.18400763321345887,1
0.9803548153511947,-0.363707105474081,-1.8651870725320534,1.2026137310419482,-0.2615449998867053,1.1145932302021138,-0.2136214286075871,1
0.9903584359160028,-0.38223871482629734,-1.8531609352216338,1.2669279017956738,-0.25042042972754497,1.1124570159160379,-0.24306398669035617,1
1.000362056480811,-0.40064363138833414,-1.840491656203677,1.3307090594386843,-0.23932016596705363,1.1100263760491342,-0.2723261030261939,1
1.010365677045619,-0.41891547704442705,-1.8271845656092902,1.3939362094382743,-0.2282471348168649,1.1073031150188724,-0.3013986537294494,1
1.0203692976104273,-0.4370479290795761,-1.8132452035149074,1.4565885844096607,-0.21720424353204912,1.104289128481578,-0.3302725983956848,1
1.0303729181752352,-0.4550347222562842,-1.7986793176708107,1.5186456507959418,-0.20619437950707292,1.100986402497621,-0.3589389829989734,1
1.0403765387400434,-0.4728696508679127,-1.7834928611628513,1.5800871154559117,-0.19522040938039661,1.0973970126676313,-0.38738894275427926,1
1.0503801593048514,-0.4905465707679956,-1.7676919900082921,1.6408929321576495,-0.18428517814799572,1.0935231232400886,-0.4156137049440088,1
1.0603837798696596,-0.5080594013748628,-1.7512830606867156,1.7010433079758425,-0.17339150828608924,1.0893669861906485,-0.44360459170783845,1
1.0703874004344678,-0.5254021276509324,-1.734272627606957,1.7605187095908352,-0.16254219888335353,1.08493094027357,-0.4713530227949359,1
1.0803910209992758,-0.5425688020560429,-1.7166674405110487,1.819299869487441,-0.15174002478289733,1.0802174100456208,-0.4988505182777076,1
1.090394641564084,-0.5595535464742046,-1.6984744418161744,1.8773677920515799,-0.1409877357342689,1.0752289048628436,-0.5260887012262201,1
1.1003982621288921,-0.5763505541131613,-1.6797007638956585,1.9347037595628525,-0.1302880555557631,1.0699680178505815,-0.5530593003424564,1
1.1104018826937,-0.5929540913761616,-1.6603537263000299,1.9912893380811993,-0.11964368130729151,1.0644374248471569,-0.5797541525535858,1
1.1204055032585083,-0.6093584997053538,-1.640440832919218,2.0471063832258296,-0.1090572824740753,1.058639883321621,-0.6061652055634407,1
1.1304091238233165,-0.6255581973962234,-1.6199697690869597,2.1021370458446467,-0.09853150016141543,1.0525782312659866,-0.6322845203614067,1
1.1404127443881245,-0.6415476813825085,-1.5989483986285131,2.1563637775724365,-0.0880689463007917,1.0462553860623724,-0.658104273687954,1
1.1504163649529326,-0.6573215289910364,-1.5773847608527887,2.20976933627613,-0.07767220286753677,1.039674343325493,-0.6836167604560489,1
1.1604199855177406,-0.6728743996659367,-1.5552870674900274,2.262336791385488,-0.06734382111032745,1.0328381757209324,-0.7088143961277025,1
1.1704236060825488,-0.6882010366616984,-1.5326636995761727,2.314049529107599,-0.057086320792730905,1.0257500317596553,-0.7336897190449331,1
1.180427226647357,-0.7032962687045494,-1.5095232042850966,2.3648912575236287,-0.04690218944703885,1.018413134569206,-0.7582353927144312,1
1.190430847212165,-0.7181550116216481,-1.4858742917098602,2.414846011566298,-0.036793881640618226,1.0108307806420618,-0.7824442080452361,1
1.2004344677769732,-0.73277226993759,-1.4617258315941972,2.4638981578766073,-0.026763818255002132,1.0030063385616095,-0.8063090855387488,1
1.2104380883417813,-0.7471431384377444,-1.4370868500154312,2.5120323995383793,-0.01681438577793991,0.994943247706222,-0.8298230774304267,1
1.2204417089065893,-0.7612628036979449,-1.4119665260200474,2.5592337806892234,-0.006947935608620734,0.9866450169319178,-0.8529793697825159,1
1.2304453294713975,-0.7751265455800764,-1.386374188213155,2.6054876910065805,0.0028332166237201913,0.9781152232340926,-0.8757712845272059,1
1.2404489500362055,-0.7887297386931074,-1.3603193113030891,2.6507798700675482,0.012526791727608398,0.9693575103888206,-0.8981922814595978,1
1.2504525706010137,-0.8020678538191315,-1.3338115126024137,2.695096411581228,0.022130547603350644,0.9603755875742246,-0.9202359601799046,1
1.2604561911658219,-0.8151364593039975,-1.3068605484866014,2.7384237674923875,0.0316422798830749,0.9511732279724255,-0.9418960619843149,1
1.2704598117306298,-0.8279312224121143,-1.2794763108116776,2.780748751955279,0.04105982255660073,0.9417542673525824,-0.9631664717039732,1
1.280463432295438,-0.8404479106450355,-1.2516688232921247,2.8220585451764877,0.05038104858295615,0.9321226026355427,-0.984041219491546,1
1.2904670528602462,-0.8526823930234392,-1.2234482378403597,2.862340697125752,0.059603870487362424,0.9222821904406272,-1.0045144825548642,1
1.3004706734250542,-0.8646306413321302,-1.1948248308691023,2.9015831311137243,0.0687262409435132,0.9122370456150786,-1.0245805868371511,1
1.3104742939898624,-0.8762887313277098,-1.165808999557965,2.9397741472357026,0.07774615334098028,0.901991239746707,-1.0442340086433608,1
1.3204779145546706,-0.8876528439085659,-1.136411258085608,2.9769024256804024,0.08666164233758301,0.8915488996602734,-1.0634693762121763,1
1.3304815351194785,-0.8987192662468539,-1.106642233828804,3.012957029902887,0.09547078439656453,0.8809142058981516,-1.0822814712332336,1
1.3404851556842867,-0.9094843928821517,-1.076512663529775,3.047927409660833,0.10417169830842272,0.8700913911858192,-1.1006652303091562,1
1.3504887762490947,-0.9199447267764833,-1.0460333894331668,3.0818034039133337,0.11276254569725,0.8590847388827276,-1.1186157463620061,1
1.3604923968139029,-0.9300968803304237,-1.0152153553940335,3.114575243581519,0.12124153151144107,0.8478985814191076,-1.1361282699837756,1
1.370496017378711,-0.9399375763600059,-0.9840696029582183,3.146233554170295,0.12960690449863377,0.8365372987192699,-1.1531982107305665,1
1.380499637943519,-0.949463649034171,-0.9526072674165154,3.1767693582505694,0.13785695766475342,0.8250053166119642,-1.169821138360121,1
1.3905032585083272,-0.9586720447725111,-0.9208395738340096,3.2061740778013723,0.14599002871703706,0.813307105228363,-1.1859927840123845,1
1.4005068790731354,-0.9675598231030711,-0.8887778330559959,3.234439536411332,0.15400450049091946,0.8014471773882392,-1.2017090413328144,1
1.4105104996379434,-0.9761241574799899,-0.8564334376918825,3.2615579613390153,0.16189880136066856,0.7894300869749111,-1.2169659675381497,1
1.4205141202027516,-0.9843623360607748,-0.8238178580784924,3.2875219854316864,0.16967140563366387,0.7772604272995296,-1.2317597844243915,1
1.4305177407675596,-0.9922717624430166,-0.7909426382241755,3.3123246489021017,0.17732083392821674,0.7649428294552857,-1.246086879316762,1
1.4405213613323677,-0.9998499563603682,-0.7578193917351546,3.335959400962974,0.18484565353483792,0.752481960662118,-1.2599438059614179,1
1.450524981897176,-1.0070945543376235,-0.7244597977255248,3.3584201013188384,0.19224447876086295,0.7398825226025039,-1.273327285358737,1
1.460528602461984,-1.0140033103047468,-0.6908755967123364,3.37970102151506,0.19951597125835213,0.7271492497489165,-1.2862342065379906,1
1.470532223026792,-1.0205740961697187,-0.6570785864971859,3.399796846143781,0.2066588403351875,0.7142869076835365,-1.2986616272732598,1
1.4805358435916003,-1.0268049023500763,-0.6230806180357481,3.4187026739066737,0.21367184324929553,0.701300291410804,-1.3106067747404522,1
1.4905394641564083,-1.032693838263043,-0.5888935912966814,3.436414018534395,0.22055378548592952,0.6881942236633994,-1.3220670461153123,1
1.5005430847212164,-1.0382391327741565,-0.5545294511113374,3.4529268095626886,0.22730352101795198,0.6749735532022463,-1.3330400091123331,1
1.5105467052860246,-1.0434391346043135,-0.5200001830157106,3.4682373929651455,0.23391995254906323,0.661643153111123,-1.3435234024644889,1
1.5205503258508326,-1.048292312695174,-0.48531780908605915,3.4823425316426615,0.240402031739928,0.6482079190864781,-1.3535151363437499,1
1.5305539464156408,-1.0527972565328703,-0.4504943837696325,3.495239405769696,0.2467487594171584,0.6346727677230406,-1.3630132927223328,1
1.5405575669804488,-1.0569526764299897,-0.41554198971193557,3.506925612997473,0.25295918576511656,0.6210426347958172,-1.372016125674688,1
1.550561187545257,-1.0607574037658094,-0.3804727335819608,3.5173991685143275,0.25903241050050724,0.6073224735390703,-1.3805220616202236,1
1.5605648081100651,-1.0642103911847776,-0.34529874189681753,3.5266585049634323,0.26496758302973594,0.593517252922868,-1.3885296995068004,1
1.5705684286748731,-1.0673107127532493,-0.3100321568471832,3.5347024722181986,0.27076390258901395,0.5796319559278,-1.396037810935043,1
1.5805720492396813,-1.0700575640744994,-0.27468513212500123,3.541530337015697,0.27642061836719845,0.5656715778184496,-1.4030453402235428,1
1.5905756698044895,-1.0724502623620478,-0.23926982875484426,3.547141782448473,0.2819370296113606,0.5516411244162142,-1.4095514044150297,1
1.6005792903692975,-1.0744882464713514,-0.20379841093035952,3.5515369073152074,0.2873124857150812,0.5375456103720638,-1.415555293223639,1
1.6105829109341057,-1.0761710768899235,-0.16828304185720744,3.5547162253306914,0.2925463862894795,0.5233900574398275,-1.4210564689233858,1
1.6205865314989139,-1.0774984356859625,-0.13273587960390051,3.556680664195653,0.29763818121698543,0.5091794927505936,-1.4260545661780073,1
1.6305901520637218,-1.0784701264155818,-0.09716907296194398,3.557431564527008,0.30258737068787356,0.4949189470888135,-1.4305493918123369,1
1.64059377262853,-1.0790860739887485,-0.061594757316673895,3.5569706786491606,0.3073935052195805,0.48061345317069015,-1.434540924525398,1
1.650597393193338,-1.0793463244940502,-0.026025050530182288,3.555300169247022,0.31205618565883486,0.4662680439254362,-1.4380293145454286,1
1.6606010137581462,-1.0792510449824273,0.009527951162287933,3.552422607881459,0.3165750631666347,0.4518877507799819,-1.4410148832270602,1
1.6706046343229544,-1.0788005232100162,0.045052177241102526,3.5483409733679396,0.3209498391861118,0.4374776019477113,-1.4434981225908992,1
1.6806082548877623,-1.0779951673402683,0.08053558697478191,3.5430586500191783,0.32518026539332984,0.4230426207218023,-1.4454796948057784,1
1.6906118754525705,-1.0768355056055186,0.1159661734749737,3.5365794257526284,0.32926614363106727,0.40858782377374453,-1.4469604316139604,1
1.7006154960173787,-1.0753221859281936,0.1513319677325,3.528907490063724,0.33320732582564333,0.39411821945760495,-1.4479413336995974,1
1.7106191165821867,-1.0734559755018622,0.18662104263313722,3.520047431865809,0.3370037138868494,0.37963880612060896,-1.4484235700007724,1
1.7206227371469949,-1.0712377603323442,0.2218215169517953,3.5100042371977294,0.3406552595910554,0.36515457042060123,-1.4484084769654597,1
1.7306263577118028,-1.0686685447391064,0.2569215593237726,3.49878328680013,0.34416196444756486,0.3506704856509466,-1.4478975577517659,1
1.740629978276611,-1.0657494508171887,0.29190939219177386,3.486390353561511,0.34752387954829916,0.33619151007342896,-1.4468924813728308,1
1.7506335988414192,-1.0624817178599149,0.326773295727389,3.472831599835163,0.35074110540089615,0.32172258525970066,-1.445395081786781,1
1.7606372194062272,-1.0588667017426574,0.36150161172574063,3.4581135746281384,0.35381379174531447,0.30726863444183283,-1.443407356932155,1
1.7706408399710354,-1.0549058742679371,0.396082747472022,3.4422432106634466,0.3567421373540396,0.2928345608725113,-1.4409314677092278,1
1.7806444605358436,-1.0506008224721506,0.43050517957865647,3.4252278213167138,0.3595263898159938,0.27842524619541903,-1.4379697369076863,1
1.7906480811006515,-1.0459532478942324,0.4647574577918236,3.4070750974285895,0.3621668453042572,0.2640455488263422,-1.4345246480811238,1
1.8006517016654597,-1.0409649658065714,0.4988282087661095,3.3877931039942046,0.3646638483277125,0.24970030234553095,-1.4305988443688369,1
1.810655322230268,-1.035637904408511,0.5327061398060515,3.3673902767310535,0.3670177914667309,0.23539431390184257,-1.426195127265426,1
1.820658942795076,-1.0299741039827772,0.566380042573362,3.345875418526682,0.3692291150930228,0.2211323626291883,-1.421316455338719,1
1.830662563359884,-1.023975716015191,0.5998387967586288,3.323257695767628,0.3712983070737808,0.20691919807580111,-1.4159659428965519,1
1.840666183924692,-1.017645002278028,0.6330713737163051,3.2995466345510716,0.37322590246024917,0.1927595386468356,-1.4101468586029606,1
1.8506698044895002,-1.0109843338774098,0.6660668400618158,3.274752116780723,0.3750124831608572,0.17865807006080597,-1.4038626240443477,1
1.8606734250543084,-1.0039961902651136,0.698814361229623,3.248884376148477,0.37665867759906085,0.1646194438203625,-1.3971168122462105,1
1.8706770456191164,-0.9966831582152025,0.7313032049911078,3.221953994003426,0.37816516035603986,0.1506482756979004,-1.3899131461410323,1
1.8806806661839246,-0.989047930765891,0.763522744931142,3.1939718951098497,0.3795326517984048,0.13674914423649007,-1.3822554969879448,1
1.8906842867487328,-0.9810933061270686,0.7954624638822405,3.164949343295828,0.3807619176910709,0.12292658926661063,-1.3741478827448004,1
1.9006879073135408,-0.9728221865539166,0.8271119573151988,3.1348979369941725,0.3818537687954625,0.10918511043916262,-1.3655944663932953,1
1.910691527878349,-0.9642375771870652,0.8584609366851406,3.103829604677382,0.38280906045321483,0.09552916577522967,-1.3565995542178029,1
1.9206951484431571,-0.955342584859746,0.8894992327319143,3.0717566001884005,0.38362869215554535,0.08196317023305164,-1.3471675940385965,1
1.930698769007965,-0.946140416872408,0.9202167987337984,3.0386914979689363,0.384313607098472,0.06849149429266567,-1.3373031734001466,1
1.9407023895727733,-0.9366343797352732,0.9506037137134877,3.004647188187181,0.38486479172405863,0.055118462558664205,-1.3270110177151981,1
1.9507060101375813,-0.9268278778793196,0.9806501855953595,2.9696368717667605,0.38528327524787376,0.04184835238151222,-1.3162959883653447,1
1.9607096307023895,-0.9167244123361894,1.0103465543130272,2.933674055318815,0.3855701291728523,0.028685392497858776,-1.3051630807588275,1
1.9707132512671977,-0.9063275793875273,1.0396832948662154,2.896772545979094,0.38572646678975503,0.0156337616902705,-1.2936174223463093,1
1.9807168718320056,-0.8956410691842672,1.0686510203260062,2.8589464461520233,0.38575344266442313,0.0026975874668074065,-1.281664270595371,1
1.9907204923968138,-0.8846686643363919,1.0972404847875266,2.820210148163702,0.3856522521120317,-0.010119055239146304,-1.269309010924509,1
2.000724112961622,-0.8734142384737003,1.1254425862691635,2.7805783288258157,0.3854241306585478,-0.022812145348391395,-1.2565571545974088,1
2.01072773352643,-0.861881754778126,1.1532483695574216,2.740065943912498,0.38507035348960417,-0.03537771689436548,-1.2434143365782937,1
2.020731354091238,-0.8500752644881605,1.1806490289965466,2.6986882225521747,0.38459223488700267,-0.047811860260148414,-1.2298863133491484,1
2.0307349746560464,-0.8379989053759398,1.2076359112220683,2.656460661536472,0.38399112765306626,-0.0601107233936399,-1.215978960689642,1
2.0407385952208545,-0.8256569001975654,1.234200517837433,2.613399019548271,0.38326842252306087,-0.07227051300053633,-1.2016982714205726,1
2.0507422157856623,-0.8130535551172363,1.2603345080329156,2.5695193113110393,0.38242554756591346,-0.08428749571474206,-1.1870503531116756,1
2.0607458363504705,-0.800193258105776,1.286029701146026,2.524837801661578,0.38146396757345485,-0.09615799924585881,-1.172041425754645,1
2.0707494569152787,-0.7870804773141497,1.3112780791626417,2.4793709995483413,0.3803851834384208,-0.10787841350340527,-1.1566778194022298,1
2.080753077480087,-0.7737197594225684,1.336071789158125,2.433135651957527,0.37919073152144656,-0.11944519169742757,-1.1409659717742724,1
2.090756698044895,-0.7601157279657914,1.3604031456777004,2.386148737769129,0.37788218300729487,-0.13085485141517028,-1.1249124258315693,1
2.100760318609703,-0.7462730816352375,1.3842646330553916,2.3384274615451943,0.37646114325056,-0.14210397567348598,-1.1085238273184488,1
2.110763939174511,-0.7321965925585291,1.4076489076708436,2.289989247252512,0.3749292511110933,-0.15318921394667048,-1.0918069222749556,1
2.120767559739319,-0.7178911045570954,1.4305488001433688,2.2408517319220116,0.37328817827939914,-0.16410728316942003,-1.0747685545195527,1
2.1307711803041274,-0.7033615313824695,1.452957317462589,2.1910327592471437,0.371539628592253,-0.17485496871461556,-1.057415663103261,1
2.1407748008689356,-0.6886128549319189,1.4748676450550604,2.140550373123541,0.3696853373387965,-0.18542912534564818,-1.0397552797361507,1
2.1507784214337438,-0.673650123444056,1.496273148786296,2.089422811132275,0.3677270705573664,-0.1958266781430097,-1.0217945261871213,1
2.1607820419985515,-0.6584784496750797,1.5171673768976186,2.037668497969033,0.3656666243233176,-0.20604462340488092,-1.003540611657909,1
2.1707856625633597,-0.6431030090563067,1.5375440618773089,1.985306038821561,0.363505824028103,-0.21608002952146,-0.9850008301322636,1
2.180789283128168,-0.6275290378336514,1.5573971222655245,1.9323542126977244,0.3612465236498752,-0.22593003782278262,-0.9661825577012484,1
2.190792903692976,-0.6117618311897264,1.5767206643925018,1.878831965706556,0.3588906050158772,-0.2355918633997951,-0.947093249865624,1
2.2007965242577843,-0.5958067413492307,1.5955089840495673,1.8247584042946714,0.35643997705689273,-0.24506279589845134,-0.9277404388162782,1
2.210800144822592,-0.5796691756683056,1.613756568092514,1.7701527884404404,0.3538965750540266,-0.25434020028661414,-0.9081317306936707,1
2.2208037653874,-0.5633545947085363,1.6314580959769185,1.7150345248083163,0.3512623598780911,-0.26342151759355087,-0.8882748028272723,1
2.2308073859522084,-0.5468685102962864,1.6486084412250017,1.6594231598657316,0.34853931722187287,-0.2723042656218236,-0.8681774009559768,1
2.2408110065170166,-0.5302164835680497,1.665202672823659,1.6033383729649764,0.34572945682555906,-0.28098603963138336,-0.8478473364304704,1
2.250814627081825,-0.5134041230025167,1.6812360565533089,1.5467999693924903,0.34283481169560215,-0.28946451299568804,-0.82729248339855,1
2.260818247646633,-0.49643708244004436,1.6967040562472337,1.4898278733879917,0.3398574373173054,-0.29773743782967355,-0.8065207759743823,1
2.2708218682114407,-0.4793210590902332,1.7116023349811136,1.432442121135888,0.33679941086141124,-0.3058026455894174,-0.7855402053927028,1
2.280825488776249,-0.4620617915283085,1.7259267561924725,1.3746628537314087,0.3336628303849778,-0.31365804764334443,-0.7643588171489518,1
2.290829109341057,-0.44466505768101067,1.7396733847297865,1.316510310123904,0.33044981402682944,-0.32130163581483395,-0.7429847081263568,1
2.3008327299058653,-0.4271366728027004,1.7528384878310255,1.2580048200397647,0.32716249919786844,-0.3287314828960975,-0.7214260237109591,1
2.3108363504706735,-0.4094824874423862,1.7654185360314232,1.1991667968874102,0.32380304176653635,-0.3359457431332071,-0.6996909548956018,1
2.3208399710354812,-0.39170838540238323,1.7774102040002973,1.140016730646805,0.3203736152397147,-0.3429426526821631,-0.6777877353738816,1
2.3308435916002894,-0.3738202816893156,1.7888103713067653,1.0805751807459494,0.3168764099393557,-0.3497205300359019,-0.655724638625081,1
2.3408472121650976,-0.35582412045817335,1.799616123114225,1.0208627689268093,0.31331363217513414,-0.35627777642215275,-0.6335099749910923,1
2.350850832729906,-0.33772587295013845,1.809824750803493,0.9609001721031302,0.3096875034134135,-0.36261287617206367,-0.6111520887463455,1
2.360854453294714,-0.3195315354248932,1.8194337525245243,0.9007081152125931,0.3060002594428182,-0.36872439705952714,-0.5886593551617588,1
2.3708580738595217,-0.30124712708812673,1.8284408336766502,0.840307364065757,0.30225414953670676,-0.3746109906111447,-0.566040177563719,1
2.38086169442433,-0.28287868801495364,1.8368439073173077,0.7797187181942382,0.29845143561283893,-0.3802713923867819,-0.5433029843891144,1
2.390865314989138,-0.26443227706996114,1.8446410944992502,0.7189630037005657,0.29459439139053223,-0.3857044222306731,-0.5204562262374262,1
2.4008689355539463,-0.2459139698245986,1.8518307245362557,0.6580610661121464,0.29068530154560174,-0.39090898449304734,-0.4975083729208956,1
2.4108725561187545,-0.22732985647262482,1.8584113351973772,0.5970337632417781,0.28672646086337916,-0.3958840682222563,-0.47446791051377835,1
2.4208761766835627,-0.20868603974432687,1.864381672829795,0.5359019580571268,0.28272017339010524,-0.40062874732739406,-0.4513433384016927,1
2.4308797972483704,-0.1899886328202232,1.8697406924103663,0.4746865115615875,0.27866875158299115,-0.405142180711411,-0.4281431663320733,1
2.4408834178131786,-0.17124375724496338,1.8744875575259823,0.4134082756889375,0.27457451545924383,-0.40942361237473174,-0.404875911466734,1
2.450887038377987,-0.15245754084213467,1.8786216402828717,0.35208808621417953,0.27043979174434984,-0.4134723714893991,-0.38155009543754465,1
2.460890658942795,-0.13363611563068453,1.8821425211450136,0.290746755682963,0.2662669130199121,-0.4172878724437745,-0.35817424140621923,1
2.470894279507603,-0.1147856157436661,1.8850499887018433,0.2294050663619633,0.26205821687133374,-0.4208696148578367,-0.33475687112921615,1
2.480897900072411,-0.09591217535001147,1.8873440393654628,0.16808376321258425,0.2578160450356424,-0.42421718356912885,-0.311306502028741,1
2.490901520637219,-0.07702192658003558,1.8890248769975886,0.1068035468903373,0.2535427425497483,-0.42733024858941626,-0.28783164427084224,1
2.5009051412020273,-0.05812099745537066,1.890092912466492,0.04558506677224056,0.24924065689942704,-0.4302085650321247,-0.2643407978515852,1
2.5109087617668355,-0.039215509824028515,1.8905487631342144,-0.015551085985436697,0.24491213716932064,-0.43285197301064054,-0.24084244969228508,1
2.5209123823316437,-0.020311577301284914,1.89039325227436,-0.07658438535677231,0.240559533194245,-0.4352603975075634,-0.21734507074477358,1
2.530916002896452,-0.0014153032170769915,1.8896274084207922,-0.13749437732083256,0.2361851947120949,-0.43743384821501113,-0.1938571131076708,1
2.5409196234612597,0.017467221429398848,1.888252464647584,-0.19826068669907934,0.23179147051863402,-0.43937241934608784,-0.17038700715462637,1
2.550923244026068,0.03632992000720478,1.8862698577805932,-0.2588630239532753,0.2273807076244577,-0.4410762894176341,-0.14694315867548952,1
2.560926864590876,0.055166732282615386,1.8836812275410604,-0.3192811919416445,0.2229552504144138,-0.442545721004389,-0.1235339460313595,1
2.5709304851556842,0.07397161643883182,1.880488415621644,-0.37949509263105746,0.2185174398097668,-0.4437810604647026,-0.1001677173244647,1
2.5809341057204924,0.09273855108578516,1.8766934646953333,-0.43948473376303476,0.21406961243338732,-0.44478273763794723,-0.07685278758380742,1
2.5909377262853,0.1114615372593622,1.872298617357703,-0.4992302354713778,0.20961409977824946,-0.4455512655137853,-0.05359743596750873,1
2.6009413468501084,0.1301346004093921,1.8673063150029892,-0.5587118368492593,0.20515322737951486,-0.4460872398734604,-0.030409902982776724,1
2.6109449674149166,0.14875179237573705,1.8617191966344966,-0.6179099024636284,0.20068931399048198,-0.44639133890328814,-0.007298387724416121,1
2.6209485879797247,0.16730719335183564,1.8555400976098604,-0.6768049288148023,0.19622467076267666,-0.4464643227805323,0.015728954867212208,1
2.630952208544533,0.18579491383505276,1.8487720483217123,-0.7353775507391427,0.19176160043035806,-0.44630703323186016,0.038664016727880716,1
2.640955829109341,0.20420909656319597,1.841418272814321,-0.7936085477527399,0.18730239649971225,-0.44592039306458137,0.06149873936994185,1
2.650959449674149,0.2225439184365639,1.8334821873367935,-0.8514788503340469,0.18284934244300344,-0.44530540567088195,0.08422511656064866,1
2.660963070238957,0.24079359242489842,1.824967398833453,-0.9089695461434353,0.17840471089795068,-0.44446315450527546,0.10683519697747529,1
2.6709666908037653,0.2589523694586186,1.8158777033720186,-0.9660618861776639,0.17397076287259566,-0.44339480253550073,0.12932108683957302,1
2.6809703113685734,0.277014540303721,1.8062170845102419,-1.022737290857287,0.16954974695592462,-0.442101591667105,0.1516749525145069,1
2.6909739319333816,0.2949744374197377,1.795989711601669,-1.078977356045042,0.165143898534505,-0.4405848421419599,0.17388902309942872,1
2.7009775524981894,0.31282643680014993,1.7851999380412185,-1.1347638589932982,0.16075543901539535,-0.43884595191096565,0.19595559297585113,1
2.7109811730629976,0.33056495979466277,1.7738522994512855,-1.190078764218662,0.1563865750555833,-0.43688639598120715,0.2178670243372002,1
2.7209847936278058,0.3481844749127538,1.761951511809099,-1.2449042293018764,0.15203949779820494,-0.43470772573783517,0.23961574968833235,1
2.730988414192614,0.36567949960791457,1.7495024695160801,-1.2992226106111642,0.14771638211579544,-0.43231156824095185,0.26119427431621434,1
2.740992034757422,0.38304460204201424,1.7365102434099684,-1.3530164689472188,0.14341938586081754,-0.42969962549778973,0.28259517873097567,1
2.7509956553222303,0.4002744028292192,1.7229800787204963,-1.4062685751080441,0.13915064912371275,-0.42687367371047996,0.30381112107655445,1
2.760999275887038,0.4173635767589134,1.708917392969416,-1.4589619153719078,0.1349122934987156,-0.42383556249971444,0.3248348395101692,1
2.7710028964518463,0.43430685449707035,1.6943277738156968,-1.511079696896681,0.1307064213576695,-0.42058721410461275,0.3456591545498622,1
2.7810065170166545,0.45109902426553766,1.67921697684673,-1.5626053530338806,0.12653511513207835,-0.41713062255911415,0.36627697138937076,1
2.7910101375814627,0.4677349334987016,1.6635909233163912,-1.613522548555757,0.12240043660362615,-0.4134678528452204,0.3866812821795975,1
2.801013758146271,0.48420949047700995,1.6474556978308337,-1.6638151847938047,0.1183044262033919,-0.40960104002342446,0.4068651682759605,1
2.8110173787110786,0.5005176659368389,1.6308175459828955,-1.7134674046871106,0.11424910231998525,-0.40553238834066485,0.4268218024509201,1
2.821020999275887,0.5166544946561992,1.6136828719360243,-1.7624635977389786,0.1102364606168237,-0.40126417031615563,0.44654445107099106,1
2.831024619840695,0.5326150770157855,1.5960582359586346,-1.8107884048803142,0.10626847335876924,-0.39679872580544573,0.4660264762375608,1
2.841028240405503,0.5483945805348838,1.5779503519098315,-1.8584267232382792,0.10234708874833853,-0.3921384610430701,0.48526133789085224,1
2.8510318609703114,0.5639882413816583,1.5593660846774486,-1.9053637108087675,0.09847423027169691,-0.3872858476641616,0.5042425958763775,1
2.861035481535119,0.5793913658573518,1.540312447569361,-1.951584791031285,0.09465179605464294,-0.3822434217053978,0.5229639119732488,1
2.8710391020999273,0.5945993318539423,1.5207965996590482,-1.9970756572648503,0.09088165822878629,-0.3770137825856653,0.5414190518837226,1
2.8810427226647355,0.6096075902848063,1.5008258430863997,-2.041822277163581,0.08716566230811801,-0.3715995920668281,0.5596018871833711,1
2.8910463432295437,0.6244116664879539,1.4804076203147638,-2.0858108969506466,0.08350562657616806,-0.3660035731949944,0.5775063972312852,1
2.901049963794352,0.6390071616014065,1.4595495113452572,-2.1290280455893296,0.07990334148394124,-0.3602285092226815,0.5951266710397334,1
2.91105358435916,0.6533897539103001,1.438259230889364,-2.1714605388499546,0.0763605690588184,-0.3542772425122842,0.6124569091027101,1
2.921057204923968,0.6675552001653087,1.4165446255008645,-2.213095483271493,0.07287904232460582,-0.3481526734212571,0.6294914251828285,1
2.931060825488776,0.6814993368719902,1.3944136706681496,-2.253920280016689,0.06946046473291154,-0.34185775916942884,0.6462246480560214,1
2.941064446053584,0.69521808155067,1.3718744678679826,-2.2939226286195837,0.06610650960602285,-0.33539551268886864,0.662651123213534,1
2.9510680666183924,0.7087074339664878,1.3489352415817868,-2.333090530624365,0.06281881959145552,-0.32876900145673327,0.6787655145207057,1
2.9610716871832006,0.7219634773292433,1.3256043362755432,-2.3714122931144983,0.05959900612834026,-0.3219813463115262,0.6945626058320556,1
2.9710753077480083,0.7349823794626873,1.3018902133443981,-2.408876532131133,0.0564486489258082,-0.31503572025320564,0.7100373025621997,1
2.9810789283128165,0.7477603939429182,1.2778014480230868,-2.4454721759798392,0.05336929545353236,-0.30793534722758364,0.7251846332121441,1
2.9910825488776247,0.7602938612055511,1.2533467262632885,-2.481188468424733,0.05036246044457774,-0.3006835008954622,0.7399997508505196,1
3.001086169442433,0.7725792096213415,1.2285348415790411,-2.5160149717691245,0.04742962541070817,-0.293283503386957,0.7544779345493291,1
3.011089790007241,0.784612956539955,1.20337469186135,-2.5499415698218413,0.044572238170293536,-0.2857387240414637,0.7686145907738078,1
3.0210934105720493,0.7963917093015863,1.1778752761631315,-2.582958470748429,0.04179171238895628,-0.27805257813372564,0.7824052547260025,1
3.031097031136857,0.8079121662161428,1.1520456914556472,-2.6150562098064665,0.039089427133091624,-0.2702285255864656,0.7958455916416978,1
3.041100651701665,0.8191711175097186,1.1258951293575825,-2.646225651964281,0.036466726436391136,-0.2622700696700486,0.8089313980403323,1
3.0511042722664734,0.830165446238098,1.0994328728379397,-2.676457994402387,0.033924918879494684,-0.2541807556896453,0.8216586029275679,1
3.0611078928312816,0.8408921291670372,1.0726682928939157,-2.7057447688970035,0.03146527718289099,-0.24596416966036963,0.8340232689501832,1
3.07111151339609,0.8513482376190866,1.0456108452049457,-2.734077844085067,0.029089037813182308,-0.2376239369708678,0.8460215935029911,1
3.0811151339608975,0.8615309382867276,1.0182700667640951,-2.7614494276101778,0.02679740060282393,-0.2291637210358379,0.8576499097874873,1
3.0911187545257057,0.8714374940116075,0.9906555724879934,-2.787852068148977,0.0245915283834443,-0.22058722193796304,0.8689046878219596,1
3.101122375090514,0.8810652645296726,0.9627770518065036,-2.813278657317472,0.022472546632846865,-0.21189817505974345,0.8797825354028002,1
3.111125995655322,0.8904117071820059,0.9346442652333289,-2.8377224314568936,0.02044154313578971,-0.20310034970571544,0.8902801990167877,1
3.1211296162201303,0.8994743775911935,0.90626704091876,-2.8611769732986985,0.018499567658634232,-0.19419754771554756,0.900394564704114,1
3.1311332367849385,0.9082509303030513,0.877655271185773,-2.8836362135083595,0.01664763163794917,-0.18519360206850644,0.9101226588719528,1
3.1411368573497462,0.9167391193935581,0.8488189090506895,-2.9050944321076613,0.0148867078831513,-0.1760923754797869,0.9194616490583856,1
3.1511404779145544,0.9249367990408542,0.8197679647296129,-2.925546259775226,0.01321773029325927,-0.16689775898920303,0.9284088446465153,1
3.1611440984793626,0.9328419240621728,0.7905125021318606,-2.944986679025059,0.011641593587831891,-0.1576136705427379,0.9369616975286147,1
3.171147719044171,0.940452550415589,0.76106263534161,-2.963411025262931,0.010159153052157375,-0.14824405356745174,0.9451178027201768,1
3.181151339608979,0.9477668356664788,0.7314285250889807,-2.9808149877204775,0.008771224296754875,-0.13879287554024997,0.9528748989237489,1
3.1911549601737867,0.9547830394185965,0.7016203752117759,-2.9971946102669,0.00747858303124475,-0.12926412655101246,0.960230869042453,1
3.201158580738595,0.9614995237096876,0.6716484291091069,-3.0125462920982455,0.006281964852638871,-0.11966181786058794,0.9671837406431075,1
3.211162201303403,0.9679147533715688,0.6415229661881244,-3.026866788304234,0.005182065048097303,-0.10998998045415687,0.9737316863688873,1
3.2211658218682113,0.9740272963546197,0.611254298305082,-3.040153210312683,0.004179538412192623,-0.100252663590468,0.9798730243014738,1
3.2311694424330195,0.9798358240166393,0.5808527662019553,-3.0524030262115907,0.0032749990787180904,-0.09045393334745326,0.9856062182726665,1
3.2411730629978277,0.9853391113760377,0.5503287359398393,-3.06361406094901,0.0024690203670708244,-0.0805978711647266,0.9909298781254395,1
3.2511766835626354,0.9905360373293411,0.5196925953303493,-3.073784496410857,0.0017621346432361022,-0.0706885723834722,0.9958427599244523,1
3.2611803041274436,0.9954255848330036,0.4889547503662407,-3.082912871376865,0.0011548331953938253,-0.06073014478422768,1.0003437661160326,1
3.271183924692252,1.0000068410495282,0.45812562165247206,-3.0909980813549156,0.0006475661241631518,-0.05072670712306736,1.0044319456376718,1
3.28118754525706,1.0042789974579174,0.4272156408389229,-3.0980393782940405,0.0002407422474962454,-0.04068238766669064,1.0081064939770903,1
3.291191165821868,1.0082413499284772,0.39623524705598245,-3.1040363701764013,-6.527097977295198e-05,-0.03060132272691974,1.0113667531809423,1
3.301194786386676,1.0118932987620195,0.36519488335421846,-3.108989020488626,-0.0002701475317240552,-0.020487655195110317,1.0142122118132546,1
3.311198406951484,1.015234348693513,0.3341049931493322,-3.1128976475728987,-0.00037360286249383287,-0.01034553307697777,1.0166425048637047,1
3.3212020275162923,1.0182641088602489,0.3029760166736032,-3.1157629238582447,-0.0003753939427772401,-0.00017910802834072287,1.0186574136058602,1
3.3312056480811005,1.020982292734599,0.27181838743502074,-3.1175858749725016,-0.0002753192817000613,0.01000746610771788,1.0202568654055273,1
3.3412092686459087,1.023388718021452,0.24064252868529573,-3.118367878735498,-7.321893408232974e-05,0.020210034761773153,1.021440933479357,1
3.3512128892107165,1.0254833065204314,0.20945884989794075,-3.118110664033999,0.00023102550688333746,0.030424444096566722,1.0222098366038914,1
3.3612165097755247,1.0272660839530074,0.17827774325760076,-3.1168163095790327,0.0006374909315093938,0.040646542462605635,1.0225639387752374,1
3.371220130340333,1.0287371797546256,0.14710958016181044,-3.114487242546226,0.0011462127500129738,0.05087218185035801,1.0225037488195767,1
3.381223750905141,1.029896826831989,0.11596470773634818,-3.111126237099838,0.0017571849433985116,0.061097219338553777,1.0220299199547351,1
3.3912273714699492,1.0307453612856425,0.08485344536534979,-3.106736412801218,0.002470360128779523,0.07131751853810113,1.021143249303053,1
3.4012309920347574,1.031283222098016,0.053786081237337614,-3.101321232902424,0.0032856496390908396,0.08152895103113166,1.0198446773558119,1
3.411234612599565,1.031510950787099,0.022772868908313374,-3.0948845025258223,0.0042029236171377375,0.09172739780468978,1.0181352873894922,1
3.4212382331643734,1.0314291910259294,-0.008175976116944848,-3.0874303667304757,0.005222011123923584,0.1019087506785847,1.0160163048341473,1
3.4312418537291816,1.0310386882280869,-0.0390502797842496,-3.078963308466218,0.006342700261192847,0.11206891372692616,1.0134890965942014,1
3.4412454742939897,1.0303402890993978,-0.06983991286891178,-3.0694881464162895,0.007564738308121528,0.12220380469286818,1.0105551703219895,1
3.451249094858798,1.029334941156067,-0.10053479433307468,-3.0590100327295042,0.008887831872082409,0.13230935639608807,1.0072161736443759,1
3.4612527154236057,1.0280236922094634,-0.13112489466036972,-3.0475344506429085,0.010311647053407726,0.14238151813253183,1.0034738933428025,1
3.471256335988414,1.0264076898177954,-0.1616002391667988,-3.035067211995959,0.011835809624067325,0.15241625706595985,0.9993302544871321,1
3.481259956553222,1.0244881807049278,-0.1919509112867584,-3.0216144546372563,0.013459905220175636,0.16240955961083117,0.9947873195236691,1
3.4912635771180303,1.0222665101465964,-0.22216705583313096,-3.0071826397249266,0.015183479548236314,0.17235743280606786,0.9898472873177533,1
3.5012671976828385,1.0197441213242926,-0.2522388822303802,-2.991778548921773,0.017006038605028768,0.18225590567924538,0.9845124921513393,1
3.5112708182476466,1.0169225546470966,-0.28215666771959796,-2.9754092814863338,0.018927048911036356,0.19210103060075878,0.9787854026759844,1
3.5212744388124544,1.013803447041752,-0.3119107605344613,-2.958082251261052,0.02094593775731154,0.20188888462751864,0.9726686208216886,1
3.5312780593772626,1.0103885312112812,-0.34149158304707183,-2.9398051835587604,0.023062093465668898,0.2116155708357355,0.9661648806620388,1
3.5412816799420708,1.0066796348624547,-0.3708896348826594,-2.9205861119487397,0.025274865662092458,0.2212772196423559,0.9592770472361266,1
3.551285300506879,1.0026786799024332,-0.40009549600214683,-2.900433374943631,0.02758356556323963,0.23086999011471715,0.9520081153277219,1
3.561288921071687,0.9983876816049174,-0.4290998297515831,-2.8793556125885162,0.029987466275919573,0.24039007126799436,0.9443612082021985,1
3.571292541636495,0.9938087477461427,-0.4578933858774683,-2.8573617629535146,0.03248580310941974,0.24983368335001635,0.9363395763017214,1
3.581296162201303,0.9889440777110726,-0.48646700350700345,-2.834461058531267,0.03507777390055007,0.2591970791130336,0.9279465958992191,1
3.5912997827661113,0.9837959615701495,-0.5148116140923161,-2.810663022540715,0.03776253935127033,0.2684765450720258,0.9191857677116765,1
3.6013034033309195,0.9783667791269722,-0.5429182443177233,-2.78597746513861,0.04053922337876176,0.27766840274914256,0.9100607154732963,1
3.6113070238957277,0.9726589989372811,-0.5707780189691094,-2.760414479540221,0.04340691347780051,0.28676900990387555,0.900575184469093,1
3.621310644460536,0.966675177299636,-0.5983821637645116,-2.7339844380507197,0.046364661095286176,0.2957747617485665,0.8907330400294933,1
3.6313142650253436,0.9604179572181859,-0.6257220081450188,-2.706697988008779,0.04941148201677479,0.30468209214886144,0.880538265986525,1
3.641317885590152,0.9538900673379348,-0.6527889880251065,-2.678566047643921,0.05254635676486206,0.3134874748087267,0.8699949630922,1
3.65132150615496,0.9470943208529193,-0.6795746485015457,-2.6495998018491904,0.05576823100925855,0.3221874244396487,0.859107347399696,1
3.661325126719768,0.9400336143877189,-0.7060706465200376,-2.6198106978707543,0.059076015988395,0.33077849791364566,0.8478797486079594,1
3.6713287472845764,0.9327109268527315,-0.7322687534987451,-2.5892104409160535,0.06246858894239225,0.33925729539972527,0.8363166083703667,1
3.681332367849384,0.9251293182736524,-0.7581608579079057,-2.5578109896821495,0.06594479355722654,0.34762046148342896,0.8244224785680829,1
3.6913359884141923,0.9172919285956052,-0.7837389678047272,-2.5256245518059526,0.06950344041991764,0.3558646862691098,0.8122020195487766,1
3.7013396089790005,0.9092019764623773,-0.8089952133227867,-2.4926635792380107,0.07314330748456362,0.3639867064645975,0.7996599983313539,1
3.7113432295438087,0.9008627579712256,-0.8339218491151668,-2.4589407635416007,0.07686314054904272,0.37198330644791106,0.7868012867773918,1
3.721346850108617,0.8922776454037198,-0.8585112567505828,-2.4244690311188433,0.08066165374219958,0.379851319315685,0.7736308597299517,1
3.731350470673425,0.883450085933102,-0.8827559470617713,-2.3892615383656226,0.08453753002132942,0.3875876279129845,0.7601537931204742,1
3.741354091238233,0.8743836003086478,-0.9066485624454276,-2.3533316667570867,0.08848942167977132,0.3951891658441892,0.7463752620444575,1
3.751357711803041,0.8650817815175178,-0.9301818791129984,-2.316693017865536,0.09251595086441766,0.4026529184646338,0.7323005388066368,1
3.761361332367849,0.8555482934246013,-0.9533488092916538,-2.279359408312528,0.09661571010294466,0.40997592385270015,0.7179349909363866,1
3.7713649529326574,0.8457868693908535,-0.9761424033747791,-2.241344864657039,0.1007872628405653,0.417155273762064,0.7032840791740818,1
3.7813685734974656,0.8358013108706399,-0.9985558520213494,-2.202663618221546,0.10502914398610334,0.42418811455380484,0.6883533554291561,1
3.7913721940622733,0.8255954859886042,-1.020582488203565,-2.163330099857915,0.1093398604671843,0.4310716481080964,0.6731484607106102,1
3.8013758146270815,0.8151733280965828,-1.0422157892021442,-2.1233589346549833,0.11371789179433633,0.4378031327152025,0.6576751230307263,1
3.8113794351918897,0.8045388343110959,-1.063449378548694,-2.0827649365897574,0.11816169063379144,0.44437988394550976,0.6419391552827535,1
3.821383055756698,0.7936960640319499,-1.0842770279145917,-2.0415631031241563,0.1226696833887748,0.4507992754983373,0.6259464530933414,1
3.831386676321506,0.7826491374424915,-1.1046926589458332,-1.9997686097492404,0.12724027078906752,0.4570587400292707,0.609702992650497,1
3.8413902968863143,0.7714022339920583,-1.1246903450433257,-1.9573968044788845,0.13187182848862528,0.4631557699557757,0.5932148285078555,1
3.851393917451122,0.7599595908611771,-1.1442643130881145,-1.9144632022948747,0.13656270767103382,0.4690879182408542,0.5764880913660578,1
3.86139753801593,0.7483255014100665,-1.1634089451110632,-1.870983479545408,0.14131123566257897,0.4748527991545148,0.559528985832036,1
3.8714011585807384,0.7365043136110013,-1.1821187799065174,-1.8269734682989933,0.14611571655270733,0.48044808901283514,0.5423437881570106,1
3.8814047791455466,0.7245004284651062,-1.2003885145895072,-1.7824491506557658,0.15097443182165138,0.48587152689440527,0.5249388439540144,1
3.891408399710355,0.7123182984041455,-1.218213006096065,-1.7374266530182327,0.15588564097499083,0.4911209153339454,0.5073205658957601,1
3.9014120202751625,0.699962425677883,-1.2355872726262473,-1.6919222403234797,0.16084758218491985,0.496194120992903,0.4894954313936728,1
3.9114156408399707,0.6874373607275882,-1.2525064950294822,-1.6459523102388798,0.16585847293798825,0.5010890753068398,0.47146998025891595,1
3.921419261404779,0.6747477005462695,-1.268966018131871,-1.599533387323352,0.17091651068908253,0.505803775109429,0.4532508123462441,1
3.931422881969587,0.6618980870262184,-1.2849613520051044,-1.552682117156223,0.17601987352141144,0.5103362832328914,0.4348445851815178,1
3.9414265025343953,0.6488932052944518,-1.3004881731766667,-1.5054152604357636,0.1811667208122585,0.5146847290847065,0.41625801157372266,1
3.951430123099203,0.6357377820366416,-1.3155423257810244,-1.457749687049457,0.18635519390426294,0.5188473092004438,0.39749785721233427,1
3.9614337436640112,0.6224365838101263,-1.330119822651519,-1.4097023701180866,0.19158341678198862,0.5228222877725671,0.37857093825088095,1
3.9714373642288194,0.6089944153465994,-1.3442168463526998,-1.3612903800157188,0.19684949675353938,0.5266079971550759,0.35948411887755244,1
3.9814409847936276,0.5954161178450708,-1.357829750152857,-1.312530878367663,0.2021515251369779,0.5302028383438514,0.3402443088737077,1
3.991444605358436,0.5817065672557055,-1.3709550589365336,-1.2634411120285058,0.2074875779513038,0.5336052814325885,0.3208584611611428,1
4.001448225923244,0.5678706725551372,-1.3835894700568185,-1.2140384070423023,0.2128557166117458,0.5368138660441999,0.30133356933897143,1
4.011451846488052,0.5539133740138649,-1.3957298541272416,-1.1643401625870244,0.21825398862912168,0.5398272017375896,0.2816766652109842,1
4.02145546705286,0.5398396414563338,-1.4073732557531118,-1.1143638449053603,0.22368042831301868,0.5426439683896994,0.26189481630434513,1
4.031459087617669,0.5256544725143122,-1.4185168942021653,-1.0641269812239573,0.22913305747854612,0.5452629165527428,0.24199512338049178,1
4.041462708182476,0.5113628908741681,-1.4291581640144049,-1.0136471536632117,0.2346098861564116,0.5476828677865477,0.2219847179391017,1
4.051466328747284,0.4969699445186577,-1.439294635551037,-0.9629419931396948,0.24010891330607098,0.5499027149659388,0.20187075971599286,1
4.061469949312093,0.48248070396383336,-1.4489240554824339,-0.9120291732633113,0.24562812753170196,0.5519214225630987,0.1816604341758215,1
4.0714735698769005,0.4679002604916827,-1.458044347215067,-0.8609264042312843,0.25116550780075053,0.553738026904857,0.16136095000044648,1
4.081477190441709,0.4532337243791089,-1.4666536112573798,-0.8096514267210515,0.25671902416479914,0.5553516364048614,0.14097953657382364,1
4.091480811006517,0.438486223123863,-1.4747501255245903,-0.7582220057841658,0.2622866384825051,0.5567614317705997,0.12052344146429791,1
4.101484431571325,0.42366289966803866,-1.482332345582432,-0.7066559247432721,0.26786630514435755,0.5579666661852426,0.09999992790515685,1
4.111488052136133,0.40876891061974,-1.4893989048298648,-0.6549709790942466,0.2734559717990005,0.5589666654642942,0.07941627227431011,1
4.121491672700941,0.39380942447353195,-1.4959486146208072,-0.6031849704155635,0.2790535800808709,0.5597608281870373,0.05877976157395733,1
4.13149529326575,0.3787896198302823,-1.5019804643249628,-0.5513157002869558,0.28465706633889865,0.5603486258027769,0.03809769091110597,1
4.141498913830557,0.363714683617004,-1.5074936213278323,-0.49938096421942796,0.29026436236601755,0.560729602711888,0.01737736097979764,1
4.151502534395365,0.3485898093073037,-1.5124874309700265,-0.4473985455986714,0.2958733961292344,0.560903376321686,-0.0033739244540993,1
4.161506154960174,0.33342019514304355,-1.5169614164260132,-0.3953862096439221,0.30148209250000585,0.560869637077145,-0.0241488610646768,1
4.1715097755249815,0.31821104235781905,-1.5209152785224525,-0.34336169738429584,0.3070883739846708,0.5606281484664982,-0.044940146473501585,1
4.18151339608979,0.3029675534028561,-1.5243488954962954,-0.2913427196546207,0.3126901614546884,0.5601787470017632,-0.06574048275200867,1
4.191517016654598,0.2876949301759277,-1.5272623226928417,-0.23934695111278387,0.3182853748764308,0.5595213421742431,-0.08654257891792747,1
4.201520637219406,0.27239837225388797,-1.5296557922039695,-0.1873920242805885,0.3238719340402815,0.5586559163850638,-0.10733915342489989,1
4.211524257784214,0.2570830751294202,-1.5315297124467755,-0.13549552361011585,0.3294477592887896,0.5575825248508148,-0.1281229366444509,1
4.221527878349022,0.24175422845259142,-1.5328846676828767,-0.08367497957756564,0.3350107722436333,0.5563012954843704,-0.14888667333947891,1
4.231531498913831,0.2264170142778049,-1.5337214174786524,-0.03194786280654108,0.3405588965311431,0.5548124287509756,-0.16962312512843575,1
4.241535119478638,0.21107660531673772,-1.5340408961067178,0.019668421777270406,0.34609005850614,0.5531161974996912,-0.1903250729393714,1
4.251538740043446,0.19573816319784826,-1.533844211888945,0.0711565407580872,0.35160218797384296,0.5512129467702975,-0.21098531945302446,1
4.261542360608255,0.18040683673303462,-1.5331326464813642,0.12249923800676962,0.3570932189096006,0.5491030935757673,-0.23159669153414272,1
4.2715459811730625,0.16508776019202165,-1.5319076541012964,0.17367934042039923,0.36256109017620486,0.5467871266604258,-0.2521520426502258,1
4.281549601737871,0.14978605158505073,-1.5301708606970923,0.22467976362281036,0.3680037462385441,0.5442656062339236,-0.27264425527688574,1
4.291553222302679,0.13450681095444209,-1.5279240630608641,0.2754835176242022,0.37341913787535563,0.5415391636811547,-0.293066243289029,1
4.3015568428674875,0.11925511867559586,-1.525169227884622,0.3260737124379751,0.3788052228878383,0.5386085012482644,-0.3134109543370689,1
4.311560463432295,0.10403603376799345,-1.5219084907602423,0.3764335636529553,0.38415996680488723,0.5354743917048937,-0.33367137220738313,1
4.321564083997103,0.08885459221675632,-1.5181441551237127,0.4265463979591891,0.3894813435847154,0.53213767798282,-0.35384051916624115,1
4.331567704561912,0.0737158053053151,-1.5138786911441209,0.47639565862550587,0.394767336312627,0.5285992727911576,-0.37391145828642763,1
4.341571325126719,0.05862465795973645,-1.5091147345578657,0.5259649109270739,0.40001593789470996,0.5248601582082933,-0.3938772957558029,1
4.351574945691528,0.043586107105250495,-1.503855085448595,0.5752378475211848,0.4052251517472173,0.5209213852507353,-0.41373118316704033,1
4.361578566256336,0.028605080035516664,-1.4981027069733832,0.6241982937695346,0.4103929924814079,0.5167840734190648,-0.43346631978779776,1
4.3715821868211435,0.013686472795159785,-1.4918607240356878,0.6728302130052781,0.4155174865836198,0.5124494102211868,-0.4530759548105787,1
4.381585807385952,-0.0011648514238965652,-1.485132421905635,0.7211177117431673,0.42059667309035065,0.5079186506730811,-0.4725533895815553,1
4.39158942795076,-0.0159440638717786,-1.4779212447882033,0.7690450448310998,0.4256286042581233,0.5031931167772655,-0.4918919798076285,1
4.4015930485155685,-0.03064637181517752,-1.4702307943398922,0.8165966205414262,0.4306113462279152,0.49827419697918923,-0.5110851377410117,1
4.411596669080376,-0.0452670200965223,-1.462064828134478,0.8637570056003955,0.43554297968393296,0.4931633456017791,-0.5301263343406332,1
4.421600289645184,-0.05980129267730704,-1.453427258078474,0.9105109301541326,0.4404216005065167,0.4878620822583728,-0.549009101409661,1
4.431603910209993,-0.07424451416507637,-1.4443221487769327,0.956843292669575,0.4452453204189594,0.4823719912442762,-0.5677270337084633,1
4.4416075307748,-0.08859205132357874,-1.4347537158502368,1.002739164768815,0.4500122676280313,0.47669472090719156,-0.5862737910423292,1
4.451611151339609,-0.10283931456560423,-1.4247263242025487,1.0481837959953215,0.454720587457999,0.47083198299676826,-0.60464310032328,1
4.461614771904417,-0.11698175942803019,-1.4142444862425956,1.093162618510544,0.45936844297793433,0.46478555199353544,-0.6228287576053181,1
4.4716183924692245,-0.1310148880286051,-1.4033128600574902,1.1376612517194225,0.46395401562210914,0.45855726441748224,-0.6408246300924624,1
4.481622013034033,-0.14493425050400804,-1.391936247540296,1.1816655068233581,0.46847550580327474,0.4521490181165576,-0.6586246581189386,1
4.491625633598841,-0.15873544642872867,-1.3801195924720626,1.225161391299227,0.4729311335186284,0.4455627715353682,-0.6762228571008939,1
4.50162925416365,-0.17241412621431937,-1.3678679785590704,1.2681351133030443,0.477319138948272,0.4388005429643593,-0.6936133194590273,1
4.511632874728457,-0.18596599248857976,-1.35518662742604,1.310573085996917,0.48163778304596966,0.431864409769769,-0.7107902165115263,1
4.521636495293266,-0.19938680145424045,-1.3420808965660709,1.3524619317979516,0.48588534812201617,0.4247565076046537,-0.7277478003367219,1
4.531640115858074,-0.21267236422672137,-1.3285562772480914,1.3937884865478114,0.49006013841802903,0.4174790296012865,-0.744480405604879,1
4.541643736422881,-0.2258185481505475,-1.3146183923826134,1.4345398036016466,0.4941604806734814,0.4100342255452377,-0.7609824513785526,1
4.55164735698769,-0.23882127809401346,-1.300272994346597,1.4747031578351557,0.49818472468379593,0.4024244010314522,-0.7772484428809546,1
4.561650977552498,-0.2516765377216959,-1.2855259627682454,1.5142660495685591,0.5021312438498223,0.39465191660264265,-0.7932729732317826,1
4.5716545981173065,-0.2643803707444215,-1.2703833022725597,1.553216208406302,0.5059984357185255,0.3867191868703248,-0.8090507251499796,1
4.581658218682114,-0.27692888214630645,-1.2548511401884967,1.5915415969913325,0.5097847225147137,0.378628679618825,-0.8245764726229027,1
4.591661839246922,-0.28931823938849227,-1.2389357242185834,1.6292304146728331,0.5134885516636397,0.370382914892596,-0.8398450825413916,1
4.601665459811731,-0.30154467358921083,-1.2226434200718552,1.6662711010863152,0.5171083963043115,0.3619844640671821,-0.8548515163002406,1
4.611669080376538,-0.3136044806798208,-1.205980709060992,1.702652339645014,0.5206427557933533,0.3534359489041797,-0.869590831363592,1
4.621672700941347,-0.3254940225364662,-1.1889541856645418,1.7383630609415657,0.5240901561992587,0.34474004059054375,-0.8840581827947793,1
4.631676321506155,-0.33720972808701744,-1.171570555055126,1.773392446058962,0.5274491507868847,0.33589945876259597,-0.8982488247501618,1
4.6416799420709625,-0.3487480943929628,-1.1538366305945364,1.8077299297898313,0.5307183204920356,0.32691697051509433,-0.9121581119365079,1
4.651683562635771,-0.36010568770592916,-1.135759331296638,1.8413652037631079,0.5338962743859929,0.31779538939572927,-0.9257815010314949,1
4.661687183200579,-0.37127914449851923,-1.117345679259007,1.8742882194772061,0.536981650129847,0.3085375743854143,-0.9391145520669077,1
4.6716908037653875,-0.3822651724691616,-1.098602797064235,1.9064891912388262,0.5399731144184945,0.29914642886474524,-0.9521529297741306,1
4.681694424330195,-0.39306055152068003,-1.0795379051518466,1.937958599006574,0.5428693634141646,0.28962489956700394,-0.9648924048915449,1
4.691698044895003,-0.40366213471229784,-1.0601583191617807,1.968687191138595,0.5456691231693455,0.2799759755180885,-0.9773288554334522,1
4.701701665459812,-0.4140668491848018,-1.0404714472503949,1.9986659870434673,0.548371150038983,0.270202686963754,-0.9894582679201602,1
4.711705286024619,-0.4242716970586014,-1.0204847873799603,2.027886279733625,0.5509742310818285,0.26030810428455237,-1.0012767385688852,1
4.721708906589428,-0.43427375630442766,-1.000205924582624,2.056339638280625,0.5534771844508172,0.2502953368988635,-1.0127804744451312,1
4.731712527154236,-0.44407018158642586,-0.9796425281998178,2.0840179101716023,0.5558788597723613,0.2401675321544122,-1.0239657945742284,1
4.7417161477190435,-0.4536582050774069,-0.9588023490981018,2.110913223566289,0.558178138514448,0.22992787420866992,-1.034829131012722,1
4.751719768283852,-0.4630351372460313,-0.9376932168624389,2.137017989454015,0.5603739343434334,0.2195795828985427,-1.045367029879319,1
4.76172338884866,-0.47219836761571027,-0.9163230369678987,2.1623249037101413,0.5624651934694309,0.20912591259974952,-1.0555761523451161,1
4.7717270094134685,-0.48114536549501824,-0.8946997879307973,2.186826949051408,0.5644508949801939,0.19857015107629836,-1.0654532755828419,1
4.781730629978276,-0.48987368067942105,-0.8728315184402832,2.2105173968897187,0.5663300511633985,0.18791561832046993,-1.0749952936748666,1
4.791734250543085,-0.4983809441241349,-0.850726344471386,2.233389809083918,0.5681017078172357,0.17716566538372128,-1.0841992184797427,1
4.801737871107893,-0.5066648685879404,-0.8283924463805468,2.2554380395891553,0.5697649445492249,0.16632367319892385,-1.0930621804570577,1
4.8117414916727,-0.5147232492477869,-0.8058380659846552,2.2766562360034603,0.5713188750631684,0.15539305139435328,-1.1015814294503905,1
4.821745112237509,-0.5225539642840331,-0.7830715036246206,2.29703884101119,0.5727626474341668,0.14437723709984937,-1.109754335428185,1
4.831748732802317,-0.5301549754361782,-0.7601011152145087,2.316580593723059,0.5740954443716225,0.13327969374556753,-1.1175783891823574,1
4.841752353367125,-0.5375243285289509,-0.7369353092772781,2.335276530912468,0.57531648347016,0.12210390985374395,-1.1250512029844852,1
4.851755973931933,-0.5446601539686324,-0.7135825439681535,2.353121988147927,0.5764250174483989,0.1108533978238991,-1.1321705111994214,1
4.861759594496741,-0.5515606672094991,-0.6900513240866741,2.3701126008213502,0.577420334375518,0.09953169271190487,-1.1389341708562075,1
4.8717632150615495,-0.5582241691902837,-0.6663501980784606,2.3862443050720943,0.5783017578855514,0.08814235100334279,-1.1453401621761692,1
4.881766835626357,-0.5646490467405612,-0.6424877550277397,2.4015133386065983,0.5790686473793671,0.0766889493815811,-1.1513865890580863,1
4.891770456191166,-0.5708337729569779,-0.6184726216416737,2.4159162414135453,0.5797203982142771,0.06517508349100024,-1.157071679520355,1
4.901774076755974,-0.5767769075492533,-0.5943134592275383,2.4294498563745024,0.580256441881235,0.053604366695796685,-1.162393786100068,1
4.911777697320781,-0.5824770971558912,-0.5700189606637933,2.4421113297700154,0.580676246169583,0.041980428834796,-1.1673513862089537,1
4.92178131788559,-0.5879330756295522,-0.5455978473660932,2.4538981116811853,0.5809793153193101,0.030306914972706468,-1.171943082446133,1
4.931784938450398,-0.593143664292045,-0.5210588662492813,2.464807956286784,0.5811651901607926,0.01858748414824514,-1.1761676028676622,1
4.941788559015206,-0.5981077721589092,-0.4964107866864135,2.4748389220559988,0.5812334482419883,0.0068258081195685175,-1.1800238012128543,1
4.951792179580014,-0.6028243961335678,-0.4716623974658535,2.4839893718369366,0.5811837039430627,-0.004974429892560027,-1.1835106570873746,1
4.961795800144822,-0.6072926211710425,-0.4468225037474841,2.4922579728410525,0.5810156085784284,-0.01680953646343377,-1.1866272761031276,1
4.9717994207096305,-0.6115116204112333,-0.4218999240190736,2.499643696523698,0.5807288504861837,-0.028675809224465047,-1.1893728899749705,1
4.981803041274438,-0.6154806552817716,-0.39690348705383666,2.506145818361024,0.5803231551049416,-0.04056953812421475,-1.1917468565742917,1
4.991806661839247,-0.6191990755704739,-0.37184202887022644,2.511763917523509,0.579798285038042,-0.05248700668995767,-1.19374865993952,1
5.001810282404055,-0.6226663194674239,-0.34672438969499136,2.5164978764464183,0.5791540401051485,-0.06442449328935287,-1.195377910243637,1
5.011813902968863,-0.6258819135767292,-0.3215594109305272,2.520347880297524,0.5783902573812306,-0.07637827239178925,-1.196634343718781,1
5.021817523533671,-0.6288454728980047,-0.29635593212755196,2.5233144163424654,0.5775068112229409,-0.08834461582897706,-1.197517822538048,1
5.031821144098479,-0.631556700777646,-0.2711227879641273,2.525398273208161,0.5765036132823973,-0.10031979405435754,-1.1980283346546077,1
5.041824764663287,-0.6340153888299664,-0.24586880523204568,2.5266005400446967,0.5753806125083882,-0.11230007740090361,-1.1981659935982643,1
5.051828385228095,-0.6362214168282825,-0.22060279983159872,2.5269226055861864,0.5741377951350194,-0.12428173733688626,-1.1979310382296133,1
5.061832005792904,-0.6381747525660398,-0.19533357377573685,2.5263661571110942,0.5727751846578276,-0.1362610477191824,-1.1973238324519493,1
5.071835626357712,-0.6398754516880861,-0.17006991220462592,2.524933179302574,0.5712928417973906,-0.1482342860437019,-1.1963448648811064,1
5.081839246922519,-0.6413236574922021,-0.14482058041160017,2.522625953009392,0.5696908644504655,-0.16019773469251297,-1.1949947484734162,1
5.091842867487328,-0.6425196007010172,-0.11959432088150626,2.519447053908046,0.567969387628693,-0.17214768217724713,-1.1932742201119857,1
5.101846488052136,-0.6434635992044415,-0.0943998503424258,2.515399351066719,0.5661285833849093,-0.184080424378367,-1.1911841401515142,1
5.111850108616944,-0.6441560577727591,-0.06924585683175861,2.5104860054117397,0.5641686607271105,-0.19599226577988213,-1.1887254919218813,1
5.121853729181752,-0.6445974677405355,-0.04414099677764122,2.504710468097254,0.5620898655201194,-0.20787952069910093,-1.1858993811907448,1
5.13185734974656,-0.6447884066615022,-0.019093892096668674,2.4980764787788496,0.5598924803750094,-0.21973851451100837,-1.1827070355854108,1
5.1418609703113685,-0.644729537934591,0.005886872691119822,2.49058806379189,0.5575768245263407,-0.2315655848668625,-1.1791498039742454,1
5.151864590876176,-0.6444216104013006,0.030792753329038722,2.482249534235369,0.5551432536972747,-0.24335708290660493,-1.1752291558079149,1
5.161868211440985,-0.6438654579145867,0.05561524867139242,2.4730654839621096,0.5525921599526279,-0.25510937446468407,-1.1709466804207462,1
5.171871832005793,-0.6430619988794766,0.08034590351101352,2.4630407874761664,0.549923971539939,-0.26681884126889155,-1.1663040862925265,1
5.1818754525706,-0.6420122357656188,0.10497631138577518,2.452180597738322,0.5471391527186208,-0.2784818821318168,-1.1613032002710582,1
5.191879073135409,-0.6407172545919873,0.12949811736315842,2.4404903438806054,0.5442382035772755,-0.29009491413452737,-1.15594596675581,1
5.201882693700217,-0.6391782243839677,0.15390302080196447,2.4279757288307646,0.5412216598392546,-0.3016543738020855,-1.1502344468430137,1
5.211886314265025,-0.6373963966030649,0.1781827780902721,2.4146427268476898,0.5380900926565495,-0.3131567182705156,-1.1441708174325629,1
5.221889934829833,-0.6353731045494774,0.20232920535874901,2.4004975809687834,0.5348441083921011,-0.3245984264448412,-1.1377573702970942,1
5.231893555394641,-0.633109762737793,0.22633418116843684,2.3855468003703146,0.531484348390623,-0.33597600014781215,-1.1309965111136346,1
5.2418971759594495,-0.6306078662460716,0.25018964917214,2.36979715764182,0.5280114887380335,-0.3472859652589485,-1.1238907584582103,1
5.251900796524257,-0.627868990038586,0.2738876207485582,2.353255685975644,0.5244262400095981,-0.35852487284353063,-1.116442742763831,1
5.261904417089066,-0.6248947882625029,0.29742017760831463,2.335929676272732,0.5207293470068864,-0.3696893002711689,-1.1086552052422722,1
5.271908037653874,-0.6216869935187924,0.32077947437104193,2.3178266741658193,0.5169215884836506,-0.3807758523235916,-1.1005309967700838,1
5.281911658218682,-0.6182474161076654,0.3439577411127001,2.298954476961194,0.5130037768607376,-0.39178116229129245,-1.092073076739274,1
5.29191527878349,-0.6145779432488423,0.36694728588231207,2.2793211305002155,0.5089767579301507,-0.4027018930586852,-1.0832845118731245,1
5.301918899348298,-0.6106805382769691,0.38974049718731424,2.258934925941821,0.5048414105483766,-0.4135347381774164,-1.074168475007604,1
5.311922519913106,-0.6065572398125018,0.41232984644673243,2.2378043964672605,0.5005986463191017,-0.42427642292749246,-1.0647282438388541,1
5.321926140477914,-0.6022101609083877,0.434707890411405,2.215938313908325,0.49624940926544286,-0.434923705365881,-1.0549671996372425,1
5.331929761042723,-0.5976414881728829,0.4568672735504883,2.193345685300371,0.4917946754918203,-0.4454733773622534,-1.0448888259284779,1
5.3419333816075305,-0.5928534808688479,0.47880073040349197,2.17003574936145,0.48723545283560493,-0.4559222656215382,-1.034496707142299,1
5.351937002172338,-0.5878484699898768,0.5005010878971065,2.1460179728988846,0.4825727805086753,-0.4662672326929612,-1.0237945272292561,1
5.361940622737147,-0.5826288573136159,0.5219612676260953,2.1213020471446513,0.4778077287290228,-0.47650517796525377,-1.0127860682461132,1
5.371944243301955,-0.5771971144326405,0.5431742880975418,2.0958978840209586,0.4729413983425456,-0.4866330386477149,-1.0014752089104146,1
5.381947863866763,-0.571555781763263,0.5641332669377513,2.069815612337416,0.4679749204351774,-0.49664779073681903,-0.9898659231247584,1
5.391951484431571,-0.5657074675326518,0.5848314230611255,2.0430655739212273,0.46290945593549676,-0.5065464499680666,-0.977962278471342,1
5.401955104996379,-0.5596548467446484,0.6052620788003378,2.0156583196818465,0.45774619520796894,-0.5163260727527801,-0.9657684346773394,1
5.411958725561187,-0.5534006601246768,0.6254186619971562,1.9876046056115726,0.4524863576369734,-0.5259837570995535,-0.9532886420516951,1
5.421962346125995,-0.5469477130441441,0.6452947080532719,1.9589153887235506,0.4471311912017727,-0.5355166435200704,-0.9405272398939097,1
5.431965966690804,-0.540298874424739,0.6648838619405074,1.9296018229286982,0.4416819720425826,-0.5449219159190095,-0.9274886548754206,1
5.4419695872556115,-0.533457075623041,0.6841798801697944,1.899675254853069,0.4361400040179049,-0.5541968024677637,-0.9141773993941695,1
5.451973207820419,-0.5264253092958577,0.7031766327183251,1.869147219597196,0.4305066182532879,-0.5633385764617054,-0.9005980699029752,1
5.461976828385228,-0.5192066282467148,0.7218681049142971,1.8380294364389655,0.42478317268168053,-0.5723445571607352,-0.8867553452123218,1
5.471980448950036,-0.511804144253928,0.7402483992786868,1.8063338044815984,0.4189710515755519,-0.5812121106128584,-0.872653984768194,1
5.481984069514844,-0.5042210268806929,0.7583117373235028,1.7740723982483249,0.4130716650709465,-0.5899386504605403,-0.8582988269055853,1
5.491987690079652,-0.49646050226763305,0.776052461305986,1.7412574632253524,0.4070864486836505,-0.5985216387295962,-0.8436947870783239,1
5.501991310644461,-0.48852585190825065,0.7934650359382396,1.7079014113547508,0.4010168628176467,-0.6069585866003794,-0.8288468560658595,1
5.511994931209268,-0.4804204114077328,0.8105440500517871,1.6740168164788771,0.3948643922660363,-0.615247055161038,-0.8137600981576653,1
5.521998551774076,-0.472147569225567,0.8272842182165758,1.6396164097379962,0.38863054570461014,-0.6233846561426146,-0.7984396493159157,1
5.532002172338885,-0.46371076540242745,0.8436803823139558,1.6047130749227434,0.3823168551782524,-0.6313690526357738,-0.7828907153171024,1
5.5420057929036926,-0.4551134902717956,0.8597275130631833,1.569319843783113,0.37592487558036297,-0.6391979597889448,-0.767118569873264,1
5.552009413468501,-0.44635928315678547,0.8754207115010144,1.5334498912956398,0.3694561841254862,-0.6468691454876774,-0.751128552733504,1
5.562013034033309,-0.4374517310526458,0.8907552104139708,1.4971165308904792,0.3629123798153361,-0.6543804310150124,-0.7349260677664806,1
5.572016654598117,-0.428394467295417,0.9057263757228755,1.4603332096400852,0.35629508289840933,-0.6617296916926773,-0.7185165810245586,1
5.582020275162925,-0.41919117021722424,0.9203297078192764,1.4231135034111975,0.3496059343233801,-0.6689148575029229,-0.7019056187903121,1
5.592023895727733,-0.40984556178869036,0.9345608428533884,1.3854711119818652,0.34284659518647187,-0.675933913690826,-0.6850987656060796,1
5.602027516292542,-0.4003614062489583,0.948415553973207,1.3474198541252365,0.336018746173003,-0.6827849013468869,-0.6681016622872726,1
5.6120311368573494,-0.39074250872381366,0.9618897525144593,1.3089736626618547,0.32912408699330536,-0.6894659179697595,-0.6509200039201432,1
5.622034757422157,-0.3809927138324029,0.9749794891410778,1.2701465794822089,0.32216433581321574,-0.695975118008961,-0.6335595378447225,1
5.632038377986966,-0.3711159042830439,0.9876809549358999,1.2309527505412934,0.31514122867934163,-0.7023107133874081,-0.6160260616236447,1
5.642041998551774,-0.36111599945863077,0.9999904824413128,1.1914064208269348,0.3080565189393052,-0.7084709740036446,-0.5983254209975716,1
5.652045619116582,-0.35099695399213493,1.0119045466495822,1.1515219293036574,0.300911976657169,-0.7144542282136203,-0.580463507827942,1
5.66204923968139,-0.34076275633270875,1.0234197659426187,1.1113137038338525,0.29370938802425,-0.7202588632918997,-0.5624462580277688,1
5.672052860246198,-0.3304174273028992,1.0345329029809573,1.0707962560780344,0.2864505547655282,-0.7258833258721774,-0.5442796494812097,1
5.682056480811006,-0.31996501864748184,1.0452408655417378,1.0299841763759563,0.27913729354185834,-0.7313261223669895,-0.5259696999526412,1
5.692060101375814,-0.30940961157442687,1.0555407073054974,0.9888921286103743,0.2717714353481932,-0.7365858193665159,-0.5075224649859684,1
5.702063721940623,-0.29875531528851085,1.0654296285916012,0.9475348450552419,0.2643548249080295,-0.7416610440163756,-0.4889440357949028,1
5.7120673425054305,-0.28800626551808933,1.0749049770421535,0.9059271212101235,0.2568893200642862,-0.7465504843743246,-0.4702405371449431,1
5.722070963070238,-0.2771666230355468,1.0839642482542546,0.8640838106226179,0.24937679116682848,-0.751252889745774,-0.4514181252277979,1
5.732074583635047,-0.26624057217194197,1.0926050863604808,0.8220198197005777,0.24181912045684797,-0.755767070998052,-0.43248298552898473,1
5.742078204199855,-0.2552323193263671,1.1008252845574866,0.7797501025159185,0.23421820144831457,-0.7600919008533418,-0.41344133068934746,1
5.752081824764663,-0.24414609147054062,1.1086227855826458,0.7372896556018049,0.22657593830671222,-0.7642263141602352,-0.39429939836122935,1
5.762085445329471,-0.23298613464915396,1.1159956821386638,0.6946535127450029,0.21889424522527373,-0.7681693081438475,-0.37506344906004296,1
5.77208906589428,-0.2217567124764928,1.1229422172661139,0.6518567397751849,0.21117504579892926,-0.771919942634448,-0.35573976401197727,1
5.782092686459087,-0.21046210462985415,1.1294607846638658,0.6089144293529728,0.20342027239618357,-0.7754773402745677,-0.3363346429985809,1
5.792096307023895,-0.19910660534028018,1.1355499289573956,0.5658416957584995,0.19563186552913803,-0.7788406867045535,-0.3168544021989629,1
5.802099927588704,-0.18769452188113037,1.1412083459149807,0.5226536696822675,0.1878117732218726,-0.7820092307265432,-0.2973053720303486,1
5.8121035481535115,-0.17623017305501232,1.1464348826118034,0.4793654930200804,0.17996195037740412,-0.7849822844468466,-0.2776938949877318,1
5.82210716871832,-0.16471788767959228,1.1512285375420042,0.43599231367381286,0.17208435814343687,-0.7877592233967239,-0.25802632348335675,1
5.832110789283128,-0.15316200307280486,1.1555884606787423,0.3925492803597874,0.16418096327712128,-0.7903394866315574,-0.2383090176867704,1
5.842114409847936,-0.14156686353798145,1.1595139534823402,0.3490515374265133,0.15625373750903704,-0.7927225768084251,-0.21854834336617596,1
5.852118030412744,-0.1299368188494154,1.1630044688566052,0.3055142196835413,0.14830465690661618,-0.7949080602420868,-0.1987506697318229,1
5.862121650977552,-0.118276222738881,1.1660596110534407,0.26195244724317696,0.14033570123722214,-0.796895566939405,-0.1789223672821626,1
5.872125271542361,-0.10658943138362227,1.1686791355258725,0.21838132037679214,0.13234885333109986,-0.7986847906122266,-0.15906980565349943,1
5.882128892107168,-0.09488080189632586,1.1708629487296405,0.17481591438746172,0.12434609844441225,-0.8002754886687616,-0.13919935147386192,1
5.892132512671976,-0.0831546908175907,1.172611107873515,0.13127127450064632,0.11632942362257724,-0.8016674821835003,-0.11931736622181792,1
5.902136133236785,-0.07141545261140549,1.1739238206185216,0.0877624107746322,0.10830081706412006,-0.8028606558457184,-0.09943020409095371,1
5.9121397538015925,-0.05966743816414281,1.174801444726268,0.044304293032428596,0.10026226748525378,-0.803854957886628,-0.0795442098607338,1
5.922143374366401,-0.04791499328757688,1.1752444876565924,0.0009118458168135835,0.09221576348540143,-0.8046503999852354,-0.05966571677445477,1
5.932146994931209,-0.03616245722642927,1.1752536061147605,-0.04240005662979267,0.08416329291387163,-0.80524705715298,-0.0398010444250029,1
5.942150615496017,-0.024414161170944648,1.1748296055484626,-0.08561659535895924,0.07610684223789933,-0.80564506759723,-0.019956496649120983,1
5.952154236060825,-0.012674426774995915,1.173973439594873,-0.12872301168172473,0.06804839591226212,-0.8058446325637212,-0.00013835943088591485,1
5.962157856625633,-0.000947564680215356,1.172686209478056,-0.1717046121042833,0.05998993575068182,-0.8058460161580301,0.019647101184905834,1
5.972161477190442,0.010762126953354776,1.1709691633570132,-0.21454677323224694,0.051933440299220014,-0.805649545146181,0.039393641168752866,1
5.982165097755249,0.022450363909601683,1.1688236956246907,-0.25723494664186813,0.04388088421187508,-0.8052556087344935,0.05909504057117597,1
5.992168718320058,0.0341128773711844,1.166251346158272,-0.2997546637166203,0.035834237628587264,-0.8046646583287818,0.07874510557547532,1
6.002172338884866,0.04574541536639546,1.1632537995211059,-0.3420915404475506,0.02779546555585699,-0.803877207273027,0.09833767053784118,1
6.0121759594496735,0.05734374420756176,1.1598328841166303,-0.38423128219583086,0.019766527250180504,-0.8028938305676486,0.11786660001414612,1
6.022179580014482,0.06890364992050849,1.155990571294672,-0.4261596884159545,0.011749375604505433,-0.8017151645675071,0.13732579077275378,1
6.03218320057929,0.08042093966461361,1.1517289744105126,-0.46786265733803567,0.0037459565379076368,-0.8003419066597796,0.15670917379268395,1
6.0421868211440986,0.09189144314298493,1.1470503478371323,-0.5093261906076921,-0.004241791611310891,-0.7987748149218528,0.1760107162464811,1
6.052190441708906,0.10331101400229549,1.1419570859310555,-0.5505363978820024,-0.01221193868890477,-0.797014707759388,0.19522442346713909,1
6.062194062273714,0.11467553122181784,1.1364517219522354,-0.5914795013800526,-0.020162563324151936,-0.7950624635247165,0.21434434089844145,1
6.072197682838523,0.1259809004912022,1.1305369269384349,-0.6321418403866028,-0.02809175352530926,-0.7929190201157321,0.23336455602808467,1
6.08220130340333,0.13722305557654788,1.1242155085345689,-0.6725098757074212,-0.03599760727086377,-0.7905853745554513,0.2522792003029568,1
6.092204923968139,0.14839795967432282,1.1174904097774947,-0.7125701940748554,-0.043878233096387984,-0.7880625825524218,0.27108245102595296,1
6.102208544532947,0.1595016067526903,1.1103647078367462,-0.7523095125022298,-0.05173175067680961,-0.7853517580421623,0.2897685332337161,1
6.112212165097755,0.17053002287980754,1.102841612711724,-0.7917146825856752,-0.05955629140390786,-0.7824540727098251,0.3083317215546979,1
6.122215785662563,0.18147926753866622,1.0949244658858672,-0.8307726947520229,-0.06734999895885065,-0.7793707554942781,0.32676634204694466,1
6.132219406227371,0.1923454349280497,1.086616738938347,-0.8694706824514072,-0.07511102987958873,-0.7761030920738087,0.3450667740150193,1
6.14222302679218,0.20312465524918805,1.077922032113833,-0.9077959262932561,-0.08283755412292532,-0.7726524243336584,0.3632274518054792,1
6.152226647356987,0.21381309597769704,1.0688440728509003,-0.9457358581243525,-0.09052775562108135,-0.7690201498156036,0.38124286658033874,1
6.162230267921795,0.2244069631203936,1.0593867142696567,-0.9832780650476916,-0.09817983283257936,-0.7652077211498003,0.399107568067953,1
6.172233888486604,0.2349025024565854,1.0495539336191797,-1.0204102933808628,-0.10579199928727057,-0.7612166454691207,0.416816166290768,1
6.1822375090514115,0.2452960007634391,1.039349830685371,-1.0571204525527242,-0.1133624841253327,-0.757048483806213,0.43436333326939314,1
6.19224112961622,0.25558378702503753,1.0287786261598437,-1.0933966189371493,-0.1208895326300679,-0.7527048504735191,0.45174380470245734,1
6.202244750181028,0.2657622336247423,1.0178446599704722,-1.129227039622654,-0.12837140675433284,-0.7481874124264946,0.4689523816217246,1
6.212248370745836,0.2758277575204847,1.0065523895742456,-1.1646001361167388,-0.13580638564043562,-0.7434978886102773,0.48598393202194806,1
6.222251991310644,0.2857768214026155,0.9949063882130783,-1.1995045079837983,-0.1431927661333362,-0.7386380492900578,0.5028333924649575,1
6.232255611875452,0.2956059348339479,0.9829113431332404,-1.2339289364154822,-0.15052886328699028,-0.7336097153654082,0.519495769657479,1
6.242259232440261,0.3053116553716388,0.9705720537690855,-1.267862387732412,-0.1578130108636786,-0.7284147576688335,0.5359661420022007,1
6.252262853005068,0.3148905896705564,0.9578934298917614,-1.3012940168161882,-0.16504356182616672,-0.7230550962488115,0.5522396611216043,1
6.262266473569877,0.32433939456779237,0.9448804897235995,-1.3342131704706397,-0.1722188888225427,-0.7175326996375955,0.5683115533540946,1
6.272270094134685,0.3336547781479813,0.9315383580188931,-1.3666093907113057,-0.17933738466358323,-0.7118495841040545,0.58417712122197,1
6.2822737146994925,0.3428335007890991,0.91787226411178,-1.3984724179821548,-0.18639746279250158,-0.7060078128918348,0.5998317448707841,1
6.292277335264301,0.35187237618841866,0.9038875399319585,-1.4297921942985805,-0.19339755774693285,-0.700009495443127,0.6152708834796642,1
6.302280955829109,0.3607682723683084,0.8895896179889726,-1.4605588663157358,-0.20033612561301614,-0.6938567866083303,0.6304900766421575,1
6.3122845763939175,0.36951811266156653,0.8749840293258153,-1.490762788321298,-0.20721164447143522,-0.6875518858419087,0.6454849457171926,1
6.322288196958725,0.37811887667599253,0.8600764014426023,-1.5203945251517808,-0.2140226148352826,-0.6810970363847368,0.6602511951497488,1
6.332291817523533,0.3865676012379034,0.8448724561910845,-1.5494448550315423,-0.22076756007961498,-0.6744945244332393,0.6747846137608423,1
6.342295438088342,0.3948613813143111,0.8293780076407691,-1.5779047723336583,-0.2274450268625713,-0.667746678295631,0.6890810760064454,1
6.352299058653149,0.4029973709134854,0.8135989599174325,-1.6057654902618697,-0.23405358553792696,-0.6608558675355665,0.7031365432049691,1
6.362302679217958,0.41097278396363357,0.7975413050148138,-1.6330184434528257,-0.24059183055896213,-0.6538245021035167,0.7169470647329474,1
6.372306299782766,0.4187848951694364,0.7812111205802855,-1.6596552904978905,-0.247058380873524,-0.6466550314561873,0.7305087791885791,1
6.3823099203475735,0.4264310408461895,0.7646145676753067,-1.6856679163837969,-0.253451880310167,-0.6393499436643015,0.7438179155227866,1
6.392313540912382,0.4339086197313042,0.7477578885114687,-1.711048434851464,-0.25977099795525777,-0.6319117645090737,0.7568707941374693,1
6.40231716147719,0.4412150937729337,0.7306474041629542,-1.7357891906723268,-0.26601442852093476,-0.6243430565676991,0.7696638279506384,1
6.4123207820419985,0.44834798889549604,0.7132895122562308,-1.759882761841551,-0.2721808927038167,-0.6166464182881927,0.782193523428132,1
6.422324402606806,0.4553048957418742,0.6956906846378154,-1.7833219616875415,-0.2782691375343558,-0.6088244830539113,0.7944564815816211,1
6.432328023171614,0.46208347039208364,0.6778574650209399,-1.8060998408971756,-0.28427793671673673,-0.6008799182380952,0.8064493989326299,1
6.442331643736423,0.4686814350582033,0.6597964666119681,-1.8282096894562279,-0.29020609095922445,-0.5928154242487689,0.8181690684423046,1
6.45233526430123,0.47509657875537736,0.6415143697174058,-1.8496450385044811,-0.2960524282948679,-0.5846337335643458,0.8296123804066798,1
6.462338884866039,0.481326757948701,0.6230179193323611,-1.8703996621050458,-0.3018158043924707,-0.576337609760279,0.8407763233171995,1
6.472342505430847,0.4873698971758141,0.6043139227113106,-1.890467578927446,-0.30749510285774173,-0.567929846527107,0.8516579846862664,1
6.482346125995655,0.49322398964503444,0.5854092469220361,-1.9098430538440547,-0.31308923552454415,-0.5594132666802443,0.862254551837603,1
6.492349746560463,0.4988870978088704,0.5663108163835956,-1.9285205994394932,-0.31859714273616285,-0.5507907211618682,0.8725633126612201,1
6.502353367125271,0.5043573539127624,0.5470256103892006,-1.9464949774326425,-0.3240177936165154,-0.542065088035256,0.8825816563328034,1
6.5123569876900795,0.5096329605189112,0.5275606606148742,-1.963761200010943,-0.3293501863312347,-0.533239271471928,0.8923070739973387,1
6.522360608254887,0.5147121910050588,0.5079230486147648,-1.9803145310766836,-0.33459334833855425,-0.5243162007319546,0.9017371594168085,1
6.532364228819696,0.5195933900380988,0.48811990330399796,-1.9961504874050282,-0.33974633662993214,-0.5152988291377866,0.9108696095818096,1
6.542367849384504,0.5242749740223983,0.46815839842994766,-2.011264839713536,-0.3448082379603518,-0.5061901330419685,0.9197022252869469,1
6.552371469949311,0.5287554315227264,0.44804575003281233,-2.0256536136429846,-0.34977816906824283,-0.496993110789099,0.9282329116698791,1
6.56237509051412,0.5330333236616902,0.42778921389638247,-2.0393130906493138,-0.35465527688496684,-0.48771078167240023,0.9364596787138971,1
6.572378711078928,0.5371072844915891,0.40739608298988933,-2.0522398088065645,-0.35943873873381943,-0.47834618488526126,0.9443806417139347,1
6.582382331643736,0.5409760213406073,0.38687368490182367,-2.064430563520687,-0.36412776251850065,-0.46890237846812194,0.9519940217059202,1
6.592385952208544,0.5446383151332734,0.3662293792666168,-2.075882408154155,-0.36872158690101126,-0.45938243825106273,0.9592981458593909,1
6.602389572773352,0.5480930206851242,0.34547055518507525,-2.086592654561324,-0.37321948146893597,-0.44978945679246884,0.9662914478333071,1
6.612393193338161,0.5513390669715188,0.324604628639462,-2.0965588735345264,-0.3776207468920773,-0.4401265423141358,0.9729724680950097,1
6.622396813902968,0.5543754573705599,0.3036390399041167,-2.1057788951609124,-0.3819247150684092,-0.4303968176331857,0.9793398542022878,1
6.632400434467777,0.557201269880085,0.2825812509525076,-2.1142508090900773,-0.38613074925932084,-0.42060341909116283,0.9853923610485222,1
6.642404055032585,0.5598156573087011,0.2614387428616068,-2.121972964712552,-0.3902382442141276,-0.41074949548067763,0.9911288510708964,1
6.652407675597392,0.5622178474408459,0.24021901321448128,-2.128943971249261,-0.3942466262838273,-0.4008382069699687,0.9965482944216701,1
6.662411296162201,0.5644071431758658,0.21892957350198866,-2.1351626977520803,-0.3981553535240848,-0.390872724025752,1.001649769102526,1
6.672414916727009,0.5663829226411105,0.19757794652446786,-2.1406282730156567,-0.40196391578743207,-0.38085622633472677,1.0064324610620152,1
6.6824185372918175,0.5681446392790536,0.1761716637943113,-2.1453400854006963,-0.4056718348046731,-0.3707919017241066,1.0108956642561373,1
6.692422157856625,0.5696918219084566,0.15471826294030433,-2.1492977825689192,-0.4092786642554886,-0.3606829450815452,1.0150387806720997,1
6.702425778421433,0.5710240747596027,0.13322528511461512,-2.1525012711299683,-0.41278398982823683,-0.3505325572748242,1.018861320315322,1
6.712429398986242,0.5721410774836359,0.11170027240331544,-2.154950716200524,-0.4161874292689535,-0.34034394407167096,1.0223629011597564,1
6.722433019551049,0.573042585136049,0.0901507652413102,-2.1566465408759634,-0.41948863241955425,-0.3301203150600734,1.0255432490616105,1
6.732436640115858,0.5737284281343745,0.06858429983255057,-2.1575894256148826,-0.42268728124524885,-0.3198648825694573,1.0284021976365691,1
6.742440260680666,0.5741985121901385,0.04700840557640175,-2.1577803075368758,-0.42578308985117974,-0.3095808605930916,1.0309396881006274,1
6.752443881245474,0.5744528182151488,0.02543060250103299,-2.1572203796339537,-0.4287758044883006,-0.2992714637120853,1.033155769074658,1
6.762447501810282,0.5744914022021957,0.003858398704693452,-2.15591108989604,-0.431665203548514,-0.28893990602133873,1.0350505963528438,1
6.77245112237509,0.5743143950802531,-0.01770071219426695,-2.153854140350998,-0.4344510975490921,-0.2785894000578103,1.0366244326351262,1
6.7824547429398985,0.5739220025442753,-0.03923925359777693,-2.1510514860196768,-0.4371333291064067,-0.26822315573145905,1.0378776472238278,1
6.792458363504706,0.5733145048596956,-0.060749768457973696,-2.1475053337864907,-0.4397117728989989,-0.25784437925922077,1.0388107156846165,1
6.802461984069515,0.5724922566417372,-0.0822248217958386,-2.1432181411860665,-0.44218633562002263,-0.2474562721023746,1.0394242194719974,1
6.812465604634323,0.5714556866096602,-0.10365700320769927,-2.13819261510654,-0.44455695591909916,-0.23706202990765463,1.039718845519525,1
6.82246922519913,0.5702052973160725,-0.12503892935876468,-2.1324317104100885,-0.4468236043336238,-0.22666484145245938,1.0396953857949423,1
6.832472845763939,0.5687416648514438,-0.14636324646286555,-2.125938628471327,-0.4489862832095689,-0.21626788759450996,1.0393547368204636,1
6.842476466328747,0.5670654385239681,-0.16762263274757883,-2.1187168156342207,-0.45104502661183193,-0.20587434022630532,1.0386978991584306,1
6.852480086893555,0.5651773405149288,-0.18880980090392102,-2.1107699615881814,-0.45299990022417913,-0.19548736123472102,1.03772597686258,1
6.862483707458363,0.5630781655097308,-0.20991750051980285,-2.1021019976640716,-0.4548510012388401,-0.18511010146609522,1.0364401768951803,1
6.872487328023171,0.5607687803047663,-0.23093852049644356,-2.092717095050822,-0.4565984582358115,-0.1747456996971434,1.0348418085102922,1
6.8824909485879795,0.5582501233902968,-0.25186569144695176,-2.082619662933432,-0.4582424310519319,-0.16439728161204048,1.0329322826034328,1
6.892494569152787,0.555523204509534,-0.2726918880762861,-2.0718143465531367,-0.459783110639792,-0.15406795878600615,1.0307131110279266,1
6.902498189717596,0.5525891041941158,-0.29341003154181744,-2.060306025190533,-0.46122071891654925,-0.1437608276757269,1.0281859058782379,1
6.912501810282404,0.5494489732761786,-0.3140130917937228,-2.04809981007251,-0.4625555086027187,-0.13347896861694453,1.0253523787405918,1
6.922505430847211,0.5461040323772341,-0.3344940898944479,-2.035201042203827,-0.4637877630510141,-0.12322544482953861,1.022214339911202,1
6.93250905141202,0.5425555713740693,-0.35484610031648617,-2.0216152901242292,-0.46491779606531836,-0.11300330143042658,1.0187736975824304,1
6.942512671976828,0.538804948841892,-0.37506225321772846,-2.0073483475919947,-0.46594595170986436,-0.10281556445460228,1.0150324569972164,1
6.952516292541636,0.5348535914749555,-0.39513573669364843,-1.9924062311948476,-0.4668726041087107,-0.09266523988463012,1.0109927195721293,1
6.962519913106444,0.5307029934848995,-0.4150597990055969,-1.9767951778891788,-0.46769815723559977,-0.08255531268890882,1.00665668198939,1
6.972523533671253,0.5263547159770546,-0.4348277507844887,-1.960521642468556,-0.4684230446942899,-0.07248874586901492,1.002026635258246,1
6.9825271542360605,0.5218103863049629,-0.45443296720917425,-1.9435922949625082,-0.4690477294894542,-0.06246847951643246,0.9971049637460604,1
6.992530774800868,0.5170716974033749,-0.47386889015879935,-1.9260140179666088,-0.46957270378824395,-0.05249742987897185,0.991894144179516,1
7.002534395365677,0.5121404070999902,-0.49312903033846545,-1.9077939039048932,-0.46999848867261573,-0.042578488437176695,0.9863967446163237,1
7.012538015930485,0.507018337406215,-0.5122069693775144,-1.888939252225668,-0.47032563388252585,-0.03271452099101346,0.9806154233878421,1
7.022541636495293,0.5017073737872173,-0.531096361899771,-1.869457566531795,-0.4705547175500972,-0.02290836675713504,0.9745529280130281,1
7.032545257060101,0.49620946441156644,-0.549790937565089,-1.8493565516465487,-0.47068634592486724,-0.01316283747700476,0.9682120940841341,1
7.042548877624909,0.4905266193807509,-0.5682845030815545,-1.8286441106161706,-0.4707211530902289,-0.0034807165361634192,0.9615958441245962,1
7.052552498189717,0.48466090993887373,-0.5865709441877163,-1.8073283416502561,-0.4706598006711781,0.006135241905082543,0.9547071864195436,1
7.062556118754525,0.47861446766283156,-0.6046442276042189,-1.785417535001136,-0.4705029775334853,0.015682313769277978,0.9475492138193891,1
7.072559739319334,0.47238948363328925,-0.6224984029542302,-1.7629201697834322,-0.4702513994744106,0.025157805907471867,0.9401251025169526,1
7.0825633598841415,0.4659882075867686,-0.6401276046520645,-1.7398449107349772,-0.46990580890508415,0.03455905693264139,0.9324381107985886,1
7.092566980448949,0.45941294704917446,-0.6575260537594143,-1.7162006049203185,-0.4694669745246779,0.043883438040627276,0.9244915777697896,1
7.102570601013758,0.4526660664510883,-0.6746880598086175,-1.6919962783780362,-0.4689356909864946,0.053128353818325175,0.9162889220557505,1
7.112574221578566,0.4457499862251643,-0.6916080225923978,-1.6672411327131194,-0.4683127785561058,0.06229124303888268,0.9078336404773819,1
7.122577842143374,0.43866718188596904,-0.708280433919529,-1.6419445416356706,-0.4675990827616692,0.0713695794436565,0.8991293067032726,1
7.132581462708182,0.43142018309261015,-0.7246998793358858,-1.6161160474472158,-0.46679547403656235,0.08036087251068923,0.8901795698781035,1
7.14258508327299,0.42401157269450657,-0.7408610398103579,-1.5897653574759156,-0.46590284735446763,0.08926266820947026,0.8809881532280271,1
7.152588703837798,0.4164439857606554,-0.756758693385117,-1.5629023404619928,-0.4649221218570501,0.09807254974175053,0.8715588526435305,1
7.162592324402606,0.40872010859275804,-0.7723877167897369,-1.535537022894695,-0.46385424047436824,0.10678813826818584,0.8618955352403077,1
7.172595944967415,0.4008426777225712,-0.7877430870186839,-1.5076795853021392,-0.46270016953816234,0.11540709362058892,0.8520021378986747,1
7.182599565532223,0.3928144788938542,-0.8028198828717052,-1.4793403584953881,-0.46146089838816656,0.12392711499957566,0.8418826657820632,1
7.19260318609703,0.3846383460292876,-0.8176132864566591,-1.4505298197681236,-0.4601374389715926,0.1323459416573963,0.8315411908351406,1
7.202606806661839,0.3763171601827442,-0.8321185846543403,-1.4212585890532996,-0.45873082543593513,0.14066135356574772,0.8209818502621046,1
7.212610427226647,0.36785384847729546,-0.8463311705448733,-1.3915374250381631,-0.4572421137152514,0.14887117206836875,0.81020884498571,1
7.222614047791455,0.3592513830293429,-0.8602465447952549,-1.3613772212390467,-0.45567238111006914,0.15697326051822585,0.7992264380875894,1
7.232617668356263,0.35051277985926643,-0.8738603170076453,-1.3307890020373483,-0.4540227258610781,0.16496552489910174,0.7880389532304343,1
7.242621288921072,0.34164109778898627,-0.8871682070280188,-1.299783918678119,-0.45229426671676404,0.1728459144314061,0.7766507730626097,1
7.2526249094858795,0.33263943732683826,-0.9001660462148,-1.2683732452326986,-0.45048814249514374,0.1806124221620322,0.7650663376057788,1
7.262628530050687,0.32351093954016696,-0.912849778667127,-1.2365683745268385,-0.44860551163976287,0.18826308553808999,0.7532901426261209,1
7.272632150615496,0.31425878491604303,-0.9252154624123954,-1.2043808140357695,-0.44664755177011933,0.1957959869643512,0.7413267379897273,1
7.282635771180304,0.3048861922105155,-0.937259270552753,-1.1718221817476726,-0.44461545922667683,0.20320925434424847,0.7291807260027675,1
7.292639391745112,0.2953964172868132,-0.9489774923702298,-1.1389042019970277,-0.4425104486106341,0.21050106160427615,0.7168567597370197,1
7.30264301230992,0.2857927519429112,-0.9603665343902,-1.1056387012693112,-0.44033375231861765,0.21766962920164634,0.7043595413413641,1
7.312646632874728,0.2760785227288823,-0.9714229214028931,-1.0720376039785353,-0.43808662007246707,0.22471322461506,0.6916938203398434,1
7.322650253439536,0.2662570897544555,-0.9821432974426785,-1.0381129282191133,-0.4357703184442825,0.23163016281845844,0.6788643919168922,1
7.332653874004344,0.2563318454872068,-0.9925244267248696,-1.0038767814935525,-0.4333861303769062,0.23841880673762736,0.6658760951903503,1
7.342657494569153,0.24630621354180873,-1.0025631945398052,-0.969341356417476,-0.4309353547000109,0.24507756768953087,0.6527338114728665,1
7.3526611151339605,0.23618364746076892,-1.01225660810398,-0.934518926403479,-0.4284193056419683,0.25160490580425954,0.6394424625223113,1
7.362664735698768,0.22596762948708876,-1.021601797368015,-0.8994218413253368,-0.42583931233767347,0.25799933042948264,0.626007008781814,1
7.372668356263577,0.21566166932927608,-1.0305960157812684,-0.864062523164075,-0.42319671833250044,0.2642594005173008,0.6124324476100464,1
7.382671976828385,0.205269302919147,-1.039236641012909,-0.8284534616374256,-0.42049288108256644,0.27038372499340124,0.5987238115023733,1
7.392675597393193,0.19479409116285418,-1.0475211756292833,-0.7926072098141881,-0.4177291714514822,0.27637096310842496,0.5848861663034939,1
7.402679217958001,0.18423961868557992,-1.055447247727425,-0.7565363797150223,-0.41490697320376757,0.2822198247714599,0.5709246094122015,1
7.412682838522809,0.17360949257033417,-1.0630126115245753,-0.7202536379011992,-0.41202768249511174,0.2879290708655819,0.5568442679788876,1
7.422686459087617,0.16290734109129829,-1.0702151479035873,-0.6837717010528355,-0.409092707359658,0.2934975135453708,0.5426502970964192,1
7.432690079652425,0.15213681244215713,-1.0770528649141156,-0.6471033315381429,-0.4061034671944947,0.298924016516335,0.5283478779850183,1
7.442693700217234,0.14130157345986216,-1.083523898229497,-0.61026133297522,-0.40306139224153287,0.3042074952961852,0.5139422161717766,1
7.4526973207820415,0.13040530834426967,-1.0896265115592492,-0.573258545787913,-0.39996792306695383,0.30934691745790294,0.4994385396654332,1
7.46270094134685,0.11945171737409838,-1.0953590970171283,-0.5361078427572776,-0.39682451003840824,0.31434130285455725,0.48484209712705084,1
7.472704561911658,0.10844451561965136,-1.1007201754447011,-0.49882212457016384,-0.39363261280014994,0.3191897238258278,0.47015815603721856,1
7.482708182476466,0.09738743165274734,-1.1057083966904027,-0.4614143153664494,-0.39039369974628796,0.3238913053862,0.4553920008604153,1
7.492711803041274,0.08628420625430666,-1.1103225398440673,-0.4238973582864465,-0.38710924749233994,0.32844522539480414,0.4405489312071662,1
7.502715423606082,0.07513859112003735,-1.1145615134269318,-0.3862842110199968,-0.38378074034527115,0.3328507147068758,0.4256342599946209,1
7.512719044170891,0.06395434756466603,-1.1184243555371318,-0.34858784135877463,-0.3804096697722029,0.33710705730682206,0.41065331160618673,1
7.522722664735698,0.052735245225158836,-1.1219102339507196,-0.3108212227533066,-0.3769975338679741,0.3412135904228839,0.3956114200508445,1
7.532726285300506,0.04148506076337631,-1.1250184461782526,-0.27299732987621855,-0.37354583682174014,0.34516970462339236,0.3805139271227772,1
7.542729905865315,0.030207576568606162,-1.1277484194770149,-0.23512913419320944,-0.3700560883827939,0.34897484389462013,0.3653661805619381,1
7.5527335264301225,0.01890657946041669,-1.130099710818947,-0.19722959954325214,-0.3665298033257915,0.3526285057002395,0.35017353221618425,1
7.562737146994931,0.007585859392272895,-1.1320720068143795,-0.15931167772951027,-0.3629685009155675,0.3561302410224014,0.33494133620560024,1
7.572740767559739,-0.003750791843643851,-1.1336651235916746,-0.12138830412245641,-0.3593737043717229,0.3594796543844574,0.3196749470896333,1
7.582744388124547,-0.015099581909972843,-1.134879006632899,-0.083472393276671,-0.35574694033316934,0.3626764038553537,0.3043797180376611,1
7.592748008689355,-0.0264567192156295,-1.1357137305656657,-0.045576834562790436,-0.35208973832281204,0.36572020103573033,0.28906099900360954,1
7.602751629254163,-0.03781841420474244,-1.1361694989112936,-0.007714487816068372,-0.3484036302125544,0.3686108110257664,0.27372413490523534,1
7.612755249818972,-0.04918088064263698,-1.1362466437894543,0.0301018209969956,-0.3446901496888062,0.37134805237481877,0.25837446380868734,1
7.622758870383779,-0.06054033689843183,-1.1359456255794844,0.06785930409251528,-0.3409508317186771,0.37393179701290563,0.2430173151189547,1
7.632762490948587,-0.07189300722381742,-1.1352670325385592,0.10554521616212797,-0.33718721201703616,0.37636197016409517,0.22765800777680922,1
7.642766111513396,-0.0832351230275868,-1.134211580376938,0.14314685864353044,-0.33340082651461755,0.37863855024186327,0.21230184846284444,1
7.6527697320782035,-0.09456292414549183,-1.1327801117905025,0.18065158396722336,-0.32959321082735266,0.3807615687264917,0.19695412980921165,1
7.662773352643012,-0.10587266010500014,-1.1309735959508302,0.21804679977805963,-0.32576589972710684,0.3827311100245838,0.18162012861964832,1
7.67277697320782,-0.11716059138453064,-1.1287931279530496,0.2553199731302028,-0.32192042661399906,0.3845473113107803,0.1663051040983904,1
7.682780593772629,-0.12842299066674812,-1.1262399282217477,0.2924586346541125,-0.3180583229904814,0.3862103623517642,0.15101429608855688,1
7.692784214337436,-0.13965614408550017,-1.1233153418752067,0.3294503826941869,-0.3141811179373549,0.3877205053126498,0.13575292332058977,1
7.702787834902244,-0.15085635246598283,-1.1200208380482648,0.366282887415705,-0.3102903375918964,0.3890780345458557,0.12052618167132798,1
7.712791455467053,-0.1620199325577239,-1.1163580091741077,0.40294389487972254,-0.3063875046282707,0.390283296362569,0.10533924243428988,1
7.72279507603186,-0.173143218259977,-1.1123285702253105,0.43942123108459163,-0.30247413774040155,0.39133668878691186,0.09019725060173336,1
7.732798696596669,-0.18422256183912164,-1.1079343579144645,0.4757028059727856,-0.29855175112747223,0.39223866129292917,0.07510532315905767,1
7.742802317161477,-0.19525433513766902,-1.1031773298547367,0.5117766174017274,-0.294621853982227,0.39298971452451975,0.060068547392106014,1
7.752805937726285,-0.20623493077447622,-1.0980595636807193,0.54763075507733,-0.2906859499822426,0.3935903999984408,0.04509197920792232,1
7.762809558291093,-0.21716076333577566,-1.092583256129946,0.5832534044489788,-0.2867455367843374,0.39404131979052004,0.030180641469509724,1
7.772813178855901,-0.22802827055663022,-1.0867507220854562,0.6186328505646966,-0.28280210552228524,0.3943431262052151,0.015339522345133506,1
7.78281679942071,-0.2388339144924283,-1.0805643935798093,0.6537574818852482,-0.2788571403079986,0.3944965214286664,0.0005735736727036297,1
7.792820419985517,-0.24957418268003786,-1.0740268187609567,0.6886157940559603,-0.27491211773634466,0.39450225716539344,-0.014112290660232549,1
7.802824040550325,-0.2602455892882418,-1.067140660820397,0.7231963936350481,-0.27096850639375675,0.3943611342587911,-0.028713196320364183,1
7.812827661115134,-0.2708446762570823,-1.0599086968840465,0.7574880017772554,-0.2670277663708009,0.3940740022955875,-0.043224310115840166,1
7.8228312816799415,-0.28136801442574505,-1.052333816866274,0.7914794578716333,-0.2630913487788566,0.39364175919442906,-0.05764084156633137,1
7.83283490224475,-0.2918122046486206,-1.0444190222875576,0.8251597231323045,-0.25916069527106894,0.39306535077876575,-0.07195804445542825,1
7.842838522809558,-0.30217387889918296,-1.0361674250562345,0.858517884141069,-0.2552372375677268,0.3923457703342115,-0.08617121836487729,1
7.852842143374366,-0.3124497013613312,-1.0275822462148239,0.8915431563407372,-0.25132239698622116,0.3914840581505627,-0.10027571019016632,1
7.862845763939174,-0.32263636950784536,-1.0186668146514164,0.9242248874780848,-0.24741758397573455,0.390481301048661,-0.11426691563697691,1
7.872849384503982,-0.3327306151656117,-1.0094245657766356,0.9565525609953507,-0.24352419765681163,0.38933863189229123,-0.12814028069802919,1
7.882853005068791,-0.34272920556727854,-0.9998590401666821,0.9885157993692135,-0.2396436253659585,0.38805722908531093,-0.14189130310985112,1
7.892856625633598,-0.35262894438900844,-0.98997388217299,1.020104367396207,-0.23577724220541638,0.3866383160542124,-0.1555155337890133,1
7.902860246198406,-0.3624266727739987,-0.979772838499028,1.0513081754235485,-0.23192641059825314,0.38508316071632226,-0.1690085782473778,1
7.912863866763215,-0.37211927034144665,-0.9692597567447925,1.0821172825243839,-0.22809247984891465,0.3833930749338485,-0.18236609798591685,1
7.9228674873280225,-0.3817036561806421,-0.9584385839195486,1.1125218996164614,-0.22427678570937476,0.38156941395398936,-0.1955838118666663,1
7.932871107892831,-0.39117678982987597,-0.947313364923384,1.1425123925232832,-0.22048064995102154,0.3796135758353227,-0.2086574974623867,1
7.942874728457639,-0.4005356722398575,-0.9358882409981512,1.172079284976788,-0.21670537994241454,0.3775270008606988,-0.2215829923835128,1
7.9528783490224475,-0.4097773467213413,-0.9241674481483833,1.2012132615606548,-0.21295226823304592,0.37531117093686367,-0.23435619558198176,1
7.962881969587255,-0.41889889987666906,-0.9121553155327767,1.229905170593327,-0.20922259214323546,0.37296760898104386,-0.24697306863153798,1
7.972885590152063,-0.4278974625149375,-0.8998562638268435,1.258146026949893,-0.20551761336028818,0.37049787829472847,-0.25942963698412214,1
7.982889210716872,-0.4367702105505109,-0.8872748035573446,1.2859270148219624,-0.20183857754103932,0.36790358192488726,-0.27172199120196033,1
7.992892831281679,-0.44551436588460214,-0.8744155334091249,1.3132394904147209,-0.19818671392091064,0.36518636201286764,-0.28384628816497826,1
8.002896451846487,-0.4541271972696519,-0.8612831385049777,1.3400749845803528,-0.19456323492959846,0.36234789913121784,-0.2957987522531752,1
8.012900072411295,-0.46260602115624366,-0.8478823886591742,1.3664252053870543,-0.19096933581351158,0.3593899116086861,-0.30757567650360074,1
8.022903692976104,-0.4709482025222967,-0.8342181366053036,1.392282040622876,-0.18740619426507507,0.3563141548436501,-0.31917342374158664,1
8.032907313540912,-0.47915115568428746,-0.8202953161990749,1.4176375602336644,-0.18387497005901274,0.3531224206062342,-0.33058842768589813,1
8.04291093410572,-0.48721234509025485,-0.8061189405967383,1.442484018694393,-0.18037680469571898,0.34981653632937526,-0.3418171940274734,1
8.052914554670528,-0.4951292860943528,-0.7916941004097944,1.4668138573131893,-0.17691282105182798,0.34639836438910054,-0.3528563014814349,1
8.062918175235337,-0.5028995457127194,-0.7770259618366625,1.4906197064674056,-0.17348412303808514,0.3428698013742862,-0.3637024028120629,1
8.072921795800145,-0.5105207433604393,-0.7621197647719884,1.5138943877710922,-0.17009179526462348,0.3392327773461656,-0.3743522258304324,1
8.082925416364953,-0.5179905515693821,-0.7469808208942774,1.536630916173257,-0.16673690271374486,0.33548925508786126,-0.3848025743644234,1
8.09292903692976,-0.5253066966867076,-0.7316145117325449,1.558822501986329,-0.16342049042030268,0.331641229344217,-0.3950503292008266,1
8.102932657494568,-0.5324669595538344,-0.7160262867126815,1.580462552844259,-0.16014358315978058,0.3276907260522088,-0.40509244899927466,1
8.112936278059378,-0.5394691761656768,-0.7002216611842389,1.6015446755897198,-0.1569071851441584,0.32363980156221606,-0.41492597117774,1
8.122939898624185,-0.5463112383099602,-0.6842062144283417,1.622062678089895,-0.15371227972565402,0.3194905418504387,-0.42454801276935,1
8.132943519188993,-0.5529910941864347,-0.6679855876474428,1.642010570980366,-0.15055982910842655,0.3152450617227452,-0.4339557712502826,1
8.142947139753801,-0.5595067490058111,-0.6515654819376391,1.661382569336637,-0.14745077406832413,0.31090550401024236,-0.4431465253385112,1
8.152950760318609,-0.5658562655682539,-0.6349516562442727,1.6801730942728605,-0.14438603368075556,0.30647403875685725,-0.45211763576318403,1
8.162954380883418,-0.5720377648212693,-0.6181499253015441,1.6983767744673535,-0.1413665050567633,0.3019528623992254,-0.46086654600442856,1
8.172958001448226,-0.5780494263968381,-0.6011661575568705,1.7159884476145169,-0.13839306308737148,0.2973441969391811,-0.4693907830033847,1
8.182961622013034,-0.5838894891276454,-0.5840062730807254,1.733003161802801,-0.13546656019628,0.29265028910914725,-0.4776879578422801,1
8.192965242577841,-0.5895562515422723,-0.5666762414626973,1.7494161768183836,-0.13258782610097275,0.28787340953072443,-0.485755766394372,1
8.20296886314265,-0.5950480723392174,-0.5491820796945135,1.76522296537425,-0.12975766758230495,0.2830158518667807,-0.49359198994359055,1
8.212972483707459,-0.6003633708396251,-0.531529850040771,1.780419214264398,-0.1269768682626315,0.27807993196734476,-0.5011944957737281,1
8.222976104272266,-0.6055006274186063,-0.5137256578981271,1.795000825442909,-0.12424618839253541,0.2730679870096075,-0.5085612377270317,1
8.232979724837074,-0.6104583839150433,-0.49577564964369797,1.8089639170276572,-0.12156636464621204,0.26798237463233715,-0.5156902567320649,1
8.242983345401882,-0.6152352440197775,-0.4776860104734214,1.8223048242284547,-0.11893810992556188,0.2628254720650165,-0.5225796813007173,1
8.25298696596669,-0.6198298736420889,-0.45946296223113686,1.835020100199452,-0.11636211317304178,0.25759967525200933,-0.529227727994248,1
8.2629905865315,-0.6242410012543803,-0.44111276122914234,1.8471065168156482,-0.11383903919332111,0.25230739797206686,-0.5356327018582658,1
8.272994207096307,-0.6284674182149902,-0.42264169606098584,1.8585610653733815,-0.11136952848378627,0.2469510709534842,-0.5417929968265524,1
8.282997827661115,-0.6325079790690628,-0.404056085407252,1.8693809572147044,-0.10895419707393408,0.2415331409852187,-0.5477070960936505,1
8.293001448225922,-0.6363616018274139,-0.38536227583510496,1.8795636242755713,-0.10659363637369126,0.2360560700242822,-0.5533735724561508,1
8.30300506879073,-0.6400272682233373,-0.36656663959234925,1.889106719557788,-0.10428841303069405,0.2305223342997207,-0.5587910886226154,1
8.31300868935554,-0.643504023947305,-0.3476755723967714,1.8980081175247103,-0.10203906879655911,0.22493442341349454,-0.5639583974920953,1
8.323012309920347,-0.6467909788595202,-0.3286954912215243,1.9062659144206922,-0.09984612040217337,0.21929483943857359,-0.5688743424012043,1
8.333015930485155,-0.6498873071802934,-0.3096328320773174,1.913878428514316,-0.09771005944202776,0.21360609601456154,-0.5735378573397217,1
8.343019551049963,-0.6527922476582152,-0.29049404779217425,1.9208442002654644,-0.09563135226761613,0.20787071744116434,-0.5779479671347155,1
8.35302317161477,-0.6555051037161104,-0.2712856057895196,1.927161992416317,-0.09361043988991795,0.2020912377698172,-0.5821037876031742,1
8.36302679217958,-0.6580252435747639,-0.25201398586535645,1.932830790006383,-0.09164773789098009,0.19627019989378544,-0.5860045256731623,1
8.373030412744388,-0.6603521003544168,-0.2326856779652926,1.9378498003116995,-0.08974363634460955,0.19041015463705382,-0.5896494794735126,1
8.383034033309196,-0.6624851721540386,-0.2133071799621756,1.9422184527083646,-0.08789849974618637,0.1845136598423187,-0.5930380383920841,1
8.393037653874003,-0.6644240221083895,-0.19388499543509197,1.9459363984605844,-0.08611266695160238,0.17858327945839786,-0.5961696831026269,1
8.403041274438811,-0.6661682784228943,-0.17442563145048612,1.9490035104334515,-0.08438645112532867,0.1726215826273716,-0.5990439855603028,1
8.41304489500362,-0.6677176343863558,-0.15493559634615162,1.9514198827306868,-0.08272013969761098,0.16663114277176858,-0.6016606089659217,1
8.423048515568428,-0.6690718483615442,-0.13542139751884474,1.9531858302576115,-0.08111399433078989,0.16061453668210937,-0.6040193076989653,1
8.433052136133236,-0.670230743753707,-0.11588953921626863,1.9543018882096357,-0.07956825089473869,0.1545743436051197,-0.6061199272194802,1
8.443055756698044,-0.6711942089570486,-0.09634652033417226,1.954768811486571,-0.07808311945140944,0.1485131443329249,-0.6079624039389316,1
8.453059377262852,-0.6719621972792417,-0.07679883221930656,1.9545875740331122,-0.07665878424847408,0.14243352029353556,-0.6095467650601212,1
8.463062997827661,-0.6725347268440314,-0.057252956478975436,1.9537593681058445,-0.07529540372204474,0.13633805264293436,-0.61087312838628,1
8.473066618392469,-0.6729118804720106,-0.03771536279791699,1.952285603467161,-0.07399311050845403,0.13022932135907156,-0.6119417020994636,1
8.483070238957277,-0.673093805539643,-0.01819250676324538,1.950167906506505,-0.07275201146507326,0.12410990433807692,-0.6127527845083774,1
8.493073859522084,-0.6730807138166248,0.0013091723018196708,1.947408119289367,-0.07157218770014333,0.11798237649299315,-0.6133067637657809,1
8.503077480086892,-0.6728728812816777,0.02078325349471334,1.9440082985345002,-0.07045369461158997,0.11184930885533534,-0.6136041175556212,1
8.513081100651702,-0.672470647916877,0.04022333648005834,1.9399707145198273,-0.06939656193479218,0.10571326767977912,-0.6136454127500628,1
8.52308472121651,-0.6718744174806245,0.05962304362525661,1.9352978499175526,-0.0684007937992694,0.09957681355227849,-0.6134313050365829,1
8.533088341781317,-0.6710846572593802,0.07897602212443214,1.929992398559004,-0.06746636879425028,0.09344250050191266,-0.6129625385153211,1
8.543091962346125,-0.6701018977982799,0.09827594611002217,1.9240572641297526,-0.06659324004308267,0.08731287511675945,-0.6122399452668732,1
8.553095582910935,-0.6689267326107667,0.1175165187513197,1.9174955587955944,-0.06578133528644177,0.08119047566409071,-0.611264444890734,1
8.563099203475742,-0.667559817867374,0.13669147433927564,1.910310601759977,-0.06503055697428993,0.07507783121518337,-0.6100370440146023,1
8.57310282404055,-0.6660018720638052,0.1557945803568754,1.902505917753501,-0.06434078236653956,0.06897746077503734,-0.6085588357747693,1
8.583106444605358,-0.6642536756684612,0.17481963953441043,1.8940852354561346,-0.06371186364236667,0.06289187241728965,-0.6068309992678235,1
8.593110065170166,-0.6623160707495714,0.19376049188897176,1.8850524858527995,-0.06314362801812055,0.05682356242461142,-0.604854798973912,1
8.603113685734975,-0.6601899605820964,0.21261101674749977,1.8754118005230178,-0.06263587787377183,0.0507750144348723,-0.6026315841518118,1
8.613117306299783,-0.6578763092345692,0.23136513475272996,1.8651675098653233,-0.062188390887838285,0.04474869859335418,-0.6001627882060664,1
8.62312092686459,-0.6553761411360554,0.2500168098513832,1.854324141257164,-0.06180092018072535,0.03874707071129352,-0.5974499280264594,1
8.633124547429398,-0.6526905406234158,0.2685600512639548,1.8428864171510413,-0.061473194466415054,0.03277257143102892,-0.5944946033001036,1
8.643128167994206,-0.6498206514690612,0.28698891543546523,1.8308592531076557,-0.061204918212434775,0.026827625398027886,-0.5912984957964292,1
8.653131788559016,-0.6467676763893958,0.30529750796654176,1.8182477557668448,-0.06099577180803414,0.020914640440063595,-0.587863368625368,1
8.663135409123823,-0.6435328765341537,0.3234799855242102,1.805057220757123,-0.060845411740496035,0.015036006753809915,-0.5841910654690387,1
8.673139029688631,-0.6401175709568359,0.3415305577317814,1.7912931305446462,-0.06075347077950484,0.009194096099119527,-0.580283509787243,1
8.683142650253439,-0.6365231360664636,0.3594434890372279,1.7769611522224529,-0.06071955816949237,0.0033912610012470975,-0.576142703997096,1
8.693146270818247,-0.6327510050608691,0.3772131005594524,1.7620671352408372,-0.06074325982987961,-0.0023701660387238626,-0.5717707286271171,1
8.703149891383056,-0.6288026673417505,0.39483377191186075,1.7466171090797498,-0.060824138563129564,-0.008087873324995033,-0.5671697414461215,1
8.713153511947864,-0.6246796679117239,0.41229994300265826,1.730617280864116,-0.06096173427052413,-0.013759570739456248,-0.5623419765672542,1
8.723157132512672,-0.6203836067536109,0.4296061158112994,1.7140740329229973,-0.06115556417557542,-0.01938299050512879,-0.5572897435275226,1
8.73316075307748,-0.6159161381922056,0.4467468561405294,1.6969939202935314,-0.06140512305497946,-0.024955887940404015,-0.5520154263431857,1
8.743164373642287,-0.611278970238771,0.4637167953434647,1.679383668170602,-0.061709883477017814,-0.030476042203835874,-0.5465214825413696,1
8.753167994207097,-0.6064738639185193,0.48051063202517075,1.6612501693032136,-0.06206929604731031,-0.03594125702924957,-0.5408104421682841,1
8.763171614771904,-0.6015026325813373,0.4971231337182029,1.6426004813385517,-0.06248278966181964,-0.04134936145093241,-0.5348849067744245,1
8.773175235336712,-0.5963671411960214,0.5135491385315883,1.6234418241147401,-0.0629497717670064,-0.046698210518676654,-0.5287475483771473,1
8.78317885590152,-0.5910693056282941,0.5297835567727357,1.6037815769033041,-0.06346962862703089,-0.05198568600244813,-0.5224011084010184,1
8.793182476466328,-0.5856110919028764,0.5458213725417688,1.58362727560238,-0.06404172559789546,-0.05720969708645831,-0.5158483965963351,1
8.803186097031137,-0.5799945154498984,0.5616576452977926,1.5629866098817171,-0.06466540740841968,-0.06236818105242166,-0.5090922899362367,1
8.813189717595945,-0.5742216403359324,0.5772875113966098,1.5418674202805376,-0.06533999844793752,-0.06745910395178403,-0.5021357314928165,1
8.823193338160753,-0.5682945784799383,0.5927061855994152,1.520277695259327,-0.06606480306060464,-0.0724804612667122,-0.49498172929266243,1
8.83319695872556,-0.5622154888544182,0.6079089625520085,1.4982255682066519,-0.06683910584620102,-0.07743027855963883,-0.4876333551522533,1
8.843200579290368,-0.5559865766720774,0.6228912182340751,1.4757193144021046,-0.06766217196731264,-0.08230661211116136,-0.48009374349364864,1
8.853204199855178,-0.5496100925582964,0.6376484113780961,1.4527673479364964,-0.06853324746277362,-0.08710754954609784,-0.472366090140913,1
8.863207820419985,-0.5430883317097218,0.6521760848574611,1.4293782185904247,-0.06945155956724869,-0.09183121044750697,-0.4644536510977224,1
8.873211440984793,-0.5364236330392882,0.6664698670433654,1.405560608672358,-0.07041631703683353,-0.0964757469584842,-0.4563597413066062,1
8.8832150615496,-0.5296183783079873,0.680525473130089,1.381323329817395,-0.07142671048054904,-0.10103934437155025,-0.44808773339028324,1
8.893218682114409,-0.5226749912437046,0.694338706428263,1.3566753197478578,-0.07248191269760357,-0.10552022170545308,-0.4396410563755558,1
8.903222302679218,-0.5155959366474472,0.7079054596257416,1.3316256389968975,-0.07358107902029565,-0.10991663226920864,-0.4310231944002307,1
8.913225923244026,-0.5083837194872901,0.7212217160157106,1.3061834675963004,-0.07472334766242776,-0.11422686421321095,-0.42223768540354123,1
8.923229543808834,-0.5010408839803734,0.7342835506916736,1.2803581017296852,-0.07590784007310022,-0.11844924106724636,-0.41328811980054847,1
8.933233164373641,-0.4935700126632837,0.7470871317089705,1.2541589503523043,-0.07713366129575275,-0.12258212226525184,-0.4041781391410058,1
8.943236784938449,-0.4859737254511588,0.7596287212124935,1.2275955317786584,-0.07839990033231936,-0.1266239036566619,-0.39491143475317325,1
8.953240405503259,-0.478254678685856,0.77190467653028,1.2006774702391507,-0.07970563051236129,-0.13057301800419363,-0.3854917463730754,1
8.963244026068066,-0.4704155641735293,0.7839114512326716,1.1734144924070131,-0.08104990986704054,-0.1344279354679244,-0.37592286075969633,1
8.973247646632874,-0.4624591082119619,0.7956455961567417,1.1458164238967417,-0.08243178150779576,-0.13818716407552137,-0.36620861029661406,1
8.983251267197682,-0.4543880706080048,0.8071037603957091,1.1178931857352918,-0.08385027400958063,-0.1418492501784875,-0.35635287158057544,1
8.99325488776249,-0.44620524368547415,0.818282692253062,1.0896547908072864,-0.08530440179852357,-0.14541277889429327,-0.34635956399752127,1
9.0032585083273,-0.4379134512838628,0.8291792401611349,1.0611113402754953,-0.08679316554386625,-0.1488763745342685,-0.3362326482865697,1
9.013262128892107,-0.42951554774822387,0.8397903535638899,1.032273019977856,-0.08831555255403759,-0.1522387010171342,-0.32597612509247287,1
9.023265749456915,-0.42101441691058716,0.8501130837636685,1.0031500968023097,-0.08987053717671817,-0.1554984622680589,-0.3155940335070631,1
9.033269370021722,-0.41241297106327024,0.8601445847316915,0.9737529150407229,-0.09145708120274947,-0.15865440260312955,-0.3050904496002078,1
9.043272990586532,-0.40371414992444926,0.8698821138820988,0.9440918927231872,-0.09307413427374078,-0.1617053070991316,-0.29446948494079533,1
9.05327661115134,-0.39492091959635595,0.8793230328093307,0.9141775179339755,-0.09472063429322618,-0.16465000194853957,-0.2837352851082758,1
9.063280231716147,-0.38603627151646924,0.8884648079886704,0.8840203451104512,-0.0963955078412224,-0.16748735479962232,-0.2728920281952846,1
9.073283852280955,-0.3770632214020715,0.8973050114397749,0.8536309913262212,-0.09809767059203815,-0.17021627508157516,-0.2619439233018758,1
9.083287472845763,-0.36800480818854114,0.9058413213530372,0.8230201325598319,-0.09982602773518409,-0.17283571431459394,-0.25089520902189766,1
9.093291093410572,-0.3588640929617548,0.9140715226786356,0.7921984999503051,-0.10157947439923222,-0.17534466640481292,-0.2397501519220413,1
9.10329471397538,-0.34964415788497344,0.9219935076781386,0.76117687604082,-0.10335689607847255,-0.17774216792403333,-0.22851304501409758,1
9.113298334540188,-0.340348105120588,0.9296052764385467,0.7299660910118404,-0.1051571690622143,-0.1800272983741743,-0.21718820622095628,1
9.123301955104996,-0.33097905574710135,0.9369049373486651,0.6985770189049929,-0.10697916086657813,-0.18219918043638386,-0.20577997683688481,1
9.133305575669803,-0.3215401486717242,0.943890707537715,0.6670205738390039,-0.10882173066862566,-0.1842569802047527,-0.19429271998262326,1
9.143309196234613,-0.31203453953896315,0.950560913276105,0.635307706218997,-0.11068372974267145,-0.18619990740457892,-0.18273081905583383,1
9.15331281679942,-0.3024653996355802,0.956913990338295,0.6034493989404588,-0.11256400189862283,-0.18802721559513727,-0.17109867617744368,1
9.163316437364228,-0.29283591479230325,0.9629484843276996,0.5714566635891778,-0.11446138392219195,-0.18973820235691172,-0.15940071063442013,1
9.173320057929036,-0.28314928428266734,0.9686630509635914,0.5393405366384593,-0.11637470601682451,-0.1913322094632559,-0.14764135731951722,1
9.183323678493844,-0.2734087197193676,0.974056456329976,0.5071120756449186,-0.11830279224718902,-0.19280862303645108,-0.13582506516853343,1
9.193327299058653,-0.26361744394850334,0.9791275770864252,0.4747823554441546,-0.12024446098407039,-0.1941668736881364,-0.12395629559561933,1
9.203330919623461,-0.2537786899420947,0.9838754006408668,0.4423624643475994,-0.12219852535051132,-0.1954064366440926,-0.1120395209271741,1
9.213334540188269,-0.24389569968925126,0.9882990252843428,0.4098635003418402,-0.12416379366904497,-0.19652683185336434,-0.10007922283486986,1
9.223338160753077,-0.23397172308637365,0.9923976602877612,0.3772965672917066,-0.1261390699098621,-0.19752762408171304,-0.08807989076834025,1
9.233341781317884,-0.22401001682676686,0.9961706259606783,0.34467277114840883,-0.12812315413975606,-0.19840842298939643,-0.07604602038807115,1
9.243345401882694,-0.21401384329004522,0.9996173536721624,0.31200321616401433,-0.13011484297168882,-0.19916888319327714,-0.06398211199902869,1
9.253349022447502,-0.2039864694317072,1.0027373858338027,0.27929900111353956,-0.1321129300148215,-0.19980870431326742,-0.051892668985558964,1
9.26335264301231,-0.19393116567325783,1.005530375844938,0.24657121552593314,-0.13411620632485272,-0.200327631003123,-0.03978219624809281,1
9.273356263577117,-0.18385120479325584,1.0079960880001975,0.21383093592521926,-0.13612346085450874,-0.20072545296560393,-0.027655198642186702,1
9.283359884141925,-0.17374986081966134,1.0101343973594497,0.1810892220830651,-0.138133480904029,-0.2010020049520258,-0.015516179420429769,1
9.293363504706734,-0.16363040792385855,1.0119452895802803,0.14835711328402829,-0.1401450525714913,-0.2011571667462301,-0.0033696386777442473,1
9.303367125271542,-0.15349611931672735,1.0134288607131205,0.11564562460473657,-0.14215696120282137,-0.20119086313300755,0.008779928199394771,1
9.31337074583635,-0.14335026614713567,1.0145853169591679,0.08296574320824193,-0.1441679918413315,-0.2011030638510136,0.020928032079297193,1
9.323374366401158,-0.13319611640322315,1.0154149743912504,0.05032842465478565,-0.1461769296766337,-0.2008937835302206,0.03307019162643261,1
9.333377986965965,-0.12303693381684518,1.0159182586377982,0.017744589230202626,-0.14818256049277326,-0.20056308161395628,0.04520193483732371,1
9.343381607530775,-0.11287597677154418,1.0160957045301002,-0.014774881706816623,-0.1501836711154291,-0.20011106226558303,0.057318800570443224,1
9.353385228095583,-0.10271649721441387,1.015947955713032,-0.04721914935739269,-0.15217904985802788,-0.1995378742598786,0.06941634006960187,1
9.36338884866039,-0.09256173957221929,1.015475764219458,-0.07957742109385345,-0.1541674869666197,-0.19884371085918257,0.08149011848031866,1
9.373392469225198,-0.08241493967213409,1.0146799900085195,-0.11183895404866515,-0.1561477750633635,-0.19802880967437939,0.09353571635866735,1
9.383396089790006,-0.07227932366745377,1.0135616004680328,-0.1439930586797167,-0.15811870958847143,-0.19709345251079272,0.10554873117209694,1
9.393399710354815,-0.06215810696864141,1.0121216698812356,-0.17602910231078508,-0.16007908924046216,-0.19603796519907174,0.11752477879172793,1
9.403403330919623,-0.05205449318006013,1.0103613788581278,-0.20793651264601887,-0.1620277164145737,-0.19486271741115446,0.12945949497562903,1
9.413406951484431,-0.04197167304274345,1.0082820137316677,-0.2397047812572909,-0.16396339763918769,-0.19356812246139818,0.14134853684258405,1
9.423410572049239,-0.0319128233835525,1.0058849659190947,-0.27132346704327887,-0.1658849440101174,-0.19215463709297234,0.15318758433586216,1
9.433414192614046,-0.021881106071065883,1.0031717312486619,-0.3027821996591483,-0.16779117162261356,-0.19062276124961372,0.16497234167650904,1
9.443417813178856,-0.01187966697854518,1.0001439092520703,-0.3340706829157206,-0.16968090200094205,-0.18897303783284863,0.17669853880568173,1
9.453421433743664,-0.0019116349543160487,0.9968032024229131,-0.3651786981470244,-0.17155296252538996,-0.18720605244479183,0.1883619328155531,1
9.463425054308471,0.00801987920009838,0.9931514154414428,-0.39609610754514,-0.17340618685655632,-0.1853224331166363,0.19995830936831832,1
9.47342867487328,0.01791178374375829,0.9891904543659914,-0.426812857461259,-0.17523941535678586,-0.18332285002295312,0.21148348410283946,1
9.483432295438087,0.02776100700167208,0.9849223257913788,-0.4573189816718971,-0.1770514955086051,-0.18120801518192473,0.22293330402846967,1
9.493435916002896,0.03756449836141868,0.9803491359746599,-0.4876046046092095,-0.1788412823300215,-0.17897868214164003,0.23430364890560418,1
9.503439536567704,0.04731922926070436,0.9754730899285678,-0.517659944554374,-0.18060763878654734,-0.176635645652584,0.2455904326125101,1
9.513443157132512,0.0570221941655346,0.9702964904830241,-0.5474753167930206,-0.18234943619981192,-0.1741797413264589,0.25678960449799243,1
9.52344677769732,0.06667041153868554,0.9648217373150939,-0.5770411367317021,-0.18406555465262672,-0.17161184528147896,0.2678971507194602,1
9.53345039826213,0.07626092479816331,0.9590513259477769,-0.6063479229744149,-0.18575488339036958,-0.16893287377428437,0.27890909556596133,1
9.543454018826937,0.08579080326534363,0.9529878467180327,-0.6353863003581933,-0.18741632121855584,-0.16614378281862477,0.28982150276576196,1
9.553457639391745,0.09525714310248815,0.9466339837144507,-0.6641470029468202,-0.18904877689646551,-0.16324556779096716,0.3006304767780504,1
9.563461259956552,0.10465706823933797,0.9399925136849825,-0.6926208769817078,-0.1906511695266974,-0.16023926302318667,0.31133216406835407,1
9.57346488052136,0.11398773128848963,0.9330663049151654,-0.7207988837890245,-0.1922224289405224,-0.15712594138250313,0.32192275436726236,1
9.58346850108617,0.12324631444926239,0.9258583160772752,-0.748672102642153,-0.19376149607891072,-0.1539067138388305,0.3323984819120562,1
9.593472121650978,0.13243003039977091,0.9183715950508536,-0.7762317335785913,-0.19526732336910782,-0.15058272901970995,0.34275562667084974,1
9.603475742215785,0.1415361231769216,0.9106092777150677,-0.8034691001704162,-0.19673887509663784,-0.14715517275300147,0.3529905155488596,1
9.613479362780593,0.15056186904405525,0.9025745867133635,-0.8303756522474515,-0.19817512777261298,-0.14362526759751287,0.36309952357641956,1
9.6234829833454,0.15950457734596413,0.894270830190889,-0.8569429685723007,-0.19957507049623047,-0.1399942723617487,0.37307907507836946,1
9.63348660391021,0.16836159135101578,0.885701400505166,-0.8831627594664206,-0.20093770531234012,-0.136263481610965,0.3829256448244524,1
9.643490224475018,0.1771302890801208,0.8768697729105018,-0.9090268693864301,-0.20226204756396732,-0.13243422516272046,0.39263575916036014,1
9.653493845039826,0.18580808412228716,0.8677795042166375,-0.9345272794498675,-0.2035471262396785,-0.12850786757111687,0.40220599711907734,1
9.663497465604634,0.19439242643650856,0.8584342314221388,-0.9596561099096312,-0.20479198431567774,-0.1244858075999261,0.4116329915121789,1
9.673501086169441,0.202880803139739,0.8488376703230425,-0.9844056225763513,-0.20599567909252578,-0.12036947768480431,0.4209134300007452,1
9.68350470673425,0.21127073928071177,0.8389936140972789,-1.0087682231879649,-0.20715728252637375,-0.11616034338479686,0.4300440561455652,1
9.693508327299059,0.21955979859936575,0.8289059318653993,-1.0327364637257843,-0.20827588155460716,-0.11185990282334121,0.439021670436307,1
9.703511947863866,0.22774558427164718,0.8185785672281415,-1.0563030446763668,-0.20935057841579693,-0.10746968611897814,0.44784313129934195,1
9.713515568428674,0.23582573963946096,0.8080155367813778,-1.0794608172385152,-0.21038049096385678,-0.10299125480598473,0.45650535608391624,1
9.723519188993482,0.2437979489255509,0.7972209286089926,-1.1022027854747596,-0.21136475297630822,-0.09842620124514556,0.4650053220263737,1
9.733522809558291,0.2516599379330933,0.786198900754245,-1.124522108406686,-0.21230251445655704,-0.09377614802488182,0.47334006719213856,1
9.743526430123099,0.2594094747297951,0.7749536796701781,-1.1464121020535076,-0.21319294193008664,-0.08904274735296044,0.48150669139517777,1
9.753530050687907,0.2670443703162915,0.7634895586496431,-1.1678662414132799,-0.21403521873447673,-0.08422768043900866,0.4895023570946691,1
9.763533671252715,0.27456247927864663,0.7518108962355102,-1.1888781623861993,-0.21482854530315734,-0.07933265686806197,0.49732429026861014,1
9.773537291817522,0.2819617004247631,0.7399221146116483,-1.20944166363943,-0.2155721394428111,-0.07435941396537588,0.5049697812641117,1
9.783540912382332,0.2892399774045156,0.7278276979752539,-1.229550708412936,-0.21626523660433844,-0.06930971615273476,0.5124361856241275,1
9.79354453294714,0.2963952993134269,0.7155321908911245,-1.2491994262658088,-0.2169070901473034,-0.06418535429649348,0.5197209248903796,1
9.803548153511947,0.3034257012797116,0.7030401966284664,-1.2683821147626073,-0.21749697159777928,-0.05898814504758969,0.5268214873822498,1
9.813551774076755,0.31032926503451996,0.6903563754808403,-1.287093241099245,-0.21803417089951696,-0.05371993017376719,0.5337354289514136,1
9.823555394641563,0.31710411946521844,0.6774854430698478,-1.3053274436679843,-0.2185179966583595,-0.04838257588425305,0.5404603737120032,1
9.833559015206372,0.3237484411515501,0.664432168633168,-1.3230795335611147,-0.21894777637983082,-0.04297797214713302,0.5469940147460943,1
9.84356263577118,0.33026045488452566,0.6512013732975569,-1.3403444960129158,-0.21932285669982754,-0.03750803199967207,0.5533341147843204,1
9.853566256335988,0.33663843416789996,0.6377979283374278,-1.3571174917795314,-0.21964260360834584,-0.03197469085182887,0.5594785068614287,1
9.863569876900796,0.3428807017020963,0.6242267534196324,-1.3733938584563932,-0.21990640266617797,-0.026379905783214586,0.5654250949465958,1
9.873573497465603,0.34898562985044695,0.6104928148350685,-1.38916911173287,-0.22011365921451545,-0.02072565483374863,0.5711718545483373,1
9.883577118030413,0.35495164108762434,0.5966011237177398,-1.4044389465838192,-0.2202637985773981,-0.015013936288265256,0.5767168332938489,1
9.89358073859522,0.3607772084301433,0.5825567342519016,-1.4191992383977616,-0.22035626625695137,-0.009246767955326765,0.5820581514826273,1
9.903584359160028,0.36646085584882254,0.568364741867924,-1.4334460440414087,-0.22039052812135637,-0.0034261864405004923,0.5871940026142289,1
9.913587979724836,0.37200115866309763,0.5540302814275099,-1.4471756028602947,-0.22036607058549995,0.0024457535856417974,0.5921226538900334,1
9.923591600289644,0.3773967439170867,0.5395585253989069,-1.460384337615296,-0.22028240078425454,0.008366980124542131,0.596842446688887,1
9.933595220854453,0.38264629073731427,0.524954682022754,-1.4730688553548337,-0.22013904673834023,0.014335404591431001,0.6013517970165113,1
9.943598841419261,0.3877485306720063,0.5102239934692057,-1.4852259482225842,-0.21993555751272426,0.020348922561596115,0.6056491959285709,1
9.953602461984069,0.39270224801187614,0.4953717339869798,-1.49685259420054,-0.21967150336751542,0.026405414520881826,0.6097332099273034,1
9.963606082548877,0.3975062800923259,0.4804032080449744,-1.5079459577872865,-0.21934647590131387,0.03250274662015486,0.6136024813316243,1
9.973609703113684,0.4021595175769969,0.4653237484671015,-1.5185033906113903,-0.21896008818697915,0.0386387714334711,0.6172557286206289,1
9.983613323678494,0.4066609047226068,0.4501387145609876,-1.5285224319798003,-0.21851197489978239,0.04481132871967739,0.6206917467504215,1
9.993616944243302,0.4110094396250187,0.4348534902411896,-1.5380008093612045,-0.21800179243791057,0.05101824618718161,0.6239094074442112,1
10.00362056480811,0.41520417444649443,0.4194734821475775,-1.546936438804293,-0.21742921903529433,0.05725734026162372,0.6269076594556263,1
10.013624185372917,0.41924421562408976,0.4040041177595346,-1.5553274252909086,-0.21679395486673253,0.06352641685617999,0.6296855288052042,1
10.023627805937727,0.423128724059156,0.3884508435066255,-1.5631720630240835,-0.21609572214529021,0.06982327214423203,0.6322421189900231,1
10.033631426502534,0.42685691528791986,0.3728191228763847,-1.5704688356509855,-0.2153342652119489,0.07614569333413226,0.6345766111664556,1
10.043635047067342,0.4304280596331186,0.35711443451987485,-1.5772164164208218,-0.21450935061749093,0.08249145944579682,0.6366882643060299,1
10.05363866763215,0.43384148233667524,0.3413422703556666,-1.5834136682777613,-0.21362076719660236,0.08885834208885712,0.6385764153243919,1
10.063642288196958,0.43709656367340416,0.325508133672889,-1.5890596438889717,-0.21266832613418135,0.09524410624210104,0.6402404791833755,1
10.073645908761767,0.44019273904574413,0.30961753723399926,-1.5941535856078741,-0.211651861023842,0.1016465110339348,0.6416799489661926,1
10.083649529326575,0.4431294990595233,0.2936760013779205,-1.5986949253727603,-0.21057122791860605,0.10806331052359672,0.6428943959257698,1
10.093653149891383,0.44590638958076523,0.27768905212419287,-1.6026832845409116,-0.20942630537377752,0.11449225448285441,0.6438834695062573,1
10.10365677045619,0.4485230117735531,0.26166221927878375,-1.6061184736584142,-0.20821699448199835,0.12093108917791698,0.6446468973377597,1
10.113660391020998,0.45097902211897506,0.24560103454219961,-1.6090004921658505,-0.2069432189004854,0.1273775581512946,0.645184485204331,1
10.123664011585808,0.4532741324151805,0.2295110296205411,-1.6113295280401017,-0.205604924870452,0.1338294030033379,0.6454961169852986,1
10.133667632150615,0.4554081097585819,0.2133977343401401,-1.6131059573724937,-0.2042020812287201,0.14028436417319087,0.6455817545699829,1
10.143671252715423,0.4573807765062461,0.19726667476641516,-1.6143303438835526,-0.2027346794115312,0.1467401817188907,0.6454414377458882,1
10.15367487328023,0.4591920102195219,0.18112337132757964,-1.6150034383746492,-0.20120273345056772,0.15319459609634958,0.6450752840604547,1
10.163678493845039,0.46084174358896024,0.16497333694383315,-1.6151261781168456,-0.19960627996119817,0.15964534893695412,0.644483488656463,1
10.173682114409848,0.4623299643405869,0.14882207516266469,-1.6146996861772567,-0.19794537812296298,0.16609018382351876,0.6436663240811981,1
10.183685734974656,0.4636567151235958,0.13267507830089212,-1.6137252706832856,-0.19622010965231967,0.17252684706433075,0.6426241400694824,1
10.193689355539464,0.4648220933795364,0.11653782559405926,-1.6122044240250903,-0.19443057876766942,0.17895308846502558,0.6413573633007033,1
10.203692976104271,0.46582625119307447,0.10041578135380835,-1.6101388219966741,-0.1925769121466891,0.18536666209803263,0.6398664971299604,1
10.21369659666908,0.4666693951244129,0.08431439313384162,-1.6075303228760027,-0.19065925887599577,0.19176532706933222,0.6381521212934754,1
10.223700217233889,0.4673517860234637,0.0682390899050816,-1.6043809664445807,-0.18867779039317312,0.19814684828226697,0.6362148915884102,1
10.233703837798696,0.4678737388258701,0.052195280240635786,-1.6006929729469288,-0.1866327004211916,0.20450899719815108,0.6340555395272466,1
10.243707458363504,0.46823562233098176,0.0361883505111665,-1.596468741990436,-0.18452420489525737,0.21084955259342356,0.6316748719668968,1
10.253711078928312,0.4684378589618944,0.02022366309126214,-1.591710851386062,-0.18235254188212643,0.21716630131309253,0.6290737707127116,1
10.26371469949312,0.4684809245076684,0.00430655457740152,-1.5864220559304096,-0.18011797149192424,0.22345703902021966,0.6262531920975707,1
10.27371832005793,0.46836534784784933,-0.011557665981902578,-1.5806052861296798,-0.1778207757825123,0.22971957094119536,0.6232141665362421,1
10.283721940622737,0.46809171065941735,-0.027363718843199377,-1.5742636468660587,-0.1754612586564467,0.23595171260655778,0.6199577980552082,1
10.293725561187545,0.46766064710629873,-0.04310635531185997,-1.5674004160071,-0.17303974575057562,0.24215129058710988,0.6164852637981634,1
10.303729181752352,0.4670728435115794,-0.05878035947193097,-1.5600190429586767,-0.1705565843183247,0.24831614322509152,0.612797813507395,1
10.31373280231716,0.4663290380125642,-0.07438054990151774,-1.5521231471621122,-0.16801214310472307,0.2544441213601655,0.6088967689812707,1
10.32373642288197,0.46543002019883284,-0.08990178137313887,-1.543716516536094,-0.1654068122142233,0.2605330890499782,0.6047835235080583,1
10.333740043446777,0.4643766307334478,-0.1053389465384998,-1.5348031058640164,-0.1627410029713727,0.26658092428505875,0.6004595412763146,1
10.343743664011585,0.4631697609574764,-0.12068697759713996,-1.525387035127396,-0.1600151477743945,0.2725855196978219,0.5959263567620887,1
10.353747284576393,0.4618103524779923,-0.13594084794841393,-1.5154725877860342,-0.15722969994174008,0.2785447832654428,0.5911855740931881,1
10.3637509051412,0.4602993967397295,-0.15109557382627428,-1.50506420900561,-0.15438513355167632,0.2844566390063747,0.5862388663907684,1
10.37375452570601,0.45863793458056623,-0.1661462159163304,-1.494166503833406,-0.1514819432749735,0.2903190276702824,0.5810879750885114,1
10.383758146270818,0.45682705577101956,-0.18108788095466444,-1.4827842353228875,-0.14852064420076183,0.2961299074211675,0.5757347092296646,1
10.393761766835626,0.45486789853794063,-0.1959157233078933,-1.4709223226078705,-0.1455017716556272,0.30188725451346415,0.5701809447422214,1
10.403765387400433,0.4527616490726009,-0.210624946533972,-1.4585858389270268,-0.14242588101601833,0.30758906396088637,0.5644286236925307,1
10.413769007965241,0.4505095410233685,-0.22521080492324227,-1.4457800095994973,-0.13929354751404022,0.3132333501978117,0.5584797535176276,1
10.42377262853005,0.4481128549731761,-0.23966860501923726,-1.4325102099523912,-0.13610536603671033,0.31881814773298794,0.5523364062365876,1
10.433776249094858,0.4455729179019885,-0.2539937071187612,-1.41878196320097,-0.1328619509187568,0.3243415117953538,0.5460007176412098,1
10.443779869659666,0.4428911026344808,-0.2681815267507709,-1.4046009382823272,-0.12956393572903915,0.3298015189717659,0.5394748864663433,1
10.453783490224474,0.44006882727314484,-0.2822275361335942,-1.3899729476433906,-0.12621197305067486,0.33519626783642936,0.5327611735401767,1
10.463787110789282,0.43710755461704454,-0.2961272656100281,-1.3749039449840845,-0.12280673425495654,0.3405238795718311,0.525861900914818,1
10.473790731354091,0.43400879156644584,-0.30987630505986896,-1.3594000229565104,-0.11934890926914675,0.3457824985809793,0.5187794509774946,1
10.483794351918899,0.4307740885135515,-0.32347030528943405,-1.343467410821007,-0.1158392063382392,0.3509702930907543,0.5115162655427152,1
10.493797972483707,0.427405038719575,-0.33690497939764413,-1.3271124720599736,-0.11227835178077739,0.35608545574618145,0.5040748449257343,1
10.503801593048514,0.4239032776783926,-0.35017610411824385,-1.3103417019503518,-0.108667089738823,0.3611262041954388,0.49645774699767165,1
10.513805213613324,0.4202704824670151,-0.36327952113774736,-1.2931617250956646,-0.10500618192216885,0.3660907816654155,0.4886675862226424,1
10.523808834178132,0.41650837108312805,-0.376211138388704,-1.2755792929185357,-0.10129640734689242,0.3709774575276419,0.4807070326772563,1
10.53381245474294,0.41261870176994914,-0.3889669313178894,-1.2576012811146178,-0.09753856206834828,0.37578452785441446,0.47257881105285593,1
10.543816075307747,0.4086032723286588,-0.4015429441290356,-1.2392346870688682,-0.09373345890869884,0.380510315964943,0.46428569964086336,1
10.553819695872555,0.40446391941866155,-0.41393529099972426,-1.2204866272351251,-0.08988192717908533,0.38515317296135165,0.4558305293016117,1
10.563823316437364,0.4002025178459408,-0.4261401572720755,-1.201364334479949,-0.08598481239654165,0.38971147825436775,0.4472161824170457,1
10.573826937002172,0.39582097983977205,-0.438153800616875,-1.1818751553916975,-0.08204297599575627,0.39418364007853823,0.4384455918276745,1
10.58383055756698,0.39132125431806414,-0.44997255217079196,-1.162026547555822,-0.07805729503578812,0.398568095996815,0.42952173975417074,1
10.593834178131788,0.38670532614160064,-0.4615928176463502,-1.1418260767973765,-0.07402866190184455,0.40286331339435666,0.4204476567040095,1
10.603837798696595,0.3819752153574574,-0.47301107841432394,-1.121281414391738,-0.06995798400223059,0.40706778996139675,0.4112264203635483,1
10.613841419261405,0.377132976431875,-0.48422389255824133,-1.100400334244557,-0.06584618346058027,0.4111800541650322,0.40186115447595205,1
10.623845039826213,0.37218069747286814,-0.4952278959006869,-1.0791907100419493,-0.06169419680348236,0.41519866570979175,0.39235502770537134,1
10.63384866039102,0.3671204994428571,-0.5060198030011064,-1.0576605123719638,-0.057502974643613904,0.41912221598684546,0.3827112524877865,1
10.643852280955828,0.3619545353616088,-0.516596408124826,-1.035817805818358,-0.05327348135849667,0.42294932851172334,0.3729330838689332,1
10.653855901520636,0.3566849894997787,-0.5269545861830096,-1.0136707460277268,-0.04900669476499254,0.42667865935041266,0.36302381832972996,1
10.663859522085446,0.35131407656334585,-0.5370912936432869,-0.9912275767510356,-0.04470360578965544,0.43030889753370993,0.3529867925996303,1
10.673863142650253,0.34584404086923787,-0.5470035694107972,-0.9684966268606126,-0.040365218135058376,0.43383876545970623,0.3428253824583256,1
10.683866763215061,0.3402771555124438,-0.5566885356794034,-0.9454863073436662,-0.03599254794221548,0.4372670192842895,0.3325430015262303,1
10.693870383779869,0.3346157215249154,-0.56614339875284,-0.9222051082733982,-0.03158662344921996,0.4405924492995518,0.32214310004418023,1
10.703874004344677,0.3288620670265597,-0.575365449835574,-0.8986615957587842,-0.027148484646220022,0.44381388029999363,0.31162916364278037,1
10.713877624909486,0.32301854636862803,-0.5843520657931619,-0.8748644088741074,-0.022679182926855807,0.4469301719364214,0.30100471210184165,1
10.723881245474294,0.317087539269809,-0.593100709881903,-0.8508222565693278,-0.018179780736281407,0.44994021905743986,0.2902732981003464,1
10.733884866039102,0.31107144994533303,-0.6016089324475963,-0.8265439145623767,-0.013651351215896973,0.4528429520384433,0.2794385059573856,1
10.74388848660391,0.3049727062294008,-0.60987437159322,-0.8020382222144753,-0.0090949778449168,0.4556373370980172,0.2685039503645159,1
10.753892107168717,0.2987937586912472,-0.6178947538153647,-0.7773140793895688,-0.004511754078900177,0.45832237660166236,0.25747327510998114,1
10.763895727733527,0.2925370797451546,-0.6256678946092604,-0.7523804432989842,9.721701462744523e-05,0.4608971093527622,0.2463501517952509,1
10.773899348298334,0.28620516275473207,-0.6331916990422503,-0.7272463253324115,0.004730823123334592,0.4633606108707147,0.23513827854432598,1
10.783902968863142,0.27980052113177634,-0.6404641622955743,-0.7019207878763181,0.00938794305989617,0.46571199365615795,0.2238413787062644,1
10.79390658942795,0.27332568743003294,-0.6474833701743375,-0.6764129411209029,0.014067447134328377,0.4679504074432206,0.2124631995513825,1
10.803910209992758,0.26678321243417746,-0.6542474995855466,-0.6507319398567073,0.01876819752871572,0.4700750394387344,0.2010075109615883,1
10.813913830557567,0.2601756642443363,-0.6607548189841137,-0.624886980261987,0.023489048674199223,0.4720851145483503,0.18947810411530205,1
10.823917451122375,0.253505627356469,-0.6670036887867336,-0.5988872966819659,0.028228847630094256,0.4739798955895033,0.1778787901674244,1
10.833921071687183,0.24677570173893346,-0.6729925617535533,-0.5727421584010837,0.03298643446500603,0.47575868349117756,0.16621339892480969,1
10.84392469225199,0.23998850190555782,-0.6787199833375641,-0.5464608664093504,0.037760642639810285,0.47742081748042564,0.15448577751770498,1
10.853928312816798,0.23314665598554124,-0.6841845920016576,-0.5200527501639258,0.04255029939236631,0.4789656752556027,0.14269978906761466,1
10.863931933381608,0.22625280479050827,-0.6893851195032968,-0.49352716434703636,0.0473542261238291,0.4803926731462788,0.1308593113520513,1
10.873935553946415,0.2193096008790406,-0.6943203911467672,-0.4668934856213413,0.05217123878642709,0.4817012662597993,0.11896823546663357,1
10.883939174511223,0.2123197076190108,-0.6989893260029807,-0.44016110938386455,0.05700014827257175,0.48289094861446563,0.10703046448499251,1
10.89394279507603,0.2052857982480426,-0.7033909370968193,-0.41333944651959903,0.06183976080516491,0.48396125325931555,0.09504991211694615,1
10.903946415640839,0.19821055493242246,-0.7075243315620153,-0.3864379201558945,0.06668887832896976,0.484911752380485,0.08303050136540421,1
10.913950036205648,0.1910966678247867,-0.7113887107635742,-0.35946596241873413,0.07154629890291116,0.48574205739413906,0.07097616318246164,1
10.923953656770456,0.1839468341209091,-0.7149833703877616,-0.3324330111920042,0.0764108170931708,0.4864518190259637,0.05889083512514193,1
10.933957277335264,0.17676375711591227,-0.7183077004996816,-0.3053485068808575,0.08128122436694295,0.4870407273772151,0.046778460011247816,1
10.943960897900071,0.16955014526022738,-0.7213611855684902,-0.27822188918026786,0.08615630948671622,0.4875085119773276,0.0346429845757784,1
10.953964518464879,0.16230871121562446,-0.7241434044602928,-0.25106259384986773,0.09103485890494707,0.48785494182308536,0.022488358128368843,1
10.963968139029689,0.15504217091163655,-0.7266540303987915,-0.22388004949616058,0.09591565715899077,0.48807982540436906,0.010318531212208874,1
10.973971759594496,0.147753242602699,-0.7288928308937531,-0.19668367436319073,0.10079748726615567,0.4881830107164912,-0.001862545735105782,1
10.983975380159304,0.14044464592632516,-0.7308596676373851,-0.1694828731327514,0.10567913111874708,0.48816438525914013,-0.014050923718335932,1
10.993979000724112,0.13311910096263804,-0.7325544963687126,-0.14228703373520496,0.11055936987896664,0.4880238760219568,-0.026242656518524282,1
11.003982621288921,0.1257793272955774,-0.7339773667060646,-0.11510552417198489,0.11543698437353436,0.4877614494567715,-0.038433802023634125,1
11.013986241853729,0.11842804307609955,-0.7351284219477845,-0.08794768935084205,0.12031075548789971,0.48737711143653517,-0.05062042355545368,1
11.023989862418537,0.11106796408768663,-0.7360078988412929,-0.06082284793489176,0.12517946455990953,0.48687090720098064,-0.06279859119232097,1
11.033993482983345,0.10370180281448022,-0.7366161273206419,-0.033740289206512175,0.1300418937728001,0.48624292128905744,-0.07496438308722563,1
11.043997103548152,0.09633226751235315,-0.7369535302127069,-0.006709269947136096,0.13489682654738194,0.48549327745818516,-0.08711388678084732,1
11.054000724112962,0.08896206128323136,-0.7370206229121783,0.02026098866602727,0.1397430479332857,0.48462213859037667,-0.09924320050909202,1
11.06400434467777,0.08159388115297618,-0.736818013025518,0.04716130414531362,0.14457934499913858,0.48362970658528576,-0.11134843450469098,1
11.074007965242577,0.07423041715313553,-0.7363463999840648,0.07398253575894737,0.14940450722154097,0.4825162222402388,-0.12342571229242932,1
11.084011585807385,0.06687435140687077,-0.7356065746264754,0.10071558757739689,0.1542173268727141,0.4812819651173145,-0.1354711719775748,1
11.094015206372193,0.05952835721936375,-0.7345994187507014,0.12735141149873852,0.1590165994066895,0.4799272533975388,-0.14748096752707962,1
11.104018826937002,0.05219509817300661,-0.733325904635714,0.15388101025203516,0.16380112384391218,0.478452443722268,-0.15945127004313236,1
11.11402244750181,0.044877227227674676,-0.7317870945331937,0.18029544037774528,0.16856970315413056,0.47685793102183666,-0.17137826902863956,1
11.124026068066618,0.03757738582638051,-0.7299841401294163,0.20658581518418778,0.17332114463744605,0.4751441483315503,-0.18325817364422056,1
11.134029688631426,0.030298203006604768,-0.7279182819775744,0.2327433076790977,0.17805426030339713,0.4733115665951081,-0.19508721395630318,1
11.144033309196233,0.023042294517596935,-0.7255908489007834,0.25875915347531847,0.18276786724795258,0.47136069445554507,-0.20686164217591016,1
11.154036929761043,0.01581226194393663,-0.7230032573660302,0.2846246536696866,0.18746078802829044,0.469292078033786,-0.21857773388773244,1
11.16404055032585,0.008610691835643298,-0.7201570108293334,0.3103311776941763,0.19213185103523953,0.46710630069490866,-0.23023178926908708,1
11.174044170890658,0.0014401548451193815,-0.7170536990523916,0.3358701661383819,0.1967798908632617,0.4648039828022178,-0.24182013429836408,1
11.184047791455466,-0.005696795128790696,-0.7136949973910077,0.3612331335424277,0.20140374867785404,0.46238578145923415,-0.25333912195256814,1
11.194051412020274,-0.012797621789346531,-0.7100826660555835,0.38641167115940744,0.20600227258025114,0.4598523902397085,-0.2647851333935685,1
11.204055032585083,-0.019859807282786426,-0.7062185493439894,0.411397449686466,0.21057431796930887,0.4572045389057728,-0.27615457914267255,1
11.214058653149891,-0.026880853031257673,-0.7021045748471247,0.4361822219636503,0.21511874790045232,0.45444299311434605,-0.2874439002431446,1
11.224062273714699,-0.03385828055753255,-0.6977427526274882,0.4607578256396667,0.21963443344157146,0.4515685541119146,-0.29864956941029547,1
11.234065894279507,-0.04078963230124347,-0.6931351743710915,0.4851161858036983,0.2241202540257496,0.4485820584178116,-0.30976809216877427,1
11.244069514844314,-0.04767247242637401,-0.6882840125130545,0.5092493175824437,0.22857509780071084,0.4454843774961239,-0.3207960079766973,1
11.254073135409124,-0.05450438761974631,-0.6831915193372301,0.5331493287015594,0.2329978619748744,0.4422764174163569,-0.3317298913362564,1
11.264076755973932,-0.061282987880248455,-0.6778600260502146,0.5568084220106926,0.23738745315990434,0.43895911850299435,-0.34256635289045223,1
11.27408037653874,-0.06800590729854954,-0.6722919418301077,0.5802188979713154,0.24174278770964525,0.43553345497408985,-0.35330204050560376,1
11.284083997103547,-0.07467080482705349,-0.6664897528503945,0.603373157106575,0.24606279205533557,0.4320004345690338,-0.36393364033929243,1
11.294087617668355,-0.08127536503984678,-0.6604560212793287,0.626263702412398,0.25034640303699196,0.4283610981656409,-0.37445787789340285,1
11.304091238233164,-0.08781729888239882,-0.6541933842552047,0.6488831417290964,0.254592568230859,0.42461651938670686,-0.3848715190519285,1
11.314094858797972,-0.09429434441077796,-0.6477045528379137,0.6712241900727375,0.2588002462728209,0.4207678041961876,-0.3951713711032176,1
11.32409847936278,-0.10070426752014983,-0.6409923109371863,0.6932796719255592,0.26296840717767245,0.4168160904851554,-0.4053542837463378,1
11.334102099927588,-0.10704486266232913,-0.6340595142179307,0.715042523484723,0.2670960326541494,0.412762547647692,-0.41541715008124774,1
11.344105720492395,-0.11331395355215997,-0.6269090889830835,0.7365057948687148,0.2711821164156182,0.4086083761468795,-0.4253569075824661,1
11.354109341057205,-0.11950939386250393,-0.6195440310343964,0.7576626522807197,0.27522566448632874,0.40435480707105487,-0.43517053905593817,1
11.364112961622013,-0.12562906790761982,-0.6119674045115892,0.778506380128311,0.2792256955031337,0.40000310168049547,-0.4448550735788031,1
11.37411658218682,-0.13167089131472287,-0.6041823407103061,0.7990303830988106,0.2831812410125808,0.39555455094470743,-0.4544075874217744,1
11.384120202751628,-0.13763281168351604,-0.596192036879318,0.8192281881896974,0.2870913457632857,0.3910104750704897,-0.4638252049538507,1
11.394123823316436,-0.14351280923349025,-0.587999754997421,0.8390934466934501,0.29095506799349524,0.3863722230209512,-0.47310509952908064,1
11.404127443881245,-0.1493088974387951,-0.5796088205304865,0.8586199361362344,0.29477147971375184,0.3816411720256604,-0.48224449435511296,1
11.414131064446053,-0.15501912365048634,-0.5710226211691242,0.8778015621698567,0.2985396669845729,0.3768187270821093,-0.49124066334327016,1
11.424134685010861,-0.1606415697059606,-0.5622446055474256,0.8966323604164266,0.3022587301890597,0.3719063204486766,-0.500090931939888,1
11.434138305575669,-0.16617435252539323,-0.5532782819432613,0.9151064982651844,0.30592778430035245,0.3669054111292777,-0.5087926779386734,1
11.444141926140476,-0.17161562469499933,-0.5441272169606095,0.9332182766209712,0.30954595914385136,0.36181748434989097,-0.5173433322738398,1
11.454145546705286,-0.17696357503694332,-0.5347950341943998,0.9509621316038328,0.3131123996541229,0.3566440510271526,-0.5257403797937815,1
11.464149167270094,-0.18221642916572695,-0.5252854128783615,0.9683326361992681,0.31662626612641503,0.35138664722921475,-0.5339813600150635,1
11.474152787834901,-0.18737245003089065,-0.5156020865163689,0.9853245018586514,0.3200867344627057,0.34604683362906413,-0.5420638678565027,1
11.48415640839971,-0.19242993844586848,-0.5057488414977823,1.0019325800493726,0.3234929964122107,0.3406261949504991,-0.5499855543531291,1
11.494160028964519,-0.19738723360284136,-0.49572951569728857,1.0181518637542621,0.32684425980628035,0.33512633940696784,-0.5577441273498185,1
11.504163649529326,-0.20224271357343881,-0.48554799705974594,1.0339774889198807,0.33013974878761504,0.32954889813346966,-0.5653373521744007,1
11.514167270094134,-0.2069947957951443,-0.47520822217054715,1.0494047358532748,0.3333787040337323,0.32389552461172566,-0.5727630522900492,1
11.524170890658942,-0.21164193754326444,-0.4647141748120144,1.0644290305668167,0.3365603829746206,0.3181678940888252,-0.5800191099267675,1
11.53417451122375,-0.2161826363883279,-0.4540698845063462,1.079045946070769,0.3396840600045162,0.3123677029895575,-0.5871034666917998,1
11.54417813178856,-0.2206154306387843,-0.44327942504563855,1.0932512036132231,0.3427490266877426,0.3064966683226395,-0.5940141241587908,1
11.554181752353367,-0.22493889976887937,-0.43234691300950634,1.1070406738670924,0.3457545919585531,0.30055652708105157,-0.6007491444355376,1
11.564185372918175,-0.22915166483158772,-0.4212765062708354,1.1204103780638504,0.3487000823149201,0.2945490356366962,-0.6073066507101775,1
11.574188993482982,-0.2332523888564897,-0.4100724024901969,1.1333564890737244,0.35158484200621604,0.28847596912959445,-0.6136848277756651,1
11.58419261404779,-0.2372397772324843,-0.39873883759945966,1.1458753324320794,0.3544082332147344,0.28233912085183777,-0.6198819225324025,1
11.5941962346126,-0.24111257807523567,-0.3872800842751389,1.1579633873117343,0.35716963623099957,0.27614030162651376,-0.6258962444688866,1
11.604199855177407,-0.2448695825792559,-0.37570045040202155,1.1696172874409898,0.35986844962281783,0.2698813391818249,-0.6317261661202561,1
11.614203475742215,-0.248509625354532,-0.36400427752761166,1.1808338219671424,0.36250409039802406,0.26356407752062233,-0.6373701235046183,1
11.624207096307023,-0.2520315847476114,-0.35219593930794024,1.191609936265302,0.3650759941608798,0.25719037628557617,-0.6428266165370489,1
11.63421071687183,-0.25543438314706424,-0.3402798399452872,1.201942732692332,0.3675836152620819,0.25076211012020566,-0.6480942094211668,1
11.64421433743664,-0.2587169872732479,-0.3282604126183639,1.2118294712857582,0.37002642694234184,0.244281168025994,-0.653171531018189,1
11.654217958001448,-0.2618784084523029,-0.31614211790550634,1.22126757040751,0.37240392146949997,0.2377494527158121,-0.6580572751933841,1
11.664221578566256,-0.26491770287431726,-0.30392944220143125,1.2302546073323768,0.37471561026913874,0.23116887996387825,-0.6627502011398437,1
11.674225199131063,-0.2678339718355983,-0.2916268961281075,1.23878831878108,0.37696102404866355,0.2245413779524798,-0.6672491336795098,1
11.684228819695871,-0.2706263619650013,-0.2792390129402967,1.2468666013978837,0.3791397129148204,0.2178688866156847,-0.6715529635413902,1
11.69423244026068,-0.2732940654342645,-0.26677034692631785,1.25448751217268,0.3812512464846231,0.2111533569802708,-0.6756606476169146,1
11.704236060825489,-0.2758363201523104,-0.25422547180459104,1.2616492688075136,0.3832952139896641,0.20439675050410164,-0.6795712091923847,1
11.714239681390296,-0.27825240994347555,-0.2416089791165159,1.268350250027516,0.38527122437378586,0.1976010384121778,-0.6832837381584792,1
11.724243301955104,-0.280541664709638,-0.22892547661624074,1.274588995836254,0.3871789063840918,0.190768201030593,-0.6867973911967891,1
11.734246922519912,-0.28270346057621676,-0.2161795866578782,1.280364207715504,0.3890179086552781,0.1839002271186251,-0.6901113919433574,1
11.744250543084721,-0.284737220022024,-0.20337594458072317,1.2856747487694866,0.39078789978726997,0.17699911319919154,-0.6932250311292131,1
11.754254163649529,-0.2866424119929543,-0.1905191970930283,1.2905196438136175,0.392488568416149,0.1700668628878994,-0.6961376666978932,1
11.764257784214337,-0.2884185519995032,-0.17761400065489213,1.2948980794078464,0.3941196232783582,0.16310548622092047,-0.6988487238999535,1
11.774261404779145,-0.2900652021981114,-0.16466501986081367,1.2988094038346742,0.3956807932681774,0.15611699898192094,-0.7013576953644809,1
11.784265025343952,-0.2915819714563361,-0.15167692582246692,1.3022531270219617,0.39717182748846014,0.14910342202827614,-0.7036641411476239,1
11.794268645908762,-0.29296851540185853,-0.1386543945522473,1.305228920410653,0.39859249529462815,0.1420667806167999,-0.7057676887581666,1
11.80427226647357,-0.2942245364553399,-0.12560210534814076,1.3077366167675684,0.3999425863319203,0.13500910372921823,-0.707668033160182,1
11.814275887038377,-0.29534978384714455,-0.11252473918046507,1.3097762099434231,0.40122191056589646,0.1279324233976164,-0.7093649367528027,1
11.824279507603185,-0.29634405361795485,-0.09942697708103083,1.311347854576268,0.40243029830619736,0.12083877403008837,-0.7108582293271611,1
11.834283128167993,-0.2972071886033075,-0.08631349853526815,1.3124518657405417,0.4035676002235655,0.11373019173681675,-0.7121478080005548,1
11.844286748732802,-0.29793907840208617,-0.07318897987786273,1.3130887185419646,0.40463368736013366,0.10660871365681121,-0.713233637127901,1
11.85429036929761,-0.2985396593290106,-0.06005809269244308,1.3132590476585095,0.405628451132989,0.0994763772855322,-0.7141157481905529,1
11.864293989862418,-0.29900891435116916,-0.046925502215857985,1.3129636468277044,0.40655180333102525,0.09233521980362668,-0.7147942396625571,1
11.874297610427226,-0.299346873008645,-0.03379586574758094,1.3122034682805466,0.40740367610509526,0.0851872774070011,-0.7152692768544403,1
11.884301230992033,-0.29955361131929276,-0.020673831064775477,1.3109796221223131,0.40818402195147985,0.07803458463845671,-0.7155410917346182,1
11.894304851556843,-0.2996292516677283,-0.007564034843552345,1.3092933756605865,0.40889281368869096,0.07087917372111052,-0.7156099827285303,1
11.90430847212165,-0.29957396267859776,0.005528898913053519,1.3071461526808117,0.4095300444276292,0.06372307389382521,-0.7154763144956094,1
11.914312092686458,-0.29938795907419913,0.018600360439861637,1.304539532669743,0.41009572753511786,0.056568310748869116,-0.715140517684204,1
11.924315713251266,-0.29907150151653356,0.031645755766559064,1.301475249987127,0.4105898965908381,0.049416905572027076,-0.7146030886645743,1
11.934319333816074,-0.29862489643386925,0.04466050826643034,1.2979551929860136,0.4110126053376919,0.042270874685381335,-0.7138645892400993,1
11.944322954380883,-0.29804849583190635,0.05764006019629048,1.2939814030820826,0.4113639276256217,0.03513222879298034,-0.7129256463368261,1
11.954326574945691,-0.29734269708963523,0.0705798742271113,1.2895560737724012,0.4116439573489178,0.02800297232961208,-0.7117869516715142,1
11.964330195510499,-0.2965079427399869,0.08347543496483531,1.2846815496040402,0.41185280837704674,0.02088510281289694,-0.7104492613983232,1
11.974333816075307,-0.29554472023537814,0.09632225046087571,1.2793603250929952,0.4119906144790359,0.013780610198913707,-0.7089133957343053,1
11.984337436640116,-0.2944535616982601,0.10911585371180567,1.2735950435938705,0.4120575292414516,0.006691476241570653,-0.7071802385638687,1
11.994341057204924,-0.29323504365678266,0.12185180414774438,1.26738849612081,0.41205372598001094,-0.0003803261440680338,-0.7052507370223867,1
12.004344677769732,-0.2918897867656931,0.1345256891089525,1.2607436201201567,0.411979397644868,-0.007432833514291901,-0.703125901059132,1
12.01434829833454,-0.29041845551259154,0.14713312531015404,1.253663498195363,0.41183475671961917,-0.014464092524883222,-0.7008068029797224,1
12.024351918899347,-0.28882175790967046,0.15966976029210767,1.246151356784662,0.41162003511407236,-0.021472160554680444,-0.6982945769682747,1
12.034355539464157,-0.2871004451710709,0.17213127385995428,1.2382105647920505,0.4113354840508287,-0.02845510632436319,-0.6955904185894632,1
12.044359160028964,-0.2852553113759922,0.18451337950787478,1.229844632172128,0.41098137394572615,-0.03541101051025782,-0.6926955842706926,1
12.054362780593772,-0.28328719311769623,0.19681182582959605,1.221057208469366,0.4105579942821965,-0.042337966352964745,-0.6896113907645963,1
12.06436640115858,-0.28119696913855335,0.20902239791428973,1.2118520813123925,0.4100656534795904,-0.049234080260610706,-0.6863392145920827,1
12.074370021723388,-0.2789855599512792,0.22114091872741365,1.20223317486388,0.4095046787555251,-0.05609747240653153,-0.6828804914661513,1
12.084373642288197,-0.2766539274465187,0.23316325047605244,1.1922045482266588,0.40887541598231314,-0.06292627732119305,-0.6792367156967125,1
12.094377262853005,-0.2742030744869355,0.24508529595831902,1.1817703938066741,0.4081782295375315,-0.06971864447816017,-0.675409439576651,1
12.104380883417813,-0.2716340444879716,0.25690299989638576,1.17093503563343,0.40741350214879224,-0.07647273887392668,-0.6714002727493712,1
12.11438450398262,-0.2689479209854444,0.26861235025272007,1.159702927638567,0.40658163473277803,-0.0831867416014204,-0.6672108815580803,1
12.124388124547428,-0.26614582719015334,0.28020937952910574,1.1480786518932469,0.405683046228608,-0.0898588504170012,-0.6628429883770612,1
12.134391745112238,-0.263228925529673,0.2916901660480382,1.1360669168050115,0.4047181734256003,-0.09648728030077182,-0.658298370925196,1
12.144395365677045,-0.2601984171775121,0.30305083521608833,1.1236725552748186,0.40368747078550005,-0.10307026401002378,-0.6535788615620097,1
12.154398986241853,-0.2570555415698237,0.3142875607688365,1.1109005228149473,0.4025914102592436,-0.10960605262564388,-0.6486863465665029,1
12.16440260680666,-0.2538015759098538,0.32539656599698596,1.0977558956284947,0.4014304810983305,-0.11609291609130891,-0.6436227653990534,1
12.174406227371469,-0.2504378346603211,0.3363741249532709,1.0842438686511868,0.40020518966087754,-0.12252914374529944,-0.6383901099466688,1
12.184409847936278,-0.24696566902392328,0.34721656363978276,1.070369753556243,0.3989160592124299,-0.12891304484476612,-0.6329904237518765,1
12.194413468501086,-0.24338646641216982,0.3579202611753452,1.0561389767230476,0.397563629721607,-0.1352429490822849,-0.6274258012255484,1
12.204417089065894,-0.23970164990274406,0.3684816509425757,1.0415570771703788,0.39614845765066165,-0.14151720709454038,-0.6216983868439517,1
12.214420709630701,-0.23591267768560126,0.3788972217142795,1.02662970445498,0.39467111574103186,-0.1477341909629799,-0.6158103743303351,1
12.22442433019551,-0.23202104249801297,0.38916351875882926,1.0113626165362422,0.39313219279396905,-0.15389229470628327,-0.6097640058213536,1
12.234427950760319,-0.22802827104877105,0.3992771449241917,0.9957616776077989,0.39153229344632406,-0.1599899347644968,-0.6035615710186454,1
12.244431571325126,-0.22393592343176835,0.4092347617002697,0.9798328558968283,0.3898720379415772,-0.16602555047468326,-0.5972054063258773,1
12.254435191889934,-0.21974559252917597,0.41903309025923796,0.9635822214318781,0.3881520618961978,-0.17199760453794202,-0.5906978939715796,1
12.264438812454742,-0.2154589034044404,0.42866891247355676,0.9470159437800312,0.3863730160614212,-0.1779045834776578,-0.5840414611180959,1
12.27444243301955,-0.21107751268532685,0.4381390719113571,0.9301402897542419,0.38453556608053285,-0.18374499808883876,-0.5772385789569758,1
12.28444605358436,-0.20660310793723785,0.44744047480889954,0.9129616210916824,0.3826403922417488,-0.18951738387840852,-0.5702917617911458,1
12.294449674149167,-0.20203740702703968,0.4565700910198164,0.8954863921039413,0.3806881892267856,-0.19522030149631997,-0.5632035661041932,1
12.304453294713975,-0.19738215747763113,0.4655249549408558,0.8777211472999342,0.37867966585521196,-0.2008523371573619,-0.5559765896171068,1
12.314456915278782,-0.19263913581349257,0.47430216641385514,0.8596725189823833,0.37661554482467663,-0.20641210305353297,-0.5486134703328159,1
12.32446053584359,-0.1878101468974558,0.482898891603679,0.8413472248187395,0.374496562447108,-0.21189823775686112,-0.5411168855688776,1
12.3344641564084,-0.1828970232589371,0.4913123638518664,0.8227520653874205,0.3723234683809825,-0.21730940661254988,-0.5334895509786646,1
12.344467776973207,-0.17790162441387972,0.4995398845057406,0.8038939217002502,0.37009702535975914,-0.22264430212233652,-0.5257342195614052,1
12.354471397538015,-0.1728258361766523,0.5075788237227431,0.7847797527019879,0.3678180089165796,-0.22790164431795057,-0.5178536806614369,1
12.364475018102823,-0.16767156996415467,0.515426621249763,0.7654165927478453,0.36548720710533394,-0.23308018112456494,-0.509850758957032,1
12.37447863866763,-0.16244076209238226,0.5230807871772415,0.745811549059891,0.3631054202181926,-0.23817868871413525,-0.5017283134391612,1
12.38448225923244,-0.15713537306570385,0.5305389026678404,0.7259717991632508,0.36067346049970733,-0.24319597184852687,-0.4934892363805585,1
12.394485879797248,-0.1517573868591091,0.5377986206594729,0.7059045883030168,0.358192151857584,-0.24813086421233246,-0.4851364522954599,1
12.404489500362056,-0.14630881019368408,0.5448576665425031,0.6856172268427828,0.35566232957023114,-0.2529822287352871,-0.47667291689038654,1
12.414493120926863,-0.14079167180557478,0.551713838810931,0.6651170876457273,0.3530848399911892,-0.25774895790419095,-0.4681016160063449,1
12.424496741491671,-0.1352080217087009,0.5583650096873882,0.6444116034391717,0.3504605402505467,-0.2624299740642544,-0.45942556455282213,1
12.43450036205648,-0.1295599304514831,0.56480912572178,0.6235082641635421,0.34779029795344885,-0.2670242297097826,-0.45064780543395366,1
12.444503982621288,-0.12384948836784894,0.5710442083634154,0.6024146143066713,0.3450749908758076,-0.27153070776412214,-0.44177140846724433,1
12.454507603186096,-0.11807880482278411,0.5770683545064821,0.5811382502243756,0.3423155066573197,-0.2759484218487946,-0.43279946929522434,1
12.464511223750904,-0.11225000745269685,0.5828797370087259,0.5596868174482477,0.3395127424919022,-0.28027641654174684,-0.4237351082904244,1
12.474514844315713,-0.10636524140086477,0.5884766051832083,0.5380680079816084,0.3366676048156557,-0.2845137676246511,-0.4145814694540554,1
12.484518464880521,-0.10042666854823452,0.5938572852630244,0.5162895575845625,0.3337810089924638,-0.28865958231919164,-0.40534171930877916,1
12.494522085445329,-0.09443646673984582,0.59902018083887,0.49435924304910445,0.33085387899734103,-0.2927129995122794,-0.39601904578595887,1
12.504525706010137,-0.0883968290071522,0.603963773269361,0.472284879465224,0.32788714709763966,-0.29667318997013903,-0.38661665710777793,1
12.514529326574944,-0.08230996278651208,0.6086866220640132,0.4500743174789611,0.3248817535322275,-0.30053935654121683,-0.3771377806646179,1
12.524532947139754,-0.07617808913412405,0.6131873652388029,0.42773544054336043,0.32183864618874886,-0.304310734347863,-0.3675856618880866,1
12.534536567704562,-0.07000344193768168,0.6174647196442365,0.4052761621632792,0.31875878027908144,-0.30798659096674386,-0.35796356312008876,1
12.54454018826937,-0.06378826712502299,0.6215174812658694,0.3827044231349971,0.315643118013102,-0.31156622659794475,-0.34827476247833056,1
12.554543808834177,-0.057534821870050795,0.6253445254972193,0.36002818878158327,0.31249262827087476,-0.31504897422272804,-0.3385225527186527,1
12.564547429398985,-0.05124537379620044,0.6289448073850351,0.33725544618496994,0.30930828627337564,-0.31843419974991455,-0.3287102400945846,1
12.574551049963794,-0.044922200177731596,0.6323173618468848,0.3143942014156848,0.306091073251867,-0.32172130215086037,-0.31884114321451257,1
12.584554670528602,-0.03856758713912118,0.6354613038610416,0.2914524767611922,0.30284197611603697,-0.32490971358300547,-0.3089185918968576,1
12.59455829109341,-0.03218382885283465,0.6383758286286535,0.2684383079537905,0.2995619871210172,-0.32799889950197403,-0.2989459260236545,1
12.604561911658218,-0.025773226735752733,0.6410602117081914,0.245359741399015,0.2962521035333951,-0.33098835876221055,-0.2889264943929268,1
12.614565532223025,-0.019338088644530918,0.6435138091221816,0.2222248314054901,0.2929133272963337,-0.3338776237061398,-0.2788636535702506,1
12.624569152787835,-0.012880728070168553,0.6457360574362365,0.19904163741717362,0.28954666469391527,-0.3366662602418423,-0.26876076673989957,1
12.634572773352643,-0.0064034633320644695,0.6477264738104083,0.17581822124893462,0.28615312601482285,-0.3393538679092413,-0.2586212025559632,1
12.64457639391745,9.138322816450682e-05,0.6494846560228976,0.15256264432640182,0.28273372521547485,-0.34194007993480097,-0.24844833399383026,1
12.654580014482258,0.006601486052826124,0.6510102824661617,0.1292829649310168,0.2792894795827275,-0.34442456327473925,-0.23824553720242744,1
12.664583635047066,0.013124517173980842,0.6523031121154719,0.10598723545122296,0.2758214093962599,-0.3468070186467635,-0.22801619035760268,1
12.674587255611875,0.019658147018680683,0.6533629844699841,0.08268349964071761,0.2723305375907565,-0.34908718055033955,-0.21776367251704185,1
12.684590876176683,0.026200045213344597,0.6541898194663912,0.05937978988468934,0.2688178894180014,-0.35126481727550996,-0.20749136247710578,1
12.694594496741491,0.03274788138699698,0.6547836173652382,0.03608412447496001,0.26528449210899857,-0.35333973090028103,-0.1972026376319735,1
12.704598117306299,0.03929932597309686,0.6551444586099877,0.012804504894944418,0.2617313745362326,-0.35531175727660075,-0.18690087283547563,1
12.714601737871106,0.045852051009686236,0.6552725036589372,-0.010451086884663147,0.258159566876183,-0.3571807660049555,-0.17658943926600124,1
12.724605358435916,0.05240373093758714,0.6551679927900905,-0.03367469109857266,0.2545701002722069,-0.3589466603976155,-0.1662717032948582,1
12.734608979000724,0.05895204339637819,0.6548312458791048,-0.05685837286705431,0.25096400649790124,-0.3606093774305641,-0.15595102535846664,1
12.744612599565531,0.06549467001788253,0.6542626621504343,-0.07999422486267468,0.24734231762105974,-0.36216888768414873,-0.14563075883476234,1
12.75461622013034,0.07202929721690061,0.6534627199018075,-0.10307436996272862,0.24370606566833478,-0.36362519527249637,-0.1353142489241845,1
12.764619840695147,0.07855361697892242,0.6524319762021802,-0.12609096388648594,0.2400562822907174,-0.3649783377617382,-0.12500483153562114,1
12.774623461259957,0.08506532764455557,0.6511710665633154,-0.14903619781638336,0.23639399842994646,-0.3662283860770944,-0.11470583217768145,1
12.784627081824764,0.09156213469040708,0.6496807045851515,-0.1719023010022938,0.23272024398595775,-0.3673754443988712,-0.10442056485566355,1
12.794630702389572,0.09804175150615836,0.6479616815751286,-0.19468154334801735,0.22903604748548348,-0.3684196500474278,-0.09415233097458231,1
12.80463432295438,0.10450190016757485,0.6460148661416484,-0.2173662379791425,0.22534243575191173,-0.36936117335717367,-0.08390441824861952,1
12.814637943519188,0.11094031220519342,0.6438412037618569,-0.2399487437914365,0.22164043357651514,-0.37020021753965987,-0.07368009961735573,1
12.824641564083997,0.11735472936843284,0.6414417163239425,-0.26242146797893023,0.2179310633911568,-0.37093701853583344,-0.06348263216914063,1
12.834645184648805,0.12374290438487437,0.6388175016441532,-0.28477686854087214,0.21421534494258157,-0.37157184485752487,-0.05331525607195471,1
12.844648805213613,0.1301026017144618,0.6359697329587445,-0.30700745676673513,0.21049429496839914,-0.37210499741824443,-0.043181193512112886,1
12.85465242577842,0.1364315982983726,0.6328996583910771,-0.32910579969846776,0.20676892687486548,-0.3725368093533656,-0.03308364764115632,1
12.864656046343228,0.14272768430231353,0.6296086003940924,-0.3510645225691914,0.2030402504165677,-0.37286764582977716,-0.02302580153127646,1
12.874659666908038,0.14898866385399753,0.6260979551684005,-0.37287631121755593,0.1993092713781168,-0.37309790384508995,-0.013010817139610269,1
12.884663287472845,0.15521235577455977,0.622369192056225,-0.3945339144769724,0.19557699125795194,-0.37322801201648603,-0.003041834281743566,1
12.894666908037653,0.16139659430367434,0.6184238529114553,-0.41603014653895515,0.19184440695435892,-0.37325843035930345,0.006878030385245766,1
12.90467052860246,0.167539229818135,0.6142635514460657,-0.4373578892898137,0.18811251045380442,-0.373189650055451,0.01674568436987567,1
12.914674149167269,0.17363812954366667,0.6098899725531676,-0.45851009461994663,0.1843822885216869,-0.3730221932117523,0.026558060343155006,1
12.924677769732078,0.17969117825973635,0.6053048716069681,-0.479479786704999,0.18065472239560368,-0.3727566126083207,0.036312117124964745,1
12.934681390296886,0.18569627899713553,0.6005100737399182,-0.5002600642581573,0.17693078748123298,-0.37239349143707107,0.046004840659609664,1
12.944685010861694,0.1916513537281089,0.5955074730973365,-0.5208441027528659,0.17321145305092822,-0.371933443030475,0.05563324498022818,1
12.954688631426501,0.19755434404880698,0.5902990320698078,-0.541225156615261,0.1694976819451215,-0.3713771105806727,0.06519437316175275,1
12.96469225199131,0.20340321185384352,0.5848867805036552,-0.5613965613856307,0.16579043027663093,-0.37072516684905515,0.07468529826211812,1
12.974695872556119,0.20919594000274153,0.5792728148897989,-0.5813517358482178,0.1620906471379666,-0.369978313866434,0.08410312425141833,1
12.984699493120926,0.2149305329780547,0.5734592975313167,-0.6010841841287,0.1583992743117274,-0.3691372826239198,0.09344498692871928,1
12.994703113685734,0.220605017534955,0.5674484556900298,-0.6205874977586899,0.15471724598418107,-0.3682028327546326,0.10270805482623721,1
13.004706734250542,0.22621744334207944,0.5612425807124429,-0.6398553577066095,0.15104548846211738,-0.3671757522063702,0.11188953010059909,1
13.014710354815351,0.2317658836134332,0.5548440271353768,-0.6588815363743112,0.14738491989306374,-0.3660568569053642,0.1209866494109059,1
13.024713975380159,0.23724843573114954,0.5482552117716337,-0.6776598995588241,0.1437364499889512,-0.3648469904112552,0.12999668478332388,1
13.034717595944967,0.24266322185890998,0.5414786127760455,-0.6961844083786222,0.14010097975331698,-0.36354702356342194,0.1389169444619352,1
13.044721216509775,0.24800838954583257,0.5345167686922593,-0.7144491211638206,0.13647940121212895,-0.3621578541188026,0.14774477374558387,1
13.054724837074582,0.2532821123206388,0.5273722774806211,-0.7324481953097252,0.13287259714831548,-0.36068040638134674,0.156477555810458,1
13.064728457639392,0.258482590275914,0.5200477955275239,-0.7501758890931638,0.12928144084008306,-0.35911563082324216,0.16511271251815518,1
13.0747320782042,0.26360805064227993,0.5125460366365923,-0.7676265634510558,0.12570679580310246,-0.3574645036980606,0.17364770520898354,1
13.084735698769007,0.26865674835230074,0.5048697710020817,-0.7847946837206758,0.12214951553664274,-0.35572802664597075,0.1820800354802551,1
13.094739319333815,0.27362696659394947,0.497021824164875,-0.8016748213410924,0.11861044327373106,-0.3539072262911682,0.19040724594933525,1
13.104742939898623,0.2785170173534641,0.4890050759514641,-0.8182616555152709,0.11509041173541432,-0.35200315383167485,0.1986269210012173,1
13.114746560463432,0.28332524194742725,0.48082245939631135,-0.8345499748323463,0.1115902428891977,-0.3500168846216627,0.20673668752039584,1
13.12475018102824,0.28805001154390714,0.4724769596479879,-0.8505346788495858,0.10811074771173311,-0.3479495177464587,0.21473421560681988,1
13.134753801593048,0.29268972767250206,0.46397161285949207,-0.8662107796335754,0.10465272595582921,-0.3458021755903905,0.22261721927571193,1
13.144757422157856,0.2972428227231336,0.4553095050631563,-0.8815734032601792,0.10121696592185288,-0.3435760033976334,0.2303834571410441,1
13.154761042722663,0.30170776043343916,0.44649377103055454,-0.8966177912728377,0.09780424423359065,-0.34127216882622297,0.23803073308247083,1
13.164764663287473,0.3060830363646174,0.4375275931178262,-0.9113393020987809,0.09441532561863666,-0.33889186149539824,0.24555689689552057,1
13.17476828385228,0.3103671783655858,0.4284142000968384,-0.9257334124227529,0.09105096269337223,-0.336436292526443,0.2529598449248579,1
13.184771904417088,0.3145587470253119,0.41915686597261087,-0.9397957185178576,0.08771189575260029,-0.3339066940771944,0.26023752068043104,1
13.194775524981896,0.3186563361131862,0.4097589087874323,-0.9535219375331487,0.08439885256389638,-0.33130431887039014,0.26738791543632884,1
13.204779145546704,0.3226585730073072,0.40022368941210085,-0.9669079087376057,0.08111254816673612,-0.32863043971602685,0.27440906881217375,1
13.214782766111513,0.32656411911055444,0.39055461032472477,-0.9799495947201512,0.07785368467645706,-0.3258863490279051,0.28129906933688786,1
13.224786386676321,0.3303716702543297,0.38075511437752324,-0.992643082545382,0.0746229510931117,-0.3230733583345362,0.28805605499467163,1
13.234790007241129,0.3340799570898504,0.37082868355206944,-1.0049845848646992,0.07142102311526581,-0.3201927977845895,0.2946782137530435,1
13.244793627805937,0.3376877454668846,0.36077883770342245,-1.016970440982543,0.06824856295879522,-0.31724601564705907,0.3011637840727953,1
13.254797248370744,0.34119383679982057,0.350609133293597,-1.0285971178774491,0.06510621918073191,-0.3142343778063311,0.3075110553997218,1
13.264800868935554,0.3445970684209688,0.3403231621148225,-1.0398612111776624,0.06199462650820857,-0.3111592672523339,0.3137183686379936,1
13.274804489500362,0.3478963139209993,0.3299245500030459,-1.050759446091058,0.05891440567254903,-0.30802208356595395,0.3197841166050457,1
13.28480811006517,0.35109048347642063,0.3194169555421353,-1.0612886782891389,0.055866163248549996,-0.3048242423999035,0.325706744467861,1
13.294811730629977,0.3541785241640131,0.3088040687592439,-1.0714458947448904,0.052850491498997745,-0.3015671749552249,0.33148475016053786,1
13.304815351194785,0.35715942026213104,0.298089609811795,-1.0812282145242906,0.04986796822446155,-0.2982523274536195,0.3371166847830315,1
13.314818971759594,0.36003219353879656,0.2872773276665521,-1.0906328895312964,0.04691915661840366,-0.29488116060578917,0.3426011529809718,1
13.324822592324402,0.362795903526509,0.27637099877123916,-1.099657305206131,0.04400460512764386,-0.29145514907597947,0.34793681330646303,1
13.33482621288921,0.36544964778370076,0.26537442571917785,-1.108298981176723,0.04112484731821472,-0.2879757809429148,0.35312237855977757,1
13.344829833454018,0.36799256214277487,0.2542914359074106,-1.1165555718631652,0.038280401746641546,-0.28444455715731704,0.358156616111865,1
13.354833454018825,0.37042382094466264,0.24312588018877895,-1.1244248670350643,0.035471771836679565,-0.2808629909961984,0.36303834820760295,1
13.364837074583635,0.3727426372598469,0.2318816315184283,-1.131904792321688,0.03269944576153834,-0.2772326075141224,0.3677664522497208,1
13.374840695148443,0.37494826309579904,0.22056258359521141,-1.1389934096748173,0.029963896331622088,-0.2735549429916252,0.37233986106333944,1
13.38484431571325,0.37703998959078366,0.20917264949846323,-1.1456889177842315,0.02726558088781217,-0.2698315443809918,0.3767575631410707,1
13.394847936278058,0.3790171471939899,0.1977157603206209,-1.1519896524457773,0.02460494120031636,-0.26606396874958105,0.3810186028686316,1
13.404851556842866,0.3808791058319515,0.18619586379616312,-1.1578940868819796,0.02198240337310741,-0.2622537827208947,0.38512208073093357,1
13.414855177407675,0.38262527506122496,0.17461692292734332,-1.1634008320151719,0.019398377753971557,-0.2584025619135854,0.38906715349861193,1
13.424858797972483,0.38425510420729686,0.1629829146071916,-1.1685086366931432,0.016853258850185564,-0.2545118903785993,0.3928530343949712,1
13.434862418537291,0.38576808248969946,0.15129782824026017,-1.1732163878673112,0.014347425249839068,-0.2505833600346496,0.39647899324332536,1
13.444866039102099,0.3871637391333153,0.13956566436158704,-1.1775231107234465,0.011881239548816905,-0.24661857010221633,0.39994435659472,1
13.454869659666908,0.38844164346585885,0.12779043325435258,-1.181427968764993,0.009455048283454214,-0.24261912653626913,0.40324850783603156,1
13.464873280231716,0.3896014050015259,0.11597615356670264,-1.184930263849043,0.007069181868875125,-0.2385866414579088,0.40639088727844164,1
13.474876900796524,0.390642673510808,0.10412685092821221,-1.1880294361750425,0.004723954543023882,-0.2345227325851244,0.4093709922262966,1
13.484880521361331,0.3915651390764726,0.09224655656646179,-1.190725064226315,0.0024196643163952674,-0.23042902266286144,0.41218837702636346,1
13.49488414192614,0.3923685321357146,0.08033930592419863,-1.1930168646645143,0.00015659292746928897,-0.22630713889259782,0.4148426530975051,1
13.504887762490949,0.39305262350849013,0.06840913727755349,-1.194904692177128,-0.0020649941961469387,-0.22215871236162277,0.4173334889407993,1
13.514891383055756,0.39361722441204794,0.05646009035578221,-1.1963885392781695,-0.004244847970869086,-0.21798537747221478,0.4196606101301385,1
13.524895003620564,0.39406218646167795,0.04449620496300051,-1.1974685360622122,-0.00638273568457822,-0.2137887713709134,0.4218237992833475,1
13.534898624185372,0.39438740165770175,0.03252151960237839,-1.1981449499119399,-0.008478441018359019,-0.20957053337807993,0.4238228960138688,1
13.54490224475018,0.39459280235873434,0.020540070103258992,-1.1984181851593931,-0.010531764062538432,-0.20533230441794123,0.4256577968630669,1
13.55490586531499,0.394678361241251,0.008555888251665061,-1.1982887827011175,-0.012542521327031538,-0.20107572644931057,0.4273284552132136,1
13.564909485879797,0.39464409124549754,-0.0034269995753461145,-1.1977574195674268,-0.014510545746003323,-0.19680244189717844,0.4288348811812187,1
13.574913106444605,0.3944900455077873,-0.015404573771020382,-1.196824908446015,-0.016435686676856985,-0.19251409308536624,0.4301771414931809,1
13.584916727009412,0.3942163172792325,-0.02737282285548053,-1.1954921971601629,-0.01831780989356133,-0.18821232167043442,0.4313553593398373,1
13.59492034757422,0.3938230398309617,-0.039327744827082164,-1.1937603681018003,-0.02015679757433169,-0.18389876807703603,0.43236971421299697,1
13.60492396813903,0.39331038634588067,-0.05126534850810017,-1.1916306376197028,-0.02195254828368075,-0.17957507093490607,0.433220441723052,1
13.614927588703837,0.3926785697970377,-0.0631816548842972,-1.189104355363111,-0.023704976948857506,-0.17524286651767557,0.4339078333976627,1
13.624931209268645,0.3919278428126584,-0.07507269843792831,-1.186183003581084,-0.025414014830694494,-0.17090378818369895,0.4344322364617228,1
13.634934829833453,0.39105849752792105,-0.08693452847373916,-1.1828681963779006,-0.02707960948888531,-0.1665594658190817,0.43479405359871454,1
13.64493845039826,0.39007086542354585,-0.09876321043751816,-1.1791616789248502,-0.028701724741716256,-0.16221152528309457,0.4349937426935716,1
13.65494207096307,0.3889653171512782,-0.11055482722676667,-1.1750653266287592,-0.030280340620277846,-0.15786158785615886,0.43503181655717194,1
13.664945691527878,0.3877422623463476,-0.12230548049305426,-1.1705811442576157,-0.03181545331718372,-0.15351126969058715,0.43490884263259005,1
13.674949312092686,0.3864021494269913,-0.1340112919356304,-1.165711265023674,-0.03330707512982633,-0.14916218126426126,0.43462544268324377,1
13.684952932657493,0.3849454653811326,-0.14566840458586716,-1.160457949624425,-0.034755234398200614,-0.14481592683742883,0.4341822924630761,1
13.694956553222301,0.3833727355403115,-0.1572729840821114,-1.1548235852418407,-0.036159975437328594,-0.14047410391279808,0.4335801213689199,1
13.70496017378711,0.3816845233409662,-0.1688212199345298,-1.1488106845003123,-0.037521358464319685,-0.13613830269910887,0.43281971207519676,1
13.714963794351918,0.3798814300731709,-0.18030932677953293,-1.1424218843837093,-0.03883945952010325,-0.1318101055783569,0.43190190015110985,1
13.724967414916726,0.3779640946169372,-0.19173354562337003,-1.1356599451120093,-0.04011437038587171,-0.1274910865768458,0.4308275736604935,1
13.734971035481534,0.3759331931661923,-0.2030901450744901,-1.128527748977953,-0.04134619849427412,-0.12318281084024087,0.4295976727444905,1
13.744974656046342,0.3737894389405496,-0.21437542256426964,-1.1210282991441969,-0.042535066835402084,-0.11888683411279596,0.4282131891872313,1
13.754978276611151,0.37153358188499247,-0.2255857055557116,-1.1131647184014464,-0.04368111385761132,-0.11460470222092366,0.4266751659646961,1
13.764981897175959,0.36916640835759523,-0.23671735273972608,-1.1049402478880646,-0.04478449336322409,-0.1103379505612767,0.424984696776947,1
13.774985517740767,0.36668874080540914,-0.24776675521860672,-1.0963582457716652,-0.045845374399159165,-0.10608810359350723,0.423142925563919,1
13.784989138305574,0.3641014374286459,-0.25873033767632336,-1.087422185893211,-0.04686394114253785,-0.10185667433786805,0.42115104600497055,1
13.794992758870382,0.36140539183329334,-0.2696045595352555,-1.0781356563741449,-0.047840392781316035,-0.09764516387781834,0.41901030100239123,1
13.804996379435192,0.3586015326723034,-0.28038591609899693,-1.0685023581871047,-0.04877494338999398,-0.09345506086779443,0.4167219821490768,1
13.815,0.3556908232754947,-0.291070939680868,-1.0585261036907676,-0.04966782180045702,-0.08928784104630366,0.41428742918058215,1
13.825003620564807,0.35267426126831697,-0.30165620071777566,-1.0482108151293978,-0.050519271468002,-0.08514496675449784,0.41170802941176876,1
13.835007241129615,0.34955287817962627,-0.3121383088690696,-1.0375605230976708,-0.051329550332605806,-0.08102788646038016,0.40898521715827013,1
13.845010861694423,0.3463277390386258,-0.3225139141000463,-1.026579364971362,-0.05209893067549378,-0.07693803428879746,0.4061204731429993,1
13.855014482259232,0.3429999419611282,-0.33277970774975996,-1.0152715833045,-0.052827698971067455,-0.07287682955736746,0.4031153238879324,1
13.86501810282404,0.3395706177253002,-0.34293242358280496,-1.0036415241935919,-0.053516155734252335,-0.06884567631848813,0.3999713410914013,1
13.875021723388848,0.33604092933705276,-0.3529688388247409,-0.9916936356095382,-0.054164615363328075,-0.06484596290757412,0.39669014099113825,1
13.885025343953656,0.3324120715852444,-0.36288577518083626,-0.9794324656978706,-0.054773405978304705,-0.060879061497662736,0.3932733837133154,1
13.895028964518463,0.32868527058686625,-0.37268009983781497,-0.9668626610479458,-0.05534286925491,-0.05694632766052958,0.3897227726078292,1
13.905032585083273,0.3248617833223833,-0.38234872644829443,-0.9539889649317455,-0.05587336025425451,-0.05304909993445129,0.3860400535700829,1
13.91503620564808,0.32094289716140717,-0.3918886160976119,-0.9408162155129411,-0.05636524724824202,-0.04918869939875046,0.3822270143495243,1
13.925039826212888,0.31692992937887976,-0.4012967782527413,-0.9273493440268856,-0.05681891154079457,-0.04536642925525521,0.37828548384519983,1
13.935043446777696,0.31282422666194964,-0.41057027169301014,-0.9135933729322094,-0.0572347472849626,-0.041583574416803215,0.37421733138859253,1
13.945047067342506,0.3086271646077263,-0.4197062054223322,-0.8995534140347043,-0.05761316129599177,-0.03784140110291729,0.3700244660140098,1
13.955050687907313,0.3043401472120995,-0.42870173956267926,-0.8852346665841823,-0.057954572860419544,-0.03414115644277719,0.3657088357167968,1
13.965054308472121,0.2999646063498143,-0.4375540862285211,-0.8706424153450143,-0.05825941354127564,-0.03048406808560922,0.3612724266996509,1
13.975057929036929,0.29550200124599457,-0.44626051038197123,-0.8557820286410512,-0.05852812697946177,-0.02687134381861271,0.35671726260731756,1
13.985061549601737,0.29095381793931074,-0.45481833066838173,-0.840658956375643,-0.058761168691387165,-0.023304171192539535,0.35204540374995186,1
13.995065170166546,0.2863215687369894,-0.4632249202321382,-0.825278728027478,-0.058959005862937564,-0.019783717155040015,0.34725894631543097,1
14.005068790731354,0.28160679166186525,-0.47147770751241297,-0.8096469506229695,-0.05912211713985642,-0.016311127691885703,0.3423600215709103,1
14.015072411296162,0.2768110498916788,-0.4795741770186427,-0.7937693066859262,-0.05925099241461819,-0.012887527476176601,0.33735079505391463,1
14.02507603186097,0.2719359311908238,-0.48751187008550195,-0.7776515521652456,-0.05934613260987456,-0.009514019525637454,0.3322334657532621,1
14.035079652425777,0.26698304733475225,-0.49528838560715444,-0.7612995143413814,-0.059408049458555615,-0.006191684868104832,0.32701026528011834,1
14.045083272990587,0.26195403352724655,-0.5029013807505682,-0.7447190897123346,-0.059437265280708654,-0.002921582215303649,0.3216834570294856,1
14.055086893555394,0.25685054781076966,-0.5103485716476915,-0.7279162418599294,-0.05943431275715874,0.0002952523549912072,0.3162553353324293,1
14.065090514120202,0.25167427047010676,-0.5176277340662908,-0.7108969992971377,-0.059399734700075583,0.0034578057083155,0.3107282245993508,1
14.07509413468501,0.24642690342951415,-0.5247367040592622,-0.6936674532972225,-0.05933408382053249,0.0065650879543090075,0.30510447845461575,1
14.085097755249818,0.2411101696435918,-0.5316733785922344,-0.6762337557054725,-0.05923792249314394,0.009616132738855164,0.29938647886285025,1
14.095101375814627,0.23572581248209892,-0.5384357161492891,-0.658602116734308,-0.0591118225178691,0.012609997527483666,0.29357663524721966,1
14.105104996379435,0.2302755951089326,-0.5450217373166322,-0.640778802742541,-0.058956364879069544,0.015545763879955862,0.28767738360000655,1
14.115108616944243,0.22476129985549204,-0.5514295253440575,-0.6227701339995746,-0.05877213950190999,0.01842253771595593,0.28169118558580647,1
14.12511223750905,0.2191847275886515,-0.5576572266840533,-0.6045824824353357,-0.05855974500619185,0.021239449571813993,0.275620527637662,1
14.135115858073858,0.21354769707356744,-0.5637030515084066,-0.5862222693767309,-0.058319788457709944,0.023995654848190613,0.2694679200464583,1
14.145119478638668,0.2078520443315457,-0.569565274202174,-0.5676959632714257,-0.05805288511722339,0.026690334048655198,0.26323589604390357,1
14.155123099203475,0.2020996219931968,-0.5752422338348883,-0.5490100773997453,-0.05775965818713245,0.029322693009094233,0.2569270108794198,1
14.165126719768283,0.19629229864710795,-0.5807323346088857,-0.5301711675755003,-0.057440738555953566,0.03189196311788843,0.2505438408912727,1
14.17513034033309,0.19043195818426153,-0.5860340462846407,-0.5111858298365419,-0.05709676454068555,0.03439740152680116,0.24408898257226697,1
14.185133960897899,0.18452049913843147,-0.5911459045830062,-0.4920606981258535,-0.05672838162716032,0.03683829135252383,0.2375650516303394,1
14.195137581462708,0.17855983402278883,-0.5960665115642647,-0.4728024419639856,-0.05633624220847205,0.03921394186882723,0.23097468204437815,1
14.205141202027516,0.1725518886629498,-0.6007945359839045,-0.4534177641136478,-0.055921005321579335,0.04152368868927101,0.22432052511560202,1
14.215144822592324,0.16649860152669937,-0.605328713625041,-0.433913398237265,-0.055483336382175064,0.04376689394042703,0.21760524851483173,1
14.225148443157131,0.16040192305062523,-0.6096678476074137,-0.4142961065483123,-0.05502390691791931,0.045942946425575344,0.210831535325987,1
14.235152063721939,0.15426381496389627,-0.6138108086728968,-0.3945726774572404,-0.05454339430013096,0.048051261778835216,0.2040020830861437,1
14.245155684286749,0.14808624960942157,-0.6177565354474692,-0.37474992321280487,-0.05404248147403399,0.050091282609696655,0.1971196028224859,1
14.255159304851556,0.14187120926262559,-0.6215040346795973,-0.35483467753961206,-0.05352185668765477,0.05206247863792152,0.1901868180864882,1
14.265162925416364,0.13562068544807565,-0.6250523814549934,-0.3348337932726952,-0.05298221321946691,0.053964346818786396,0.18320646398566393,1
14.275166545981172,0.12933667825419845,-0.6284007193877204,-0.31475413998993174,-0.05242424910488048,0.05579641145864304,0.1761812862132146,1
14.28517016654598,0.12302119564632226,-0.6315482607876197,-0.2946026016431156,-0.05184866686167273,0.05755822432077518,0.1691140400759175,1
14.29517378711079,0.11667625277828175,-0.6344942868040508,-0.2743860741884925,-0.051256173214457385,0.05924936472153436,0.1620074895205857,1
14.305177407675597,0.11030387130282239,-0.6372381475459358,-0.25411146321756994,-0.05064747881828998,0.06086943961674022,0.15486440615943833,1
14.315181028240405,0.10390607868104128,-0.6397792621781114,-0.23378568158900817,-0.050023297981506634,0.0624180836783346,0.14768756829471444,1
14.325184648805212,0.09748490749110127,-0.6421171189940015,-0.2134156470623973,-0.049384348387893816,0.06389495936128174,0.1404797599428669,1
14.33518826937002,0.091042394736455,-0.6442512754646255,-0.1930082799347266,-0.04873135081828671,0.06529975696071041,0.13324376985867065,1
14.34519188993483,0.08458058115381528,-0.6461813582639727,-0.17257050068034502,-0.04806502887169374,0.06663219465929712,0.1259823905595793,1
14.355195510499637,0.07810151052110752,-0.6479070632707762,-0.15210922759521214,-0.047386108686044814,0.06789201856489291,0.11869841735066305,1
14.365199131064445,0.07160722896564023,-0.6494281555467283,-0.13163137444623585,-0.04669531865866082,0.06907900273839954,0.11139464735046109,1
14.375202751629253,0.06509978427272832,-0.6507444692911907,-0.1111438481264886,-0.045993389166541776,0.07019294921190415,0.10407387851807968,1
14.38520637219406,0.058581225195003764,-0.6518559077724556,-0.0906535463170911,-0.04528105228657093,0.07123368799708495,0.0967389086818662,1
14.39520999275887,0.0520536007626475,-0.6527624432356265,-0.07016735515654911,-0.044559041515731895,0.07220107708390361,0.08939253456998904,1
14.405213613323678,0.04551895959477558,-0.653464116787192,-0.0496921469183242,-0.043828091491435864,0.0730950024296035,0.0820375508432511,1
14.415217233888486,0.03897934921221183,-0.6539610382563752,-0.029234777697415934,-0.043088937712055506,0.07391537793803601,0.07467674913046374,1
14.425220854453293,0.03243681535187833,-0.6542533860333494,-0.008802085106727225,-0.0423423162577621,0.07466214542934065,0.06731291706670636,1
14.435224475018103,0.025893401283034165,-0.6543414068844167,0.011599114016018819,-0.04158896351176202,0.0753352746000077,0.05994883733479542,1
14.44522809558291,0.0193511471255916,-0.6542254157442565,0.03196202589004806,-0.040829615882028464,0.07593476297335566,0.052587286710284495,1
14.455231716147718,0.012812089170738039,-0.653905795485356,0.05227988206123319,-0.04006500952362388,0.07646063584045851,0.045231035110316065,1
14.465235336712526,0.0062782592040906025,-0.6533829966647436,0.07254594165896866,-0.03929588006170826,0.07691294619156167,0.0378828446466427,1
14.475238957277334,-0.00024831616839093764,-0.652657537248154,0.09275349363947563,-0.03852296231532798,0.0772917746380281,0.030545468683134232,1
14.485242577842143,-0.006765616191508531,-0.6517300023117593,0.11289585901479808,-0.03774699002207939,0.07759722932485943,0.023221650898084915,1
14.495246198406951,-0.013271626628724643,-0.6506010437216113,0.13296639306675523,-0.03696869556374099,0.07782944583384029,0.015914124351632315,1
14.505249818971759,-0.01976434042663408,-0.6492713797909437,0.15295848754512356,-0.03618880969296742,0.0779885870773566,0.00862561055859768,1
14.515253439536567,-0.026241758375789008,-0.6477417949154926,0.17286557284932758,-0.035408061261138,0.07807484318294258,0.0013588185670547308,1
14.525257060101374,-0.032701889767659004,-0.6460131391869993,0.192681120192925,-0.03462717694745187,0.07808843136861313,-0.0058835559570684474,1
14.535260680666184,-0.03914275304750971,-0.64408632798507,0.2123986437501817,-0.03384688098936144,0.07802959580904244,-0.013098831639052507,1
14.545264301230992,-0.04556237646298539,-0.6419623415475683,0.23201170278403488,-0.033067894914434924,0.07789860749265191,-0.020284342297815654,1
14.5552679217958,-0.051958798708182666,-0.639642224519728,0.2515139037547554,-0.032290937273738184,0.07769576406967375,-0.02743743784141186,1
14.565271542360607,-0.05833006956300447,-0.6371270854821804,0.2708989024086239,-0.03151672337682559,0.07742138969125964,-0.03455548515530484,1
14.575275162925415,-0.06467425052758541,-0.6344180964580942,0.29016040584594655,-0.030745965028428524,0.07707583483970659,-0.041635868983127544,1
14.585278783490224,-0.07098941545158176,-0.6315164923996347,0.3092921745677425,-0.02997937026692977,0.07665947614987531,-0.048675992799639516,1
14.595282404055032,-0.07727365115812133,-0.6284235706539573,0.3282880245004445,-0.02921764310471098,0.07617271622187892,-0.05567327967559825,1
14.60528602461984,-0.08352505806221086,-0.6251406904089528,0.34714182899796336,-0.02846148327045975,0.07561598342512293,-0.06262517313426341,1
14.615289645184648,-0.08974175078340059,-0.6216692721189732,0.36584752082047445,-0.02771158595352195,0.0749897316937803,-0.06952913799925667,1
14.625293265749455,-0.09592185875250828,-0.6180107969107684,0.38439909408929446,-0.026968641550384073,0.07429444031378774,-0.07638266123350297,1
14.635296886314265,-0.10206352681220703,-0.6141668059698755,0.4027906062172266,-0.026233335413369547,0.07353061370145271,-0.08318325276898275,1
14.645300506879073,-0.10816491581128405,-0.6101388999077032,0.42101617981376094,-0.025506347601631917,0.07269878117376288,-0.08992844632702843,1
14.65530412744388,-0.1142242031923797,-0.6059287381095656,0.4390700045645253,-0.02478835263452699,0.0717994967104926,-0.09661580022890198,1
14.665307748008688,-0.12023958357301891,-0.6015380380639204,0.45694633908439586,-0.024080019247444955,0.07083333870820357,-0.10324289819639432,1
14.675311368573496,-0.12620926931974968,-0.5969685746730764,0.47463951274368177,-0.02338201015018256,0.06980090972623963,-0.10980735014219109,1
14.685314989138305,-0.13213149111520608,-0.5922221795456396,0.4921439274668118,-0.02269498178793438,0.06870283622481772,-0.11630679294975346,1
14.695318609703113,-0.1380044985179158,-0.5873007402709715,0.5094540595029605,-0.02201958410498118,0.06753976829532018,-0.12273889124246665,1
14.705322230267921,-0.1438265605146752,-0.5822061996759419,0.5265644611680618,-0.021356460311152223,0.06631237938289553,-0.12910133814181254,1
14.715325850832729,-0.14959596606531783,-0.5769405550642612,0.5434697625576683,-0.020706246651137447,0.0650213660014774,-0.1353918560143281,1
14.725329471397536,-0.15531102463970467,-0.5715058574386845,0.5601646732301269,-0.020069572176724105,0.06366744744133412,-0.14160819720711396,1
14.735333091962346,-0.1609700667467685,-0.5659042107063833,0.5766439838595507,-0.019447058522031477,0.062251365469262986,-0.14774814477166331,1
14.745336712527154,-0.1665714444554464,-0.5601377708677878,0.5929025678580807,-0.018839319681816014,0.060773884021546355,-0.153809513175785,1
14.755340333091961,-0.17211353190733847,-0.554208745189207,0.6089353829669386,-0.01824696179291813,0.059235788889788504,-0.1597901490033992,1
14.76534395365677,-0.17759472582093386,-0.5481193913595377,0.6247374728157886,-0.017670582918920583,0.05763788739975451,-0.16568793164198875,1
14.775347574221577,-0.18301344598724767,-0.5418720166313798,0.6403039684499318,-0.017110772838087235,0.05598100808333462,-0.17150077395749388,1
14.785351194786386,-0.1883681357567165,-0.5354689769468806,0.6556300898248759,-0.016568112834649637,0.05426600034375968,-0.17722662295644284,1
14.795354815351194,-0.1936572625172028,-0.5289126760486318,0.6707111472678271,-0.016043175493507686,0.05249373411419525,-0.18286346043511464,1
14.805358435916002,-0.19887931816296234,-0.5222055645759536,0.6855425429056685,-0.015536524498409246,0.0506650995098441,-0.18840930361553748,1
14.81536205648081,-0.2040328195544313,-0.5153501391468969,0.7001197720590009,-0.015048714433672358,0.04878100647368873,-0.19386220576812782,1
14.825365677045617,-0.20911630896869438,-0.5083489414263068,0.7144384246018323,-0.014580290589512284,0.04684238441600745,-0.19922025682078282,1
14.835369297610427,-0.21412835454049725,-0.5012045571802884,0.7284941862865151,-0.014131788771034288,0.044850181847799625,-0.20448158395424293,1
14.845372918175235,-0.21906755069367148,-0.4939196153174233,0.7422828400335474,-0.013703735110951716,0.0428053660082572,-0.2096443521835455,1
14.855376538740042,-0.22393251856284235,-0.4864967869170878,0.7558002671858571,-0.0132966458860875,0.040708922486421745,-0.21470676492539703,1
14.86538015930485,-0.22872190640529463,-0.47893878424522923,0.769042448727214,-0.012911027337715823,0.03856185483716777,-0.2196670645512956,1
14.875383779869658,-0.2334343900028742,-0.4712483597579571,0.7820054664644147,-0.012547375495799274,0.03636518419165482,-0.22452353292624042,1
14.885387400434468,-0.23806867305380733,-0.46342830509331295,0.7946855041729092,-0.01220617600717535,0.03411994886239241,-0.22927449193287122,1
14.895391020999275,-0.24262348755432317,-0.45548145005158386,0.8070788487055415,-0.011887903967744713,0.0318272039430637,-0.2339183039808848,1
14.905394641564083,-0.24709759416996846,-0.44741066156452847,0.8191818910640989,-0.011593023758712163,0.029488020903254853,-0.2384533725015818,1
14.91539826212889,-0.25148978259650734,-0.4392188426538875,0.8309911274333697,-0.011321988886929773,0.027103487178239034,-0.24287814242740147,1
14.9254018826937,-0.25579887191030287,-0.43090893137955383,0.8425031601774293,-0.011075241829390122,0.02467470575396502,-0.24719110065630925,1
14.935405503258508,-0.2600237109080807,-0.42248389977777956,0.8537146987978819,-0.010853213881916103,0.022202794747401926,-0.2513907765009048,1
14.945409123823316,-0.2641631784359787,-0.41394675278980075,0.8646225608538041,-0.010656325012092174,0.019688886982392878,-0.2554757421221258,1
14.955412744388124,-0.2682161837077913,-0.4053005271812627,0.8752236728431461,-0.010484983716480458,0.01713412956117162,-0.25944461294742804,1
14.965416364952931,-0.27218166661231963,-0.39654829045283124,0.8855150710453616,-0.010339586882163484,0.01453968343169734,-0.2632960480733259,1
14.97541998551774,-0.2760585980097434,-0.3876931397423776,0.8954939023250519,-0.010220519652653843,0.011906722950964082,-0.26702875065218595,1
14.985423606082549,-0.27984598001693467,-0.3787382007191271,0.90515742489642,-0.01012815529820942,0.009236435444442222,-0.2706414682631695,1
14.995427226647356,-0.2835428462816363,-0.3696866264701629,0.9145030090483501,-0.010062855090591315,0.006530020761810527,-0.27413299326722607,1
15.005430847212164,-0.2871482622454331,-0.3605415963796794,0.9235281378299353,-0.010024968182299933,0.0037886908291382662,-0.27750216314604703,1
15.015434467776972,-0.2906613253954469,-0.35130631500138004,0.9322304076962936,-0.010014831490323155,0.001013669197677796,-0.2807478608248915,1
15.025438088341781,-0.2940811655046911,-0.3419840109244171,0.9406075291145278,-0.010032769584428867,-0.0017938094105711191,-0.2838690149792051,1
15.035441708906589,-0.2974069448610238,-0.3325779356332718,0.9486573271296934,-0.010079094580032498,-0.00463249956036317,-0.28686460032495503,1
15.045445329471397,-0.3006378584846436,-0.3230913623619749,0.956377741890657,-0.010154106035668626,-0.00750114556361272,-0.2897336378926137,1
15.055448950036205,-0.30377313433407427,-0.3135275849430683,0.9637668291357425,-0.010258090855094014,-0.010398481942538857,-0.2924751952847264,1
15.065452570601012,-0.3068120335005914,-0.3038899166517109,0.9708227606380684,-0.010391323194047876,-0.013323233895386121,-0.2950883869170049,1
15.075456191165822,-0.3097538503910447,-0.2941816890453302,0.9775438246105067,-0.010554064371693438,-0.01627411776455617,-0.2975723742428957,1
15.08545981173063,-0.31259791289903693,-0.28440625079922516,0.9839284260701926,-0.01074656278676329,-0.019249841506985128,-0.2999263659615751,1
15.095463432295437,-0.3153435825644222,-0.27456696653852325,0.9899750871625419,-0.010969053838429298,-0.022249105166600877,-0.30214961820933284,1
15.105467052860245,-0.31799025472109116,-0.2646672156668978,0.9956824474447368,-0.01122175985191624,-0.025270601348694206,-0.3042414347343055,1
15.115470673425053,-0.3205373586330157,-0.2547103911924505,1.0010492641286606,-0.011504890008876613,-0.02831301569603726,-0.3062011670545354,1
15.125474293989862,-0.32298435761852734,-0.24469989855116386,1.0060744122832723,-0.01181864028254244,-0.03137502736658261,-0.30802821459932667,1
15.13547791455467,-0.32533074916281063,-0.23463915442833114,1.01075688499643,-0.012163193377668198,-0.03445530951257588,-0.30972202483388483,1
15.145481535119478,-0.3275760650185943,-0.22453158557836683,1.015095793496179,-0.012538718675277345,-0.03755252976091473,-0.3112820933672255,1
15.155485155684286,-0.3297198712950284,-0.21438062764340504,1.019090367231543,-0.012945372182223216,-0.04066535069458698,-0.3127079640433465,1
15.165488776249093,-0.33176176853473927,-0.20418972397108962,1.0227399539128623,-0.013383296485573421,-0.04379243033502045,-0.3139992290156638,1
15.175492396813903,-0.3337013917790589,-0.193962324431961,1.0260440195117437,-0.013852620711825192,-0.046932422625177085,-0.315155528804716,1
15.18549601737871,-0.3355384106214273,-0.18370188423684355,1.0290021482206932,-0.014353460490957435,-0.05008397791322425,-0.31617655233914743,1
15.195499637943518,-0.33727252924897366,-0.17341186275463663,1.0316140423725249,-0.014885917925323592,-0.05324574343661572,-0.3170620369799885,1
15.205503258508326,-0.3389034864722828,-0.16309572233091138,1.0338795223196429,-0.015450081563387749,-0.056416363806415605,-0.3178117685282535,1
15.215506879073134,-0.34043105574335997,-0.15275692710771496,1.0357985262733183,-0.01604602637830473,-0.05959448149169814,-0.31842558121588543,1
15.225510499637943,-0.3418550451618098,-0.14239894184498178,1.0373711101030825,-0.0166738137513433,-0.062778737303857,-0.3189033576800808,1
15.235514120202751,-0.3431752974692493,-0.13202523074395095,1.0385974470963881,-0.017333491460149876,-0.0659677708806578,-0.3192450289210336,1
15.245517740767559,-0.34439169003197917,-0.12163925627298706,1.0394778276786865,-0.01802509367184856,-0.06916022116986814,-0.31945057424314377,1
15.255521361332367,-0.3455041348119412,-0.1112444779962002,1.0400126590940921,-0.018748640940971555,-0.07235472691229958,-0.31952002117973966,1
15.265524981897174,-0.3465125783259938,-0.10084435140525928,1.0402024650468207,-0.019504140212212525,-0.07554992712409697,-0.31945344540137155,1
15.275528602461984,-0.3474170015935417,-0.09044232675479108,1.0400478853035897,-0.020291584827993633,-0.07874446157811069,-0.319250970607737,1
15.285532223026792,-0.3482174200725593,-0.08004184790175518,1.0395496752571933,-0.021110954540835513,-0.08193697128418806,-0.31891276840330496,1
15.2955358435916,-0.3489138835840511,-0.06964635114918324,1.0387087054514723,-0.021962215530517724,-0.08512609896822111,-0.31843905815671125,1
15.305539464156407,-0.3495064762249978,-0.05925926409466852,1.0375259610679115,-0.022845320426015607,-0.08831048954978822,-0.31783010684400337,1
15.315543084721215,-0.3499953162698377,-0.048884004483989406,1.0360025413741132,-0.02376020833219789,-0.09148879061822826,-0.317086228875817,1
15.325546705286024,-0.3503805560605402,-0.03852397907024827,1.0341396591344025,-0.024706804861267754,-0.09465965290698643,-0.3162077859085738,1
15.335550325850832,-0.3506623818853292,-0.028182582478904247,1.03193863998284,-0.025685022168928477,-0.09782173076607216,-0.3151951866397935,1
15.34555394641564,-0.35084101384612,-0.017863196079075848,1.029400921758922,-0.026694758995253177,-0.1009736826324701,-0.31404888658761976,1
15.355557566980448,-0.3509167057147349,-0.007569186861486629,1.0265280538062653,-0.02773590071023664,-0.1041141714983463,-0.3127693878546636,1
15.365561187545257,-0.35088974477796914,0.0026960936765760245,1.0233216962345866,-0.02880831936400557,-0.10724186537689294,-0.31135723887627426,1
15.375564808110065,-0.35076045167157993,0.01292931063892189,1.0197836191452934,-0.029911873741662126,-0.11035543776565568,-0.30981303415335226,1
15.385568428674873,-0.35052918020327617,0.023127146830374826,1.0159157018210194,-0.03104640942273402,-0.1134535681071892,-0.30813741396982325,1
15.39557204923968,-0.3501963171647903,0.03328630384858502,1.0117199318794512,-0.032211758845202894,-0.11653494224688744,-0.3063310640948987,1
15.405575669804488,-0.34976228213311655,0.04340350316737953,1.0071984043917925,-0.03340774137408126,-0.11959825288783643,-0.30439471547025165,1
15.415579290369298,-0.3492275272610036,0.053475487211297454,1.0023533209662445,-0.034634163374506644,-0.12264220004253895,-0.3023291438822431,1
15.425582910934105,-0.348592537056794,0.0634990204209599,0.9971869887968696,-0.03589081828932026,-0.12566549148136139,-0.30013516961933756,1
15.435586531498913,-0.3478578281537047,0.07347089030892859,0.9917018196782326,-0.03717748672109581,-0.12866684317755475,-0.2978136571148534,1
15.44559015206372,-0.3470239490686476,0.08338790850571091,0.9859003289862177,-0.03849393651858284,-0.1316449797487033,-0.2953655145751944,1
15.455593772628529,-0.34609147995069184,0.0932469117955731,0.9797851346254335,-0.0398399228675274,-0.13459863489445523,-0.2927916935937189,1
15.465597393193338,-0.34506103231927354,0.10304476314182744,0.9733589559436238,-0.04121518838583132,-0.13752655183039242,-0.29009318875040296,1
15.475601013758146,-0.3439332487922609,0.11277835270126367,0.9666246126135196,-0.04261946322301028,-0.14042748371789646,-0.28727103719746094,1
15.485604634322954,-0.3427088028039869,0.12244459882739886,0.959585023482572,-0.04405246516390899,-0.14330019408987107,-0.28432631823109084,1
15.495608254887761,-0.34138839831336465,0.1320404490622246,0.9522432053910183,-0.04551389973663081,-0.14614345727218198,-0.28126015284951567,1
15.50561187545257,-0.3399727695022033,0.14156288111613477,0.9446022719587454,-0.04700346032463758,-0.14895605880067714,-0.278073703297498,1
15.515615496017379,-0.3384626804638461,0.1510089038357222,0.9366654323414197,-0.0485208282829741,-0.15173679583365213,-0.27476817259750674,1
15.525619116582186,-0.3368589248822547,0.1603755581591364,0.9284359899563666,-0.05006567305857037,-0.1544844775596272,-0.27134480406772166,1
15.535622737146994,-0.3351623257016677,0.16965991805870007,0.9199173411786897,-0.051637652314573415,-0.1571979256003044,-0.2678048808270639,1
15.545626357711802,-0.33337373478696286,0.17885909147048695,0.9111129740081321,-0.053236412058659165,-0.15987597440857504,-0.26414972528744624,1
15.55562997827661,-0.33149403257485716,0.18797022121056828,0.9020264667071842,-0.05486158677527366,-0.1625174716614495,-0.26038069863343855,1
15.56563359884142,-0.32952412771608075,0.19699048587764012,0.8926614864109628,-0.0565127995617515,-0.1651212786477839,-0.25649920028955087,1
15.575637219406227,-0.32746495670866327,0.20591710074174974,0.8830217877093816,-0.058189662268258294,-0.1676862706506794,-0.25250666737533706,1
15.585640839971035,-0.32531748352247486,0.21474731861884355,0.8731112112021533,-0.05989177564150262,-0.17021133732443278,-0.24840457414852898,1
15.595644460535842,-0.3230826992151662,0.2234784307308651,0.8629336820271638,-0.06161872947216181,-0.17269538306591806,-0.2441944314364126,1
15.60564808110065,-0.3207616215396548,0.23210776755113674,0.8524932083627724,-0.06337010274596463,-0.17513732738028218,-0.23987778605566193,1
15.61565170166546,-0.3183552945433072,0.24063269963476447,0.8417938799045956,-0.06514546379837302,-0.1775361052408388,-0.2354562202208503,1
15.625655322230267,-0.31586478815896907,0.24905063843381042,0.8308398663173416,-0.0669443704728035,-0.1798906674430473,-0.23093135094186085,1
15.635658942795075,-0.31329119778799924,0.2573590370969838,0.8196354156622728,-0.06876637028232815,-0.1821999809524659,-0.2263048294104245,1
15.645662563359883,-0.31063564387546316,0.26555539125360655,0.8081848528008743,-0.07061100057479386,-0.18446302924657015,-0.2215783403760123,1
15.65566618392469,-0.307899271477647,0.2736372397816153,0.7964925777753209,-0.07247778870129716,-0.1866788126503303,-0.2167536015113168,1
15.6656698044895,-0.3050832498220533,0.2816021655593685,0.7845630641663346,-0.07436625218795159,-0.18884634866544345,-0.21183236276755738,1
15.675673425054308,-0.302188771860043,0.28944779620103184,0.77240085742904,-0.07627589891088278,-0.19096467229311903,-0.20681640571984833,1
15.685677045619116,-0.2992170538122898,0.29717180477532223,0.7600105732074189,-0.07820622727438596,-0.1930328363503175,-0.20170754290287207,1
15.695680666183923,-0.29616933470721585,0.30477191050739644,0.7473968956279888,-0.08015672639217943,-0.19504991177934622,-0.1965076171371018,1
15.705684286748731,-0.2930468759125791,0.3122458794636763,0.7345645755733154,-0.08212687627168659,-0.19701498795071723,-0.19121850084582082,1
15.71568790731354,-0.289850960660385,0.3195915252194095,0.7215184289359948,-0.08411614800127834,-0.19892717295917545,-0.18584209536318913,1
15.725691527878348,-0.2865828935652973,0.32680670950876944,0.7082633348537316,-0.08612400394040641,-0.20078559391280734,-0.18038033023361016,1
15.735695148443156,-0.28324400013672424,0.33388934285730676,0.6948042339261535,-0.08814989791255784,-0.20258939721514344,-0.17483516250265205,1
15.745698769007964,-0.27983562628475855,0.3408373851965683,0.6811461264140024,-0.09019327540095953,-0.20433774884016995,-0.16920857599978203,1
15.755702389572772,-0.2763591378201515,0.3476488464607083,0.6672940704213516,-0.0922535737469612,-0.20602983460016777,-0.16350258061317352,1
15.765706010137581,-0.27281591994850224,0.35432178716492185,0.6532531800614981,-0.0943302223510242,-0.2076648604062995,-0.1577192115568481,1
15.775709630702389,-0.2692073767588469,0.3608543189655368,0.6390286236071904,-0.09642264287624289,-0.20924205252186798,-0.15186052863041719,1
15.785713251267197,-0.26553493070683076,0.36724460520160873,0.6246256216258459,-0.0985302494543246,-0.21076065780817216,-0.14592861547168895,1
15.795716871832004,-0.2618000220926521,0.3734908614178672,0.6100494451004292,-0.1006524488939535,-0.21221994396288904,-0.13992557880240966,1
15.805720492396812,-0.2580041085339634,0.3795913558688715,0.5953054135366532,-0.10278864089146263,-0.21361919975091315,-0.13385354766740945,1
15.815724112961622,-0.254148664433921,0.385544410004238,0.5803988930571768,-0.1049382182437385,-0.21495773522758724,-0.12771467266742376,1
15.82572773352643,-0.2502351804445729,0.39134839893480977,0.5653352944834755,-0.10710056706328111,-0.21623488195426147,-0.12151112518586563,1
15.835731354091237,-0.24626516292577644,0.39700175187964454,0.5501200714060581,-0.10927506699534231,-0.21744999320612013,-0.11524509660982211,1
15.845734974656045,-0.24224013339983938,0.4025029525937051,0.5347587182437126,-0.1114610914370645,-0.21860244417221836,-0.10891879754555306,1
15.855738595220854,-0.23816162800207796,0.4078505397761422,0.5192567682924643,-0.11365800775854124,-0.2196916321476739,-0.10253445702876934,1
15.865742215785662,-0.2340311969274873,0.41304310745906686,0.5036197917649277,-0.11586517752572086,-0.2207169767179616,-0.09609432172997029,1
15.87574583635047,-0.22985040387372013,0.4180793053767161,0.48785339382074366,-0.11808195672507346,-0.2216779199352613,-0.08960065515512054,1
15.885749456915278,-0.22562082548057089,0.42295783931492353,0.4719632125887864,-0.1203076959899416,-0.22257392648681248,-0.08305573684194804,1
15.895753077480085,-0.22134405076616276,0.4276774714408114,0.45595491718183206,-0.12254174082849391,-0.22340448385523196,-0.07646186155214565,1
15.905756698044895,-0.21702168056003646,0.43223702061262975,0.439834205704382,-0.12478343185320144,-0.22416910247075342,-0.06982133845975967,1
15.915760318609703,-0.21265532693333972,0.43663536266967357,0.4236068032543295,-0.12703210501175494,-0.22486731585535102,-0.06313649033604968,1
15.92576393917451,-0.20824661262631755,0.44087143070221685,0.4072784599191672,-0.12928709181934206,-0.22549868075871152,-0.056409652731104334,1
15.935767559739318,-0.20379717047330348,0.44494421530140854,0.39085494876742644,-0.1315477195922023,-0.22606277728602256,-0.04964317315249893,1
15.945771180304126,-0.19930864282541266,0.4488527647890828,0.3743420638360436,-0.13381331168237778,-0.22655920901754756,-0.04283941024128012,1
15.955774800868936,-0.19478268097113824,0.45259618542744323,0.3577456181143487,-0.13608318771357739,-0.22698760311996036,-0.036000732945564815,1
15.965778421433743,-0.19022094455505237,0.4561736416085867,0.34107144152536817,-0.13835666381807155,-0.227347610449416,-0.02912951969203922,1
15.975782041998551,-0.18562510099481397,0.4595843560238404,0.3243253789051389,-0.1406330528745349,-0.2276389056463364,-0.02222815755564543,1
15.985785662563359,-0.18099682489668506,0.4628276098128918,0.30751328798072297,-0.14291166474675382,-0.22786118722189286,-0.015299041427741952,1
15.995789283128167,-0.17633779746975808,0.465902742692699,0.2906410373476189,-0.14519180652311553,-0.22801417763617027,-0.008344573183025526,1
16.005792903692974,-0.17164970593909634,0.46880915306617515,0.2737145044472584,-0.14747278275679554,-0.22809762336800052,-0.0013671608455007485,1
16.015796524257784,-0.16693424295798986,0.47154629811064774,0.25673957354528,-0.1497538957065601,-0.22811129497645552,0.005630782246215774,1
16.02580014482259,-0.16219310601952885,0.4741136938461005,0.23972213371126644,-0.15203444557810003,-0.22805498715399336,0.012646838273970513,1
16.0358037653874,-0.15742799686769673,0.4765109151832132,0.222668076800635,-0.15431373076581256,-0.22792851877125367,0.019678585775241196,1
16.04580738595221,-0.15264062090818453,0.47873759595121956,0.20558329543936207,-0.1565910480949476,-0.22773173291350127,0.026723600478113185,1
16.055811006517015,-0.1478326866191284,0.48079342890561316,0.1884736810122278,-0.15886569306403478,-0.22746449690872014,0.03377945613577839,1
16.065814627081824,-0.14300590496197105,0.48267816571573546,0.17134512165525762,-0.1611369600875084,-0.22712670234736235,0.0408437253602736,1
16.07581824764663,-0.13816198879264815,0.48439161693228805,0.15420350025304083,-0.163404142738446,-0.2267182650937596,0.04791398045517381,1
16.08582186821144,-0.13330265227329996,0.48593365193481847,0.13705469244159812,-0.16566653399133807,-0.22623912528920787,0.054987794246958904,1
16.09582548877625,-0.12842961028470762,0.4873041988592344,0.11990456461747051,-0.16792342646480546,-0.2256892473467383,0.062062740914771666,1
16.105829109341055,-0.12354457783965353,0.4885032445054091,0.1027589719536974,-0.17017411266418137,-0.22506861993759056,0.0691363968182869,1
16.115832729905865,-0.11864926949740406,0.4895308342249461,0.08562375642334755,-0.17241788522387544,-0.2243772559694077,0.07620634132341214,1
16.125836350470674,-0.11374539877951227,0.49038707178917956,0.06850474483126372,-0.17465403714943717,-0.22361519255617357,0.08327015762554225,1
16.13583997103548,-0.10883467758713734,0.4910721192374922,0.051407746854677236,-0.17688186205923634,-0.22278249097991815,0.09032543357009082,1
16.14584359160029,-0.10391881562007696,0.491586196706039,0.03433855309334456,-0.17910065442567852,-0.22187923664421724,0.09736976247002328,1
16.155847212165096,-0.09899951979770724,0.4919295822369724,0.01730293312985355,-0.1813097098158737,-0.220905539019517,0.10440074392011815,1
16.165850832729905,-0.09407849368202453,0.49210261156827095,0.0003066336007425674,-0.18350832513167684,-0.21986153158031582,0.11141598460768389,1
16.175854453294715,-0.08915743690298175,0.4921056779042784,-0.016644623720929674,-0.18569579884901924,-0.21874737173423897,0.11841309911946138,1
16.18585807385952,-0.08423804458631107,0.4919392316670691,-0.033545143830930296,-0.18787143125644967,-0.21756324074304437,0.12538971074444305,1
16.19586169442433,-0.07932200678402347,0.4916037802287598,-0.050389260386487236,-0.19003452469280568,-0.21630934363559995,0.1323434522723422,1
16.205865314989136,-0.07441100790777452,0.4910998876248949,-0.06717133758558988,-0.19218438378393446,-0.21498590911287652,0.13927196678744758,1
16.215868935553946,-0.06950672616528414,0.490428174249039,-0.08388577203233988,-0.19432031567838448,-0.21359318944500205,0.14617290845760056,1
16.225872556118755,-0.06461083299999698,0.4895893165287156,-0.10052699458774093,-0.19644163028198874,-0.21213146036042604,0.15304394331803436,1
16.23587617668356,-0.059724992534168596,0.4885840465828382,-0.11708947220532305,-0.1985476404912612,-0.2106010209272457,0.15988275004981717,1
16.24587979724837,-0.05485086101556075,0.487413151860785,-0.1335677097510034,-0.20063766242552866,-0.20900219342674753,0.16668702075264266,1
16.255883417813177,-0.049990086267927995,0.48607747476327495,-0.1499562518065919,-0.20271101565772087,-0.2073353232192211,0.17345446171171497,1
16.265887038377986,-0.045144307145475904,0.484577912245209,-0.16624968445635602,-0.20476702344374192,-0.20560077860210396,0.18018279415847643,1
16.275890658942796,-0.04031515299146945,0.4829154154006455,-0.18244263705606786,-0.20680501295034712,-0.2037989506605192,0.18686975502492958,1
16.285894279507602,-0.0355042431011686,0.4810909890300848,-0.19852978398396098,-0.2088243154814498,-0.2019302531102699,0.1935130976913082,1
16.29589790007241,-0.030713186189266148,0.4791056911902452,-0.21450584637303396,-0.21082426670278337,-0.19999512213335682,0.2001105927268529,1
16.305901520637217,-0.025943579862001,0.47696063272651484,-0.23036559382414423,-0.21280420686484425,-0.1979940162060883,0.2066600286234521,1
16.315905141202027,-0.021197010094118264,0.4746569767882734,-0.24610384609934266,-0.21476348102404277,-0.1959274159198538,0.2131592125219099,1
16.325908761766836,-0.016475050710845464,0.47219593832727996,-0.26171547479490875,-0.21670143926198912,-0.1937958237946347,0.21960597093060713,1
16.335912382331642,-0.011779262875052154,0.46957878357933086,-0.2771954049935521,-0.2186174369028424,-0.19159976408532864,0.22599815043632313,1
16.345916002896452,-0.007111194579758201,0.46680682952939534,-0.2925386168952565,-0.22051083472865207,-0.1893397825809654,0.2323336184069904,1
16.355919623461258,-0.002472380146153773,0.4638814433604428,-0.3077401474262483,-0.22238099919262103,-0.1870164463968955,0.2386102636861568,1
16.365923244026067,0.00213566027270803,0.4608040418861803,-0.3227950918255815,-0.22422730263022136,-0.18463034376003393,0.24482599727893278,1
16.375926864590877,0.006711421182387275,0.45757609096792445,-0.33769860520884054,-0.2260491234680938,-0.1821820837872446,0.2509787530292055,1
16.385930485155683,0.011253412231545634,0.45419910491583604,-0.35244590410846743,-0.22784584643066333,-0.17967229625695255,0.25706648828790424,1
16.395934105720492,0.01576015869029315,0.45067464587475137,-0.3670322679902338,-0.22961686274440407,-0.1771016313740735,0.26308718457210456,1
16.4059377262853,0.02023020192224164,0.447004323194849,-0.38145304074538233,-0.2313615703396876,-0.17447075952835245,0.2690388482147645,1
16.415941346850108,0.024662099850115592,0.4431897927873952,-0.39570363215797544,-0.23307937405014964,-0.1717803710462048,0.2749195110048857,1
16.425944967414917,0.029054427414773747,0.43923275646581544,-0.4097795193469955,-0.23476968580951119,-0.16903117593615594,0.2807272308179005,1
16.435948587979723,0.033405777027497204,0.43513496127234547,-0.4236762481827516,-0.23643192484579095,-0.16622390362797693,0.2864600922360858,1
16.445952208544533,0.03771475901540238,0.43089819879051794,-0.43738943467715785,-0.2380655178728471,-0.16335930270561608,0.2921162071588111,1
16.45595582910934,0.041980002059839844,0.42652430444374634,-0.4509147663474562,-0.2396698992791874,-0.16043814063402798,0.29769371540243,1
16.46595944967415,0.046200153627642564,0.4220151567802718,-0.46424800355296947,-0.24124451131398741,-0.15746120348000367,0.30319078528963034,1
16.475963070238958,0.050373880395089984,0.4173726767447421,-0.47738498080447683,-0.24278880427025848,-0.15442929562710736,0.3086056142280592,1
16.485966690803764,0.054499868664456955,0.4125988269366973,-0.49032160804581704,-0.24430223666510675,-0.15134323948482678,0.3139364292780464,1
16.495970311368573,0.05857682477301934,0.4076956108562391,-0.5030538719073331,-0.24578427541702721,-0.1482038751920463,0.3191814877092512,1
16.50597393193338,0.062603475494391,0.4026650721371658,-0.515577836930783,-0.24723439602017674,-0.14501206031495378,0.32433907754606317,1
16.51597755249819,0.06657856843206958,0.397509293767858,-0.527889646765352,-0.24865208271557168,-0.14176866953949316,0.3294075181015906,1
16.525981173063,0.07050087240507162,0.3922303973002045,-0.5399855253344122,-0.25003682865915644,-0.13847459435847725,0.33438516050007583,1
16.535984793627804,0.07436917782554023,0.38683054204686035,-0.551861777972684,-0.2513881360866912,-0.1351307427534765,0.33927038818757904,1
16.545988414192614,0.07818229706821156,0.3813119242671335,-0.5635147925334686,-0.2527055164754072,-0.1317380388716007,0.3440616174307788,1
16.55599203475742,0.08193906483162955,0.3756767763417988,-0.5749410404656286,-0.2539884907023801,-0.1282974226972929,0.34875729780373893,1
16.56599565532223,0.08563833849100097,0.36992736593714254,-0.586137077860004,-0.25523658919957265,-0.12480984971925552,0.35335591266249916,1
16.57599927588704,0.0892789984425864,0.3640659951585425,-0.5970995464649667,-0.25644935210549896,-0.12127629059263052,0.35785597960734844,1
16.586002896451845,0.09285994843952533,0.3580949996938928,-0.6078251746708191,-0.2576263294134645,-0.11769773079655704,0.36225605093264557,1
16.596006517016654,0.09638011591899717,0.3520167479471846,-0.6183107784627653,-0.25876708111633684,-0.11407517028723059,0.3665547140640571,1
16.60601013758146,0.09983845232062274,0.34583364016255697,-0.6285532623421823,-0.25987117734780274,-0.11040962314659002,0.37075059198308447,1
16.61601375814627,0.1032339333960141,0.33954810753913517,-0.6385496202159396,-0.26093819852007033,-0.10670211722675917,0.37484234363876034,1
16.62601737871108,0.10656555950938386,0.3331626113369758,-0.6482969362535207,-0.261967735457974,-0.10295369379037156,0.378828664346395,1
16.636020999275885,0.10983235592912827,0.32667964197444055,-0.657792385711716,-0.2629593895294431,-0.09916540714690761,0.38270828617326214,1
16.646024619840695,0.1130333731103015,0.3201017181173234,-0.667033235726664,-0.26391277277229486,-0.09533832428517498,0.38647997831111386,1
16.6560282404055,0.11616768696790207,0.31343138576005675,-0.676016846073033,-0.26482750801731547,-0.09147352450206385,0.3901425474354239,1
16.66603186097031,0.11923439914089533,0.3066712172993264,-0.6847406698901439,-0.2657032290075926,-0.08757209902770961,0.3936948380512589,1
16.67603548153512,0.12223263724689958,0.29982381060042496,-0.6932022543748483,-0.26653958051406457,-0.08363515064719702,0.3971357328256839,1
16.686039102099926,0.12516155512746635,0.2928917880566765,-0.7013992414409883,-0.26733621844725397,-0.07966379331894019,0.40046415290661436,1
16.696042722664735,0.12802033308388902,0.2858777956422666,-0.7093293683452732,-0.2680928099651527,-0.07565915178987405,0.4036790582280292,1
16.70604634322954,0.13080817810347717,0.2787845019588139,-0.716990468279423,-0.2688090335772287,-0.07162236120759376,0.40677944780146524,1
16.71604996379435,0.13352432407623738,0.27161459727601966,-0.7243804709284405,-0.26948457924452446,-0.0675545667295791,0.40976435999371974,1
16.72605358435916,0.13616803200190472,0.26437079256673524,-0.7314974029948821,-0.27011914847582086,-0.0634569231296419,0.4126328727906898,1
16.736057204923966,0.13873859018727258,0.25705581853678644,-0.7383393886890133,-0.2707124544198382,-0.05933059440173501,0.4153841040472843,1
16.746060825488776,0.14123531443377155,0.2496724246498963,-0.7449046501847447,-0.27126422195345085,-0.05517675336126216,0.4180172117233486,1
16.756064446053582,0.14365754821525203,0.24222337814804887,-0.751191508041257,-0.27177418776589113,-0.05099658124402867,0.420531394105546,1
16.76606806661839,0.1460046628459284,0.2347114630676363,-0.7571983815902333,-0.2722421004389209,-0.04679126730297321,0.4229258900151466,1
16.7760716871832,0.14827605763844573,0.22713947925173397,-0.7629237892886331,-0.27266772052294913,-0.04256200840282175,0.425199979001677,1
16.786075307748007,0.1504711600520342,0.21951024135884764,-0.7683663490369493,-0.2730508206090772,-0.03831000861280498,0.42735298152239193,1
16.796078928312816,0.152589425830719,0.21182657786847814,-0.7735247784629056,-0.27339118539705304,-0.03403647879758106,0.42938425910753014,1
16.806082548877622,0.1546303391315575,0.20409133008384908,-0.7783978951705603,-0.2736886117591181,-0.029742636206505756,0.43129321451132613,1
16.816086169442432,0.15659341264287893,0.19630735113214348,-0.7829846169547975,-0.273942908799732,-0.025429704061392496,0.43307929184875016,1
16.82608979000724,0.15847818769250488,0.18847750496259552,-0.7872839619811948,-0.274153897911161,-0.021098911142904995,0.4347419767179564,1
16.836093410572047,0.16028423434593272,0.18060466534278358,-0.7912950489312732,-0.2743214128249183,-0.01675149137572543,0.4362807963084236,1
16.846097031136857,0.16201115149446743,0.17269171485347085,-0.7950170971131412,-0.2744452996590447,-0.012388683412641193,0.43769531949477625,1
16.856100651701663,0.16365856693329084,0.16474154388233944,-0.798449426537562,-0.2745254169612216,-0.008011730217693431,0.4389851569162818,1
16.866104272266472,0.1652261374294605,0.15675704961696382,-0.8015914579594812,-0.2745616357477069,-0.0036218786485306123,0.4401499610420205,1
16.876107892831282,0.1667135487798342,0.14874113503736902,-0.8044427128850644,-0.27455383953808804,0.0007796209618895922,0.4411894262217333,1
16.886111513396088,0.16812051585891938,0.14069670790851838,-0.8070028135443088,-0.274501924385847,0.005191515224106926,0.4421032887223557,1
16.896115133960897,0.16944678265665014,0.1326266797730753,-0.8092714828292991,-0.27440579890473366,0.009612548111330482,0.4428913267502507,1
16.906118754525703,0.17069212230609795,0.1245339649447823,-0.8112485441981956,-0.2742653842909453,0.01404146137883299,0.44355336045915994,1
16.916122375090513,0.17185633710112597,0.11642147950280035,-0.8129339215450491,-0.2740806143411111,0.01847699498342459,0.4440892519438946,1
16.926125995655322,0.17293925850399947,0.10829214028734986,-0.8143276390355507,-0.2738514354660824,0.022917887502863533,0.4444989052197955,1
16.93612961622013,0.17394074714296942,0.10014886389699436,-0.815429820908839,-0.27357780670053183,0.027362876555061488,0.4447822661879951,1
16.946133236784938,0.17486069279984848,0.09199456568790597,-0.816240691245489,-0.27325969970836245,0.031810699216941435,0.44493932258651675,1
16.956136857349744,0.175699014387603,0.08383215877545108,-0.8167605737018335,-0.27289709878393437,0.036260092442806605,0.4449701039272567,1
16.966140477914553,0.1764556599179873,0.07566455303843275,-0.816989891210762,-0.27249000084911357,0.04070979348207917,0.4448746814188929,1
16.976144098479363,0.17713060645925055,0.06749465412632513,-0.8169291656491675,-0.27203841544615087,0.0451585402962681,0.44465316787577464,1
16.98614771904417,0.1777238600839489,0.059325362469833456,-0.816579017472214,-0.2715423647264006,0.049605071975025845,0.44430571761284693,1
16.99615133960898,0.1782354558069,0.05115957229511132,-0.8159401653146114,-0.27100188343488907,0.05404812915115431,0.4438325263266737,1
17.006154960173784,0.17866545751331966,0.04300017064196521,-0.8150134255590968,-0.2704170188907449,0.058486454414421046,0.4432338309626224,1
17.016158580738594,0.1790139578771834,0.03485003638637424,-0.8137997118723295,-0.2697878309635044,0.06291879272404727,0.44250990956828307,1
17.026162201303404,0.17928107826985992,0.026712039267650943,-0.812300034708417,-0.26911439204530707,0.06734389181973009,0.441661081133194,1
17.03616582186821,0.17946696865906558,0.01858903892056677,-0.8105155007803065,-0.26839678701899644,0.07176050263106204,0.44068770541495583,1
17.04616944243302,0.1795718074981932,0.010483883912763706,-0.8084473124992767,-0.26763511322214434,0.0761673796852116,0.4395901827518164,1
17.056173062997825,0.17959580160607092,0.002399410787770938,-0.8060967673827839,-0.26682948040701704,0.08056328151272976,0.43836895386181496,1
17.066176683562635,0.17953918603721034,-0.005661556886056901,-0.8034652574309231,-0.26598001069650357,0.08494697105134791,0.4370244996285791,1
17.076180304127444,0.1794022239426067,-0.013696209460366133,-0.800554268471774,-0.2650868385360272,0.0893172160476337,0.43555734087387055,1
17.08618392469225,0.17918520642115585,-0.021701752145083873,-0.7973653794759142,-0.2641501106414635,0.0936727894563724,0.4339680381169821,1
17.09618754525706,0.1788884523617574,-0.029675405939843018,-0.7939002618403916,-0.26316998594308805,0.09801246983754222,0.43225719132109125,1
17.10619116582187,0.17851230827617492,-0.03761440855824694,-0.790160678642456,-0.26214663552558054,0.10233504175075313,0.4304254396266802,1
17.116194786386675,0.17805714812272821,-0.04551601534467149,-0.7861484838633607,-0.26108024256411033,0.10663929614701993,0.4284734610721366,1
17.126198406951485,0.17752337312089517,-0.0533775001833051,-0.7818656215825575,-0.2599710022565329,0.1109240307577413,0.42640197230165394,1
17.13620202751629,0.17691141155690385,-0.061196156399130675,-0.7773141251426108,-0.25881912175172533,0.11518805048075784,0.4242117282605534,1
17.1462056480811,0.17622171858039828,-0.06896929765055679,-0.7724961162851751,-0.2576248200740917,0.11943016776336338,0.4219035218781536,1
17.15620926864591,0.1754547759922642,-0.07669425881340854,-0.7674138042583811,-0.25638832804427025,0.1236492029821449,0.41947818373831997,1
17.166212889210716,0.17461109202370428,-0.08436839685599234,-0.7620694848959894,-0.255109888196075,0.1278439848195281,0.4169365817378265,1
17.176216509775525,0.17369120110665476,-0.09198909170495224,-0.7564655396686797,-0.25378975468970594,0.13201335063690636,0.41427962073267005,1
17.18622013034033,0.17269566363563837,-0.09955374710163904,-0.7506044347078509,-0.2524281932212636,0.13615614684423305,0.41150824217247867,1
17.19622375090514,0.1716250657211512,-0.10705979144871755,-0.744488719802314,-0.251025480928604,0.14027122926595784,0.4086234237231594,1
17.20622737146995,0.17048001893468379,-0.11450467864674069,-0.7381210273682753,-0.2495819062935721,0.14435746350318943,0.40562617887793695,1
17.216230992034756,0.16926116004547956,-0.12188588892042344,-0.7315040713930063,-0.24809776904065242,0.1484137252919688,0.4025175565569351,1
17.226234612599566,0.16796915074913601,-0.1292009296343535,-0.7246406463526144,-0.24657338003207704,0.15243890085753817,0.39929864069545923,1
17.23623823316437,0.1666046773881572,-0.13644733609787965,-0.7175336261043278,-0.2450090611594321,0.15643188726449275,0.39597054982114005,1
17.24624185372918,0.16516845066456798,-0.14362267235892293,-0.7101859627537244,-0.24340514523180506,0.16039159276270415,0.3925344366201026,1
17.25624547429399,0.16366120534470338,-0.15072453198646016,-0.7026006854973341,-0.241761975860516,0.1643169371289052,0.38899148749232887,1
17.266249094858797,0.16208369995628905,-0.1577505388414335,-0.6947808994410583,-0.24007990734047774,0.16820685200382848,0.385342922096384,1
17.276252715423606,0.16043671647793062,-0.16469834783584408,-0.6867297843948528,-0.23835930452822982,0.17206028122479233,0.3815899928836812,1
17.286256335988412,0.1587210600211327,-0.1715656456797926,-0.6784505936441332,-0.23660054271669353,0.17587618115362916,0.3777339846224633,1
17.29625995655322,0.15693755850497038,-0.17835015161623394,-0.6699466526983593,-0.234804007506695,0.1796535209998538,0.37377621391168,1
17.30626357711803,0.1550870623235382,-0.18504961814321752,-0.6612213580172763,-0.2329700946753053,0.1833912831389706,0.3697180286849464,1
17.316267197682837,0.15317044400630428,-0.1916618317233903,-0.6522781757152818,-0.2310992100410471,0.18708846342582006,0.36556080770476934,1
17.326270818247647,0.15118859787149885,-0.19818461348054311,-0.6431206402444063,-0.22919176932601842,0.19074407150286776,0.3613059600472305,1
17.336274438812453,0.149142439672669,-0.2046158198829872,-0.6337523530563945,-0.22724819801498503,0.19435713110334008,0.35695492457732003,1
17.346278059377262,0.1470329062385335,-0.21095334341355113,-0.6241769812443841,-0.22526893121149388,0.1979266803491133,0.35250916941511606,1
17.35628167994207,0.14486095510627353,-0.21719511322599497,-0.6143982561646828,-0.22325441349106123,0.20145177204326445,0.3479701913930083,1
17.366285300506878,0.1426275641483971,-0.2233390957876418,-0.6044199720391522,-0.22120509875148928,0.20493147395719452,0.3433395155041669,1
17.376288921071687,0.14033373119331677,-0.22938329550803332,-0.5942459845387106,-0.2191214500603669,0.2083648691122362,0.33861869434246006,1
17.386292541636493,0.13798047363978255,-0.23532575535342043,-0.5838802093484738,-0.21700393949981028,0.2117510560556608,0.33380930753402677,1
17.396296162201303,0.1355688280653135,-0.24116455744690518,-0.5733266207150598,-0.21485304800850027,0.21508914913100108,0.3289129611607137,1
17.406299782766112,0.13309984982877296,-0.24689782365405577,-0.5625892499765819,-0.21266926522107418,0.2183782787426082,0.32393128717558634,1
17.416303403330918,0.13057461266723475,-0.2525237161538216,-0.5516721840758705,-0.21045308930493054,0.22161759161436406,0.31886594281072883,1
17.426307023895728,0.12799420828728894,-0.25804043799458026,-0.5405795640574566,-0.2082050267945058,0.22480625104247134,0.3137186099775476,1
17.436310644460534,0.12535974595093738,-0.26344623363515485,-0.5293155835488645,-0.20592559242308334,0.22794343714224682,0.30849099465979607,1
17.446314265025343,0.12267235205623095,-0.2687393894706435,-0.5178844872267591,-0.2036153089521949,0.2310283470888448,0.3031848262995414,1
17.456317885590153,0.11993316971280184,-0.2739182343429111,-0.5062905692684998,-0.2012747069986765,0.2340601953518402,0.2978018571762943,1
17.46632150615496,0.11714335831244588,-0.2789811400355961,-0.49453817178965886,-0.19890432485944046,0.23703821392360314,0.29234386177952604,1
17.476325126719768,0.11430409309491095,-0.2839265217534927,-0.4826316832680608,-0.19650470833402647,0.2399616525413984,0.2868126361747976,1
17.486328747284574,0.11141656470904922,-0.2887528385861733,-0.470575536954908,-0.194076410544995,0.24282977890314636,0.2812099973637296,1
17.496332367849384,0.10848197876949199,-0.2934585939557224,-0.45837420927355865,-0.19161999175622715,0.24564187887678365,0.27553778263804074,1
17.506335988414193,0.10550155540900741,-0.298042336048458,-0.44603221820652617,-0.1891360191891955,0.24839725670316407,0.26979784892788655,1
17.516339608979,0.10247652882670218,-0.30250265823052325,-0.43355412167127294,-0.1866250668372711,0.2510952351924429,0.263992072144729,1
17.52634322954381,0.09940814683222982,-0.306838199447236,-0.42094451588537446,-0.1840877152781322,0.25373515591389023,0.25812234651897303,1
17.536346850108615,0.09629767038616892,-0.31104764460608975,-0.40820803372163017,-0.1815245514843414,0.25631637937908,0.2521905839326023,1
17.546350470673424,0.09314637313673586,-0.31512972494330604,-0.39534934305370373,-0.17893616863215733,0.258838285218406,0.2461987132470526,1
17.556354091238234,0.08995554095299743,-0.31908321837384307,-0.38237314509287224,-0.17632316590864858,0.26130027235087655,0.24014867962655834,1
17.56635771180304,0.08672647145474971,-0.3229069498247718,-0.3692841727164719,-0.17368614831717716,0.2637017591471421,0.23404244385721265,1
17.57636133236785,0.08346047353923035,-0.3265997915519365,-0.3560871887886238,-0.17102572648132003,0.26604218358571424,0.22788198166197896,1
17.586364952932655,0.08015886690483212,-0.33016066343982275,-0.3427869844738285,-0.1683425164472967,0.26832100340233406,0.22166928301189542,1
17.596368573497465,0.07682298157198651,-0.33358853328456106,-0.3293883775440195,-0.16563713948497216,0.270537696232453,0.2154063514337134,1
17.606372194062274,0.0734541574013865,-0.33688241706000127,-0.3158962106796635,-0.16291022188750426,0.2726917597467901,0.20909520331421175,1
17.61637581462708,0.07005374360971853,-0.3400413791667979,-0.3023153497655009,-0.16016239476970492,0.27478271177993224,0.20273786720143022,1
17.62637943519189,0.066623098283074,-0.3430645326644529,-0.2886506821815169,-0.15739429386518547,0.27681009045194654,0.1963363831030648,1
17.636383055756696,0.06316358788821132,-0.3459510394862681,-0.27490711508973603,-0.1546065593223557,0.2787734542829772,0.1898928017822693,1
17.646386676321505,0.059676586781839666,-0.34870011063716544,-0.2610895737174336,-0.1517998354993477,0.2806723823007999,0.18340918405110734,1
17.656390296886315,0.05616347671809627,-0.35131100637433976,-0.24720299963735543,-0.14897477075793458,0.28250647414131097,0.17688760006189974,1
17.66639391745112,0.052625646354389134,-0.35378303637071334,-0.23325234904554001,-0.14613201725651528,0.28427535014192995,0.17033012859671143,1
17.67639753801593,0.04906449075577745,-0.3561155598611687,-0.2192425910373349,-0.1432722307422363,0.2859786514278971,0.16373885635522406,1
17.686401158580736,0.04548141089806203,-0.35830798577154205,-0.2051787058821995,-0.14039607034232182,0.2876160399914493,0.1571158772412389,1
17.696404779145546,0.04187781316975839,-0.360359772830364,-0.19106568329788554,-0.1375041983546832,0.2891871987638617,0.15046329164805541,1
17.706408399710355,0.03825510887312496,-0.3622704296633429,-0.17690852072458607,-0.13459728003787977,0.29069183168034224,0.14378320574297052,1
17.71641202027516,0.03461471372441907,-0.3640395148705887,-0.1627122215996415,-0.13167598340050204,0.29212966373777194,0.13707773075114393,1
17.72641564083997,0.03095804735355322,-0.36566663708658514,-0.14848179363339187,-0.12874097899004922,0.2935004410452834,0.1303489822390741,1
17.736419261404777,0.02728653280332403,-0.36715145502291907,-0.13422224708676075,-0.12579293968137248,0.29480393086767415,0.12359907939792908,1
17.746422881969586,0.023601596028386164,-0.3684936774937867,-0.11993859305115709,-0.12283254046475595,0.29603992166165344,0.11683014432697676,1
17.756426502534396,0.019904665394143182,-0.36969306342429825,-0.1056358417312766,-0.11986045823370671,0.29720822310492323,0.11004430131735758,1
17.7664301230992,0.01619717117572707,-0.370749421841611,-0.09131900073138474,-0.11687737157252574,0.2983086661180968,0.10324367613644313,1
17.77643374366401,0.012480545057237823,-0.37166261184892485,-0.07699307334565962,-0.11388396054373114,0.29934110287946125,0.09643039531302283,1
17.786437364228817,0.008756219631414009,-0.37243254258238145,-0.06266305685317095,-0.11088090647540522,0.3003054068325915,0.08960658542356008,1
17.796440984793627,0.005025627899904878,-0.37305917315091314,-0.04833394081806895,-0.10786889174853695,0.3012014726868271,0.08277437237975911,1
17.806444605358436,0.0012902027743139392,-0.3735425125590938,-0.034010705395553745,-0.1048485995844307,0.3020292164106247,0.07593588071768216,1
17.816448225923242,-0.0024486234218165544,-0.37388261961304936,-0.01969831964419315,-0.10182071383225269,0.3027885752178015,0.06909323288865599,1
17.82645184648805,-0.006189419449911467,-0.3740796028094913,-0.0054017398451531445,-0.09878591875678581,0.30347950754668807,0.06224854855220553,1
17.836455467052858,-0.009930755651990895,-0.37413362020794283,0.008874092171097539,-0.09574489882646371,0.30410199303221014,0.055403943871251804,1
17.846459087617667,-0.013671204444853213,-0.37404487928623187,0.023124250690051515,-0.09269833850175449,0.30465603247092266,0.048561530809809,1
17.856462708182477,-0.017409340812646525,-0.3738136367793313,0.03734382776984156,-0.08964692202396428,0.30514164777902075,0.04172341643341568,1
17.866466328747283,-0.021143742797662853,-0.3734401985016329,0.05152793488878442,-0.08659133320453073,0.3055588819433549,0.03489170221253238,1
17.876469949312092,-0.024872991989190303,-0.37292491915274506,0.06567170458324398,-0.08353225521487594,0.3059077989654802,0.02806848332913761,1
17.886473569876898,-0.02859567401025943,-0.37226820210691264,0.07977029207527261,-0.08047037037688821,0.30618848379877156,0.021255847986751623,1
17.896477190441708,-0.03231037900212103,-0.37147049918615993,0.09381887688949328,-0.07740635995410182,0.30640104227863907,0.014455876724116877,1
17.906480811006517,-0.03601570210629368,-0.370532310417265,0.10781266445869103,-0.07434090394364301,0.30654560104588024,0.007670641732761305,1
17.916484431571323,-0.03971024394402046,-0.3694541837726781,0.12174688771758604,-0.07127468086901093,0.30662230746320784,0.0009022061786696824,1
17.926488052136133,-0.04339261109297548,-0.3682367148955022,0.1356168086842659,-0.06820836757376098,0.30663132952499456,-0.005847376471713961,1
17.93649167270094,-0.047061416561062074,-0.36688054680865956,0.14941772002875991,-0.0651426390161582,0.30657285576027743,-0.012576063120931617,1
17.946495293265748,-0.05071528025714579,-0.36538636960837195,0.16314494662824422,-0.062078168064867524,0.3064470951290681,-0.019281821705185078,1
17.956498913830558,-0.05435282945856669,-0.3637549201420895,0.1767938471083706,-0.05901562529574736,0.30625427691201623,-0.025962631854020955,1
17.966502534395364,-0.05797269927527675,-0.3619869816710058,0.1903598153702188,-0.0559556787898126,0.305994650593476,-0.03261648554481175,1
17.976506154960173,-0.06157353311044979,-0.3600833835173036,0.20383828210237775,-0.05289899393243232,0.3056684857380279,-0.03924138775182026,1
17.98650977552498,-0.06515398311741259,-0.35804500069627987,0.21722471627766654,-0.049846233213827223,0.3052760718605097,-0.04583535708963634,1
17.99651339608979,-0.06871271065274763,-0.3558727535335032,0.23051462663401245,-0.04679805603093109,0.30481771828961335,-0.052396426450777876,1
18.0065170166546,-0.07224838672541926,-0.3535676072671631,0.24370356313901037,-0.043755118490680034,0.30429375402510556,-0.05892264363724979,1
18.016520637219404,-0.075759692441777,-0.351130571635773,0.25678711843769286,-0.040718073214792705,0.30370452758873306,-0.06541207198585759,1
18.026524257784214,-0.07924531944629096,-0.3485627004513961,0.2697609292830481,-0.03768756914610396,0.30305040686887447,-0.07186279098707445,1
18.03652787834902,-0.08270397035787662,-0.3458650911585656,0.28262067794882906,-0.03466425135651392,0.3023317789590037,-0.07827289689726306,1
18.04653149891383,-0.0861343592016674,-0.3430388843790773,0.29536209362420407,-0.03164876085661361,0.30154904999003107,-0.0846405033440569,1
18.05653511947864,-0.08953521183609575,-0.3400852634428353,0.3079809537898066,-0.028641734407047707,0.3007026449565905,-0.0909637419247071,1
18.066538740043445,-0.09290526637514512,-0.33700545390493725,0.3204730855747485,-0.02564380433167427,0.29979300753734345,-0.0972407627972052,1
18.076542360608254,-0.09624327360563702,-0.3338007230491898,0.33283436709416847,-0.022655598332580556,0.2988205999093714,-0.1034697352639936,1
18.086545981173064,-0.0995479973994195,-0.3304723793782481,0.34506072876689486,-0.01967773930701324,0.29778590255673143,-0.10964884834807939,1
18.09654960173787,-0.10281821512032528,-0.32702177209057914,0.35714815461281096,-0.016710845166280734,0.2966894140732506,-0.11577631136136962,1
18.10655322230268,-0.1060527180257698,-0.323450290544451,0.36909268352951524,-0.013755528656684366,0.2955316509596369,-0.12185035446504912,1
18.116556842867485,-0.10925031166286135,-0.31975936370915586,0.3808904105478807,-0.010812397182534503,0.29431314741498643,-0.1278692292218255,1
18.126560463432295,-0.11240981625889812,-0.31595045960367707,0.392537488066123,-0.007882052631306822,0.29303445512276816,-0.13383120913986812,1
18.136564083997104,-0.11553006710612827,-0.3120250847230158,0.40403012706199487,-0.004965091200993126,0.2916961430313695,-0.13973459020827209,1
18.14656770456191,-0.11860991494065223,-0.3079847834523959,0.41536459828273564,-0.002062103229700259,0.29029879712928675,-0.14557769142388066,1
18.15657132512672,-0.12164822631534791,-0.3038311374695685,0.4265372334124077,0.0008263269724502207,0.28884302021504793,-0.15135885530930293,1
18.166574945691526,-0.12464388396670235,-0.2995657651354445,0.43754442621626577,0.0036996212890697696,0.2873294316619549,-0.1570764484219676,1
18.176578566256335,-0.12759578717543518,-0.29519032087328184,0.4483826336618091,0.006557207960847122,0.28575866717773524,-0.16272886185405583,1
18.186582186821145,-0.13050285212080182,-0.29070649453666375,0.4590483770161773,0.009398521746439068,0.2841313785591947,-0.16831451172316036,1
18.19658580738595,-0.13336401222846683,-0.286116010766502,0.4695382429195596,0.012223004080858699,0.28244823344196307,-0.17383183965352184,1
18.20658942795076,-0.1361782185118399,-0.2814206283373064,0.47984888443429397,0.015030103231312979,0.28070991504542786,-0.17927931324769567,1
18.216593048515566,-0.13894443990676952,-0.2766221394929635,0.4899770220693438,0.01781927445044249,0.2789171219129509,-0.1846554265485071,1
18.226596669080376,-0.14166166359949223,-0.27172236927227006,0.49991944477984784,0.020589980126917148,0.27707056764746585,-0.18995870049115596,1
18.236600289645185,-0.14432889534773694,-0.26672317482447155,0.5096730109414478,0.02334168993334269,0.2751709806425543,-0.19518768334533504,1
18.24660391020999,-0.1469451597948875,-0.2616264447150571,0.5192346492991077,0.026073880971433698,0.27321910380910097,-0.20034095114723133,1
18.2566075307748,-0.14950950077710817,-0.25643409822206603,0.5286013598901478,0.028786037914409986,0.27121569429762865,-0.20541710812128103,1
18.266611151339607,-0.15202098162333982,-0.25114808462316457,0.5377702149412265,0.03147765314657414,0.26916152321641584,-0.21041478709155553,1
18.276614771904416,-0.15447868544807736,-0.2457703824737523,0.5467383597390116,0.034148226900029145,0.2670573753455003,-0.21533264988265652,1
18.286618392469226,-0.15688171543684098,-0.24030299887636217,0.5555030134742913,0.03679726738849588,0.26490404884667373,-0.22016938771000422,1
18.296622013034032,-0.15922919512425718,-0.23474796874161927,0.564061470059287,0.03942429093819162,0.26270235496957367,-0.22492372155940618,1
18.30662563359884,-0.16152026866466745,-0.2291073540410264,0.5724110989179391,0.04202882211573142,0.2604531177539796,-0.22959440255579683,1
18.316629254163647,-0.16375410109518593,-0.223383243051847,0.5805493457489428,0.044610393853015635,0.2581571737284216,-0.23418021232104372,1
18.326632874728457,-0.1659298785911295,-0.21757774959435758,0.5884737332613278,0.04716854756906775,0.2558153716052112,-0.23867996332071836,1
18.336636495293266,-0.16804680871374694,-0.2116930122617443,0.5961818618823775,0.04970283328878779,0.25342857197200397,-0.2430924991997351,1
18.346640115858072,-0.17010412065017616,-0.20573119364292053,0.6036714104377005,0.05221280975858785,0.2509976469800066,-0.24741669510676467,1
18.356643736422882,-0.17210106544556159,-0.19969447953854352,0.6109401368032708,0.05469804455887724,0.24852348002893895,-0.2516514580073327,1
18.366647356987688,-0.1740369162272667,-0.19358507817051082,0.6179858785292681,0.05715811421336589,0.24600696544886563,-0.25579572698551917,1
18.376650977552497,-0.17591096842111886,-0.18740521938521815,0.6248065534355562,0.059592604295156,0.24344900817901044,-0.2598484735341759,1
18.386654598117307,-0.1777225399596275,-0.1811571538508626,0.6314001601786478,0.06200110952959268,0.24085052344366867,-0.26380870183358707,1
18.396658218682113,-0.17947097148211827,-0.17484315224907612,0.637764778790016,0.06438323389384601,0.2382124364253328,-0.26767544901849755,1
18.406661839246922,-0.18115562652673003,-0.16846550446117597,0.6438985711856228,0.06673859071319749,0.23553568193514782,-0.2714477854334423,1
18.41666545981173,-0.18277589171422323,-0.16202651874931975,0.6497997816465393,0.06906680275400562,0.2328212040808134,-0.2751248148763102,1
18.426669080376538,-0.18433117692355178,-0.15552852093285435,0.6554667372705523,0.07136750231332611,0.2300699559320503,-0.2787056748300829,1
18.436672700941347,-0.18582091545915327,-0.14897385356014883,0.6608978483946533,0.0736403313051636,0.22728289918374947,-0.2821895366826918,1
18.446676321506153,-0.1872445642099153,-0.1423648750762023,0.6660916089883193,0.07588494134333283,0.22446100381692255,-0.2855756059349404,1
18.456679942070963,-0.1886016037997785,-0.1357039589863191,0.6710465970175079,0.07810099382090856,0.22160524775757315,-0.28886312239644435,1
18.46668356263577,-0.18989153872993994,-0.12899349301614402,0.6757614747792933,0.08028815998624464,0.21871661653360872,-0.29205136036954543,1
18.47668718320058,-0.19111389751262345,-0.12223587826835108,0.6802349892070844,0.08244612101554377,0.21579610292991325,-0.2951396288211586,1
18.486690803765388,-0.19226823279638625,-0.11543352837628024,0.6844659721463755,0.08457456808196079,0.21284470664170166,-0.29812727154251717,1
18.496694424330194,-0.1933541214829344,-0.10858886865481648,0.6884533406009901,0.08667320242122355,0.2098634339262765,-0.30101366729678564,1
18.506698044895003,-0.19437116483542247,-0.10170433524880658,0.6921960969497853,0.08874173539375663,0.20685329725330864,-0.30379822995451,1
18.51670166545981,-0.19531898857821556,-0.09478237427930873,0.6956933291338028,0.09077988854329426,0.20381531495376354,-0.3064804086168862,1
18.52670528602462,-0.19619724298809527,-0.08782544098797071,0.6989442108138502,0.09278739365197021,0.20075051086759468,-0.3090596877268249,1
18.53670890658943,-0.1970056029768936,-0.08083599887983221,0.7019480014985207,0.09476399279187347,0.19765991399032642,-0.31153558716779967,1
18.546712527154234,-0.19774376816554207,-0.07381651886484701,0.7047040466426555,0.09670943837305995,0.19454455811864843,-0.31390766235046685,1
18.556716147719044,-0.19841146294952627,-0.06676947839842046,0.7072117777162743,0.09862349318801139,0.19140548149514378,-0.31617550428705204,1
18.56671976828385,-0.19900843655573885,-0.05969736062125772,0.7094707122440023,0.10050593045253413,0.18824372645227325,-0.31833873965350035,1
18.57672338884866,-0.19953446309072703,-0.052602653498817695,0.7114804538150361,0.10235653384309151,0.18506033905573824,-0.32039703083939236,1
18.58672700941347,-0.1999893415803337,-0.045487848960667335,0.7132406920636996,0.10417509753056496,0.18185636874734432,-0.32235007598563314,1
18.596730629978275,-0.20037289600073402,-0.03835544204003034,0.714751202620648,0.10596142621043984,0.17863286798748798,-0.32419760900992267,1
18.606734250543084,-0.20068497530087226,-0.031207930013823857,0.7160118470347953,0.10771533512941373,0.17539089189738877,-0.3259393996200249,1
18.61673787110789,-0.20092545341630702,-0.024047811543475905,0.7170225726660419,0.10943665010842561,0.1721314979011885,-0.3275752533148515,1
18.6267414916727,-0.20109422927447518,-0.016877585816815487,0.7177834125488947,0.11112520756210602,0.16885574536804,-0.3291050113733852,1
18.63674511223751,-0.20119122679138846,-0.00969975169132654,0.7182944852270798,0.11278085451464907,0.16556469525430614,-0.33052855083146815,1
18.646748732802315,-0.20121639485977902,-0.0025168068390557423,0.7185559945592572,0.114403448612109,0.16225940974599146,-0.33184578444648716,1
18.656752353367125,-0.20116970732871364,0.00466875310653683,0.7185682294959579,0.11599285813112425,0.15894095190152657,-0.33305666064999057,1
18.66675597393193,-0.2010511629746987,0.011854435401496409,0.7183315638278713,0.11754896198407452,0.15561038529502666,-0.3341611634882759,1
18.67675959449674,-0.20086078546430094,0.019037751039775123,0.7178464559056238,0.11907164972067596,0.1522687736601439,-0.33515931255099135,1
18.68676321506155,-0.20059862330831263,0.02621621559883136,0.717113448331194,0.12056082152602231,0.14891718053463399,-0.33605116288779835,1
18.696766835626356,-0.2002647498074912,0.0333873500821433,0.7161331676211249,0.12201638821507987,0.145556668905756,-0.33683680491314666,1
18.706770456191165,-0.19985926298990767,0.04054868175835455,0.7149063238416982,0.12343827122364612,0.14218830085662454,-0.3375163642992162,1
18.71677407675597,-0.19938228553993995,0.047697744996771534,0.713433710216248,0.12482640259578244,0.13881313721363236,-0.33809000185708565,1
18.72677769732078,-0.1988339647189506,0.05483208209893401,0.7117162027047981,0.12618072496773305,0.1354322371950615,-0.33855791340618985,1
18.73678131788559,-0.19821447227769076,0.06194924412598199,0.7097547595562189,0.12750119154834305,0.1320466580609996,-0.33892032963213375,1
18.746784938450396,-0.19752400436047532,0.06904679172154418,0.7075504208331069,0.12878776609598983,0.12865745476467827,-0.339177515932933,1
18.756788559015206,-0.19676278140117656,0.07612229592987525,0.705104307909598,0.13004042289204332,0.12526567960534893,-0.33932977225375477,1
18.766792179580012,-0.19593104801108685,0.08317333900897123,0.7024176229423378,0.13125914671087144,0.12187238188281138,-0.3393774329102395,1
18.77679580014482,-0.1950290728587029,0.0901975152383946,0.6994916483148383,0.13244393278640854,0.11847860755370898,-0.33932086640048237,1
18.78679942070963,-0.19405714854148748,0.09719243172154299,0.6963277460554593,0.1335947867753056,0.11508539888970416,-0.3391604752057635,1
18.796803041274437,-0.1930155914496665,0.10415570918209759,0.692927357229262,0.13471172471668205,0.11169379413764653,-0.3388966955801132,1
18.806806661839246,-0.19190474162212262,0.1110849827543902,0.6892920013039903,0.1357947729885005,0.1083048271818454,-0.3385299973288077,1
18.816810282404052,-0.19072496259444832,0.1179779027674301,0.685423275490445,0.1368439682605861,0.10491952720855732,-0.33806088357589015,1
18.826813902968862,-0.18947664123922497,0.12483213552233455,0.681322854057522,0.13785935744431407,0.10153891837279842,-0.33748989052081885,1
18.83681752353367,-0.18816018759859587,0.13164536406290978,0.6769924876221955,0.13884099763898997,0.09816401946759024,-0.33681758718434485,1
18.846821144098477,-0.18677603470920456,0.13841528893913174,0.6724340024147348,0.13978895607494743,0.09479584359574679,-0.3360445751437267,1
18.856824764663287,-0.18532463841957178,0.1451396289632791,0.6676492995194501,0.1407033100533905,0.09143539784430953,-0.33517148825739324,1
18.866828385228093,-0.18380647719998705,0.15181612195847358,0.6626403540912743,0.14158414688300786,0.08808368296173559,-0.33419899237916845,1
18.876832005792902,-0.1822220519449932,0.1584425254993863,0.6574092145484896,0.14243156381338729,0.0847416930379439,-0.3331277850621749,1
18.886835626357712,-0.18057188576854447,0.16501661764487122,0.6519580017419196,0.1432456679652605,0.08141041518732216,-0.3319585952525372,1
18.896839246922518,-0.17885652379192157,0.17153619766229042,0.6462889081009151,0.14402657625760848,0.07809082923479678,-0.33069218297300973,1
18.906842867487327,-0.17707653292448858,0.17799908674329956,0.6404041967564649,0.14477441533165913,0.07478390740506669,-0.32932933899665434,1
18.916846488052133,-0.17523250163737994,0.1844031287108642,0.6343062006417771,0.14548932147181012,0.07149061401510014,-0.32787088451070007,1
18.926850108616943,-0.17332503973020713,0.19074619071728197,0.6279973215706751,0.14617144052351005,0.06821190516999313,-0.3263176707707165,1
18.936853729181752,-0.17135477809087724,0.19702616393298872,0.6214800292941669,0.1468209278081329,0.06494872846228597,-0.3246705787452387,1
18.94685734974656,-0.16932236844861792,0.20324096422593038,0.6147568605355489,0.14743794803488125,0.06170202267483359,-0.32293051875098255,1
18.956860970311368,-0.16722848312030505,0.20938853283128586,0.6078304180044125,0.14802267520975448,0.05847271748732376,-0.32109843007879196,1
18.966864590876174,-0.16507381475019176,0.21546683701133,0.6007033693899291,0.14857529254161983,0.055261733186535836,-0.3191752806104652,1
18.976868211440983,-0.16285907604313946,0.22147387070522928,0.5933784463337965,0.14909599234542414,0.05206998038043118,-0.3171620664266067,1
18.986871832005793,-0.16058499949145377,0.22740765516856726,0.5858584433832337,0.1495849759425858,0.048898359716165116,-0.3150598114056561,1
18.9968754525706,-0.15825233709542977,0.2332662396023996,0.5781462169244163,0.15004245355860688,0.045747761602108555,-0.3128695668142475,1
19.00687907313541,-0.15586186007771333,0.23904770177164375,0.5702446840967578,0.15046864421794653,0.04261906593396608,-0.3105924108890565,1
19.016882693700214,-0.15341435859158722,0.24475014861261132,0.5621568216884367,0.1508637756361973,0.039513141825075516,-0.30822944841029204,1
19.026886314265024,-0.15091064142329227,0.2503717168294957,0.5538856650135847,0.15122808410960703,0.0364308473409726,-0.3057818102669966,1
19.036889934829833,-0.14835153568849596,0.2559105734796316,0.5454343067715517,0.15156181440199007,0.03337302923830263,-0.3032506530143163,1
19.04689355539464,-0.1457378865230225,0.2613649165473471,0.5368058958886698,0.15186521962907165,0.03034052270815947,-0.3006371584229101,1
19.05689717595945,-0.14307055676796016,0.2667329755062338,0.5280036363429447,0.15213856114031096,0.02733415112393037,-0.29794253302066415,1
19.06690079652426,-0.14035042664926353,0.27201301186966326,0.5190307859721062,0.1523821083982482,0.02435472579372373,-0.2951680076268841,1
19.076904417089064,-0.13757839345196968,0.27720331972938433,0.509890655265455,0.15259613885542275,0.02140304571745489,-0.2923148368791379,1
19.086908037653874,-0.1347553711891493,0.2823022262820389,0.5005866061399495,0.1527809378289094,0.01847989734866351,-0.28938429875292504,1
19.09691165821868,-0.1318822902657149,0.2873080923434384,0.49112205070097775,0.15293679837252072,0.01558605436113426,-0.28637769407434904,1
19.10691527878349,-0.12896009713721043,0.29221931285044817,0.48150044998826624,0.15306402114672463,0.01272227742039077,-0.2832963460259741,1
19.1169188993483,-0.12598975396370712,0.2970343173503308,0.47172531270738116,0.15316291428632595,0.009889313960131029,-0.2801415996460461,1
19.126922519913105,-0.12297223825893308,0.30175157047740464,0.461800193947281,0.15323379326596265,0.007087897963670568,-0.2769148213212628,1
19.136926140477915,-0.11990854253476431,0.30636957241687746,0.45172869388438464,0.15327698076346724,0.004318749750457939,-0.27361739827327736,1
19.14692976104272,-0.11679967394120709,0.3108868593557213,0.4415144564736215,0.1532928065211445,0.0015825757677251653,-0.2702507380391241,1
19.15693338160753,-0.11364665390200251,0.31530200392045754,0.43116116812693384,0.15328160720501782,-0.0011199316126660756,-0.26681626794575375,1
19.16693700217234,-0.11045051774598524,0.31961361560172685,0.42067255637970696,0.1532437262620966,-0.003788094292123613,-0.26331543457886947,1
19.176940622737146,-0.10721231433433001,0.32382034116552394,0.41005238854560266,0.15317951377571748,-0.006421248637912307,-0.25974970324625624,1
19.186944243301955,-0.1039331056838202,0.32792086505097995,0.39930447036027833,0.15308932631901373,-0.00901874567037487,-0.2561205574357964,1
19.19694786386676,-0.10061396658627438,0.33191390975458274,0.38843264461447297,0.1529735268065664,-0.011579951244732834,-0.25242949826836747,1
19.20695148443157,-0.0972559842242671,0.33579823620072746,0.377440789776948,0.15283248434429222,-0.01410424622741651,-0.24867804394581766,1
19.21695510499638,-0.09386025778328212,0.33957264409849697,0.36633281860777045,0.1526665740776235,-0.016591026666874686,-0.24486772919421815,1
19.226958725561186,-0.09042789806043637,0.3432359722845747,0.35511267676242947,0.15247617703803532,-0.019039703958816868,-0.24100010470258998,1
19.236962346125996,-0.08696002706991438,0.346787099052199,0.3437843413872802,0.15226167998797688,-0.021449705005842767,-0.237076736557307,1
19.2469659666908,-0.08345777764525365,0.35022494246607183,0.3323518197068093,0.15202347526426271,-0.023820472371415838,-0.2330992056723748,1
19.25696958725561,-0.07992229303862225,0.35354846066313994,0.32081914760322006,0.15176196061998132,-0.026151464428139586,-0.2290691072157896,1
19.26697320782042,-0.07635472651723053,0.3567566521391721,0.3091903881888355,0.15147753906497835,-0.02844215550029748,-0.22498805003217912,1
19.276976828385227,-0.07275624095701994,0.3598485560210605,0.2974696303718199,0.15117061870497217,-0.03069203600061927,-0.22085765606193017,1
19.286980448950036,-0.06912800843377215,0.3628232523247787,0.2856609874157205,0.1508416125793598,-0.03290061256123857,-0.2166795597570081,1
19.296984069514842,-0.06547120981178278,0.3656798621989359,0.2737685954933329,0.1504909384977717,-0.035067408158808655,-0.21245540749367361,1
19.30698769007965,-0.06178703433024409,0.36841754815386923,0.2617966122353927,0.15011901887543425,-0.03719196223374539,-0.2081868569823038,1
19.31699131064446,-0.058076679187481856,0.37103551427622317,0.24974921527459948,0.14972628056739856,-0.03927383080356843,-0.20387557667452358,1
19.326994931209267,-0.05434134912319216,0.37353300642896914,0.2376306007854781,0.14931315470169543,-0.04131258657031366,-0.19952324516785622,1
19.336998551774077,-0.050582255998823926,0.3759093124368239,0.2254449820205825,0.1488800765114755,-0.043307819021992225,-0.19513155060810022,1
19.347002172338883,-0.04680061837625363,0.37816376225702975,0.21319658784354972,0.14842748516619478,-0.04525913452807323,-0.1907021900896411,1
19.357005792903692,-0.04299766109489898,0.38029572813546525,0.20088966125950897,0.1479558236019051,-0.04716615642896964,-0.1862368690539071,1
19.3670094134685,-0.039174614847418375,0.3823046247480603,0.18852845794335304,0.14746553835071,-0.04902852511950871,-0.1817373006861775,1
19.377013034033308,-0.035332715754143436,0.38418990932749386,0.1761172447663778,0.1469570793694463,-0.050845898126370484,-0.17720520531095268,1
19.387016654598117,-0.03147320493639186,0.38595108177515763,0.16366029832179554,0.1464308998676515,-0.05261795017948001,-0.17264230978609538,1
19.397020275162923,-0.0275973280888081,0.3875876847583756,0.1511619034496273,0.1458874561348781,-0.054344373277340964,-0.1680503468959521,1
19.407023895727733,-0.023706335050879383,0.38909930379287183,0.1386263517614789,0.1453272073674151,-0.05602487674630049,-0.16343105474366443,1
19.417027516292542,-0.019801479377774517,0.3904855673104866,0.12605794016570396,0.14475061549447774,-0.05765918729373713,-0.15878617614287854,1
19.427031136857348,-0.01588401791065308,0.39174614671214364,0.11346096939345658,0.14415814500392607,-0.059247049055165917,-0.15411745800906257,1
19.437034757422158,-0.011955210346592299,0.3928807564060782,0.10083974252613477,0.14355026276757352,-0.060788223635256544,-0.14942665075064016,1
19.447038377986964,-0.008016318808278904,0.39388915383133954,0.0881985635247147,0.1429274378661459,-0.06228249014276294,-0.1447155076601485,1
19.457041998551773,-0.004068607413613036,0.3947711394665867,0.075541735761474,0.14229014141395224,-0.06372964521936443,-0.13998578430562883,1
19.467045619116583,-0.00011334184537102176,0.39552655682420146,0.0628735605546008,0.14163884638332805,-0.06512950306242071,-0.13523923792245698,1
19.47704923968139,0.003848211078926453,0.39615529242974745,0.05019833570618276,0.1409740274289116,-0.06648189544164529,-0.13047762680582065,1
19.487052860246198,0.007814783836794546,0.39665727578680926,0.03752035404406906,0.14029616071181455,-0.0677866717097035,-0.12570270970404968,1
19.497056480811004,0.011785108630067046,0.39703247932724994,0.024843901968095966,0.1396057237237471,-0.06904369880674399,-0.12091624521300566,1
19.507060101375814,0.015757917813536356,0.3972809183469309,0.012173258001163118,0.13890319511115837,-0.07025286125887405,-0.1161199911717346,1
19.517063721940623,0.019731944322805783,0.39740265092694255,-0.00048730865435341053,0.13818905449945246,-0.07141406117059139,-0.11131570405958753,1
19.52706734250543,0.023705922101209774,0.39739777784039904,-0.01313353955436855,0.13746378231734058,-0.07252721821118727,-0.10650513839501206,1
19.53707096307024,0.027678586525658327,0.39726644244485537,-0.02576118844455688,0.1367278596213892,-0.07359226959513739,-0.10169004613621713,1
19.547074583635045,0.03164867483126243,0.3970088305604098,-0.03836602268504505,0.1359817679208242,-0.07460917005649956,-0.09687217608391181,1
19.557078204199854,0.035614926534598024,0.3966251703335594,-0.05094382466785513,0.13522598900265081,-0.07557789181733868,-0.09205327328631892,1
19.567081824764664,0.039576083855466834,0.39611573208688083,-0.0634903932266279,0.13446100475714878,-0.07649842455020187,-0.08723507844666176,1
19.57708544532947,0.04353089213701298,0.39548082815461455,-0.07600154503815973,0.1336872970038021,-0.07737077533466849,-0.08241932733332229,1
19.58708906589428,0.04747810026405531,0.3947208127042329,-0.08847311601529043,0.13290534731772208,-0.07819496860800171,-0.0776077501928666,1
19.597092686459085,0.05141646107949611,0.39383608154408,-0.10090096269068152,0.13211563685662278,-0.07897104610993037,-0.07280207116613364,1
19.607096307023895,0.05534473179866784,0.3928270719171732,-0.11328096359103132,0.13131864618840686,-0.07969906682159171,-0.06800400770757985,1
19.617099927588704,0.05926167442148047,0.39169426228126286,-0.1256090206012738,0.13051485511942018,-0.08037910689866751,-0.06321527000807295,1
19.62710354815351,0.06316605614223297,0.3904381720752501,-0.13788106031831623,0.1297047425234327,-0.08101125959874823,-0.0584375604213249,1
19.63710716871832,0.06705664975695365,0.38905936147206693,-0.15009303539387125,0.1288887861714031,-0.08159563520296148,-0.053672572894153295,1
19.647110789283126,0.07093223406813493,0.3875584311181282,-0.16224092586594635,0.12806746256208407,-0.08213236093190301,-0.04892199240075884,1
19.657114409847935,0.07479159428672962,0.38593602185946874,-0.1743207404785576,0.12724124675352497,-0.0826215808559106,-0.04418749438120429,1
19.667118030412745,0.07863352243127644,0.3841928144546832,-0.18632851798923825,0.12641061219552774,-0.08306345579972264,-0.03947074418427903,1
19.67712165097755,0.08245681772402436,0.3823295292747908,-0.19826032846391914,0.1255760305631121,-0.08345816324156544,-0.03477339651493119,1
19.68712527154236,0.08626028698392588,0.38034692599015163,-0.21011227455876302,0.12473797159104494,-0.08380589720671475,-0.030097094886447587,1
19.697128892107166,0.09004274501637152,0.378245803244564,-0.22188049278853822,0.12389690290948914,-0.08410686815557922,-0.025443471077559697,1
19.707132512671976,0.0938030149995383,0.37602699831667863,-0.23356115478112505,0.12305328988082559,-0.08436130286635482,-0.020814144594651803,1
19.717136133236785,0.09753992886722698,0.3736913867688674,-0.24515046851775185,0.12220759543770257,-0.08456944431230135,-0.016210722139245452,1
19.72713975380159,0.10125232768806389,0.37123988208368985,-0.256644679558564,0.12136027992236563,-0.0847315515336938,-0.011634797080932362,1
19.7371433743664,0.10493906204094493,0.3686734352881042,-0.26804007225313503,0.1205118009273206,-0.08484789950450312,-0.0070879489359253565,1
19.747146994931207,0.10859899238660066,0.36599303456557286,-0.27933297093553455,0.11966261313738197,-0.08491877899386238,-0.002571742851395069,1
19.757150615496016,0.11223098943516284,0.3631997048562175,-0.2905197411035738,0.1188131681731582,-0.08494449642237634,0.0019122709042422668,1
19.767154236060826,0.11583393450961466,0.36029450744518177,-0.30159679058185546,0.11796391443602487,-0.08492537371333392,0.006362557444923176,1
19.77715785662563,0.11940671990500829,0.3572785395393632,-0.3125605706682615,0.11711529695463603,-0.08486174813888468,0.010777597764260722,1
19.78716147719044,0.1229482492433351,0.3541529338326806,-0.32340757726351776,0.11626775723302361,-0.08475397216124207,0.015155889226435692,1
19.797165097755247,0.12645743782393556,0.3509188580600454,-0.33413435198348196,0.11542173310033384,-0.08460241326897772,0.0194959460504995,1
19.807168718320057,0.12993321296933766,0.3475775145402106,-0.34473748325380604,0.11457765856224911,-0.08440745380847273,0.023796299787935824,1
19.817172338884866,0.13337451436641437,0.34413013970767253,-0.35521360738663443,0.11373596365414318,-0.08416949081059337,0.02805549979333053,1
19.827175959449672,0.13678029440275244,0.3405780036338062,-0.365559409639002,0.11289707429601657,-0.08388893581266006,0.032272113688001876,1
19.83717958001448,0.1401495184981266,0.33692240953741615,-0.37577162525260427,0.11206141214925877,-0.08356621467578004,0.03644472781644583,1
19.847183200579288,0.1434811654309755,0.3331646932848901,-0.3858470404746219,0.11122939447528261,-0.08320176739761559,0.04057194769545444,1
19.857186821144097,0.14677422765977693,0.3293062228801439,-0.3957824935592836,0.110401433996076,-0.08279604792066105,0.04465239845576703,1
19.867190441708907,0.15002771163922243,0.32534839794455106,-0.40557487574986256,0.10957793875671497,-0.08234952393610337,0.0486847252761178,1
19.877194062273713,0.15324063813109295,0.3212926491870524,-0.4152211322408078,0.10875931198988155,-0.0818626766833422,0.052667593809545624,1
19.887197682838522,0.1564120425097394,0.31714043786464435,-0.424718263119718,0.10794595198242908,-0.08133600074524674,0.056599690601834986,1
19.897201303403328,0.15954097506207388,0.3128932552334472,-0.4340633242888743,0.1071382519440368,-0.08077000383922839,0.06047972350195992,1
19.907204923968138,0.16262650128197945,0.30855262199055844,-0.4432534283660553,0.10633659987799471,-0.08016520660420878,0.06430642206440562,1
19.917208544532947,0.1656677021590484,0.3041200877068979,-0.45228574556436574,0.10554137845415906,-0.07952214238356473,0.06807853794324582,1
19.927212165097753,0.16866367446156094,0.29959723025125423,-0.46115750455081594,0.10475296488411774,-0.07884135700413226,0.07179484527785643,1
19.937215785662563,0.1716135310136184,0.29498565520574604,-0.46986599328340023,0.10397173079860421,-0.0781234085513537,0.07545414107014956,1
19.94721940622737,0.17451640096634752,0.290286995272912,-0.47840855982642727,0.10319804212719769,-0.0773688671406522,0.07905524555321505,1
19.957223026792178,0.177371430063094,0.28550290967464775,-0.48678261314386506,0.10243225898034648,-0.07657831468512005,0.08259700255125953,1
19.967226647356988,0.1801777808985261,0.2806350835432091,-0.49498562387046974,0.10167473553375041,-0.07575234465960745,0.08607827983073643,1
19.977230267921794,0.18293463317157113,0.2756852273045044,-0.5030151250604769,0.10092581991513741,-0.07489156186130008,0.08949796944256373,1
19.987233888486603,0.18564118393211013,0.27065507605389966,-0.5108687129136417,0.10018585409346867,-0.07399658216687445,0.09285498805532891,1
19.99723750905141,0.18829664782135777,0.26554638892476323,-0.5185440474784205,0.09945517377060546,-0.07306803228632117,0.09614827727938442,1
20.00724112961622,0.19090025730585755,0.26036094844997903,-0.5260388533320983,0.09873410827547019,-0.07210654951352732,0.09937680398174009,1
20.017244750181028,0.19345126290502412,0.25510055991665803,-0.533350920237671,0.09802298046073309,-0.07111278147370992,0.10253956059166203,1
20.027248370745834,0.19594893341216693,0.24976705071428132,-0.5404781037773019,0.09732210660205515,-0.0700873858677933,0.10563556539689112,1
20.037251991310644,0.19839255610893203,0.2443622696765083,-0.5474183259621809,0.0966317962999169,-0.06903103021382438,0.10866386283039756,1
20.047255611875453,0.20078143697310089,0.23888808641688647,-0.5541695758186183,0.0959523523840617,-0.0679443915855204,0.11162352374759123,1
20.05725923244026,0.2031149008796879,0.23334639065870028,-0.5607299099502224,0.09528407082058125,-0.0668281563480445,0.11451364569391109,1
20.06726285300507,0.20539229179527987,0.22773909155919805,-0.567097453076009,0.0946272406216702,-0.06568301989110538,0.11733335316272021,1
20.077266473569875,0.20761297296556425,0.22206811702843796,-0.573270398544305,0.09398214375807543,-0.06450968635947818,0.12008179784343664,1
20.087270094134684,0.2097763270959942,0.21633541304299492,-0.5792470088223166,0.09334905507426498,-0.06330886838104381,0.1227581588598336,1
20.097273714699494,0.21188175652554192,0.21054294295477174,-0.5850256159612396,0.09272824220634053,-0.06208128679244548,0.12536164299844593,1
20.1072773352643,0.21392868339349352,0.20469268679515934,-0.5906046220367965,0.09211996550271592,-0.06082767036246102,0.1278914849270237,1
20.11728095582911,0.21591654979924144,0.19878664057479137,-0.5959824995650986,0.09152447794758402,-0.05954875551319078,0.1303469474029765,1
20.127284576393915,0.21784481795503283,0.1928268155791404,-0.6011577918937342,0.0909420250871924,-0.058245286039161015,0.13272732147175653,1
20.137288196958725,0.21971297033163487,0.18681523766020305,-0.6061291135679973,0.09037284495894797,-0.05691801282444345,0.13503192665513125,1
20.147291817523534,0.2215205097968801,0.1807539465245231,-0.6108951506721758,0.08981716802336905,-0.05556769355789214,0.13726011112930028,1
20.15729543808834,0.2232669597470581,0.17464499501780134,-0.6154546611458316,0.08927521709890306,-0.05419509244659913,0.13941125189281497,1
20.16729905865315,0.22495186423112154,0.16849044840634303,-0.6198064750750069,0.08874720729962635,-0.052800979927670987,0.1414847549242623,1
20.177302679217956,0.22657478806767747,0.16229238365559295,-0.6239494949583089,0.08823334597584206,-0.051386132378428366,0.14348005532967825,1
20.187306299782765,0.22813531695473757,0.15605288870600986,-0.6278826959478239,0.08773383265759074,-0.04995133182513158,0.14539661747965998,1
20.197309920347575,0.2296330575722029,0.14977406174653163,-0.6316051260648277,0.08724885900108739,-0.04849736565033498,0.147233935136149,1
20.20731354091238,0.23106763767706173,0.14345801048588336,-0.6351159063902643,0.08677860873809766,-0.04702502629897349,0.1489915315688614,1
20.21731716147719,0.23243870619128154,0.1371068514219807,-0.6384142312299759,0.08632325762826482,-0.045535110983284874,0.15066895966134522,1
20.227320782041996,0.23374593328237836,0.13072270910968095,-0.6414993682546732,0.0858829734143981,-0.04402842138667142,0.1522658020066474,1
20.237324402606806,0.23498901043664971,0.12430771542713422,-0.6443706586146439,0.08545791578073206,-0.04250576336660495,0.15378167099257814,1
20.247328023171615,0.23616765052505959,0.11786400884098777,-0.647027517029211,0.08504823631416526,-0.04096794665667917,0.15521620887656223,1
20.25733164373642,0.23728158786176654,0.11139373367069566,-0.6494694318509526,0.08465407846848613,-0.039415784567913545,0.15656908785007176,1
20.26733526430123,0.2383305782552884,0.10489903935218614,-0.6516959651047104,0.08427557753159201,-0.03785009368941283,0.15784001009263765,1
20.277338884866037,0.2393143990522998,0.09838207970113903,-0.65370675250142,0.08391286059570714,-0.03627169358848645,0.15902870781544132,1
20.287342505430846,0.24023284917406104,0.09184501217612484,-0.6555015034268044,0.08356604653060382,-0.03468140651033203,0.16013494329449043,1
20.297346125995656,0.24108574914547962,0.0852899971418568,-0.6570800009049803,0.08323524595982995,-0.03308005707738713,0.16115850889338837,1
20.30734974656046,0.24187294111680768,0.07871919713280699,-0.658442101537039,0.08292056123994541,-0.03146847198845324,0.16209922707570762,1
20.31735336712527,0.24259428887798204,0.0721347761174366,-0.659587735414665,0.08262208644276846,-0.029847479717696166,0.16295695040698321,1
20.327356987690077,0.24324967786561494,0.06553889876328994,-0.6605169060088706,0.08233990734063219,-0.028217910213626334,0.16373156154634536,1
20.337360608254887,0.24383901516264694,0.05893372970320124,-0.6612296900339305,0.08207410139465056,-0.02658059459816288,0.16442297322781269,1
20.347364228819696,0.24436222949067557,0.05232143280286193,-0.6617262372866074,0.08182473774599171,-0.024936364865884752,0.16503112823127233,1
20.357367849384502,0.24481927119497554,0.045704170429995854,-0.6620067704607698,0.08159187721015598,-0.02328605358357203,0.16555599934317677,1
20.367371469949312,0.2452101122222294,0.039084102725388155,-0.6620715849375113,0.08137557227425458,-0.02163049359014026,0.16599758930698882,1
20.377375090514118,0.24553474609098955,0.032463386876013044,-0.6619210485508873,0.08117586709728387,-0.019970517697070374,0.1663559307634127,1
20.387378711078927,0.2457931878548946,0.02584417639050417,-0.6615556013293951,0.08099279751338952,-0.018306958389436245,0.1666310861804487,1
20.397382331643737,0.2459854740586667,0.01922862037721022,-0.6609757552133289,0.0808263910381132,-0.01664064752763176,0.16682314777331667,1
20.407385952208543,0.24611166268691745,0.012618862825076932,-0.6601820937481535,0.08067666687761423,-0.014972416049898593,0.16693223741429306,1
20.417389572773352,0.2461718331057934,0.006017041887595396,-0.6591752717540427,0.08054363594085667,-0.013303093675755662,0.1669585065325123,1
20.42739319333816,0.24616608599749396,-0.0005747108299450302,-0.6579560149717405,0.08042730085475237,-0.011633508610430538,0.16690213600378465,1
20.437396813902968,0.24609454328769734,-0.007154270979662435,-0.6565251196849111,0.08032765598224845,-0.009964487250392692,0.16676333603048815,1
20.447400434467777,0.24595734806593222,-0.013719522176511546,-0.6548834523191468,0.08024468744334756,-0.00829685389008781,0.16654234601159346,1
20.457404055032583,0.24575466449893518,-0.020268356699703016,-0.6530319490178171,0.08017837313904784,-0.0066314304299718765,0.16623943440288452,1
20.467407675597393,0.24548667773703636,-0.026798676189881188,-0.6509716151949445,0.08012868277818841,-0.004969036085943031,0.16585489856744226,1
20.4774112961622,0.24515359381361806,-0.03330839234183063,-0.6487035250653024,0.08009557790718572,-0.0033104871002686085,0.16538906461645922,1
20.48741491672701,0.24475563953769322,-0.039795427592483654,-0.6462288211519382,0.08007901194264468,-0.0016565964541040163,0.16484228724045893,1
20.497418537291818,0.2442930623796532,-0.046257715804003036,-0.6435487137713313,0.08007893020682769,-8.1735816994269e-06,0.16421494953099547,1
20.507422157856624,0.24376613035023603,-0.05269320294171635,-0.640664480496401,0.08009526996596379,0.001633975913610528,0.1635074627929112,1
20.517425778421433,0.24317513187276923,-0.05909984774668036,-0.6375774655975924,0.08012796047137918,0.00326905054153964,0.16272026634723608,1
20.52742939898624,0.24252037564874268,-0.06547562240265628,-0.6342890794622675,0.08017692300342931,0.004896253205012,0.16185382732481216,1
20.53743301955105,0.2418021905167699,-0.07181851319727896,-0.630800797992642,0.08024207091821191,0.006514791478260121,0.16090864045073197,1
20.54743664011586,0.24102092530499786,-0.07812652117720538,-0.6271141619825129,0.08032330969703959,0.00812387788276744,0.1598852278196815,1
20.557440260680664,0.24017694867702755,-0.08439766279703051,-0.6232307764730273,0.08042053699864923,0.009722730160964256,0.1587841386622819,1
20.567443881245474,0.23927064897140993,-0.09062997056176078,-0.6191523100877525,0.08053364271412511,0.011310571547587075,0.15760594910252612,1
20.57744750181028,0.23830243403478354,-0.0968214936626383,-0.6148804943473117,0.08066250902451123,0.012886631038612336,0.15635126190641108,1
20.58745112237509,0.23727273104872243,-0.10297029860611141,-0.610417122963857,0.080807010461088,0.014450143657676447,0.15502070622186678,1
20.5974547429399,0.23618198635036494,-0.10907446983574998,-0.6057640511156579,0.08096701396828695,0.016000350719895116,0.15361493731008846,1
20.607458363504705,0.23503066524689586,-0.11513211034690655,-0.6009231947020893,0.08114237896921692,0.017536500092996,0.15213463626837934,1
20.617461984069514,0.2338192518239566,-0.12114134229392745,-0.5958965295793106,0.08133295743377371,0.019057846455679792,0.15058050974461493,1
20.62746560463432,0.2325482487480594,-0.12710030758972055,-0.5906860907769291,0.08153859394930497,0.020563651553125943,0.14895328964344184,1
20.63746922519913,0.2312181770630845,-0.13300716849748984,-0.585293971695955,0.08175912579380058,0.02205318444956036,0.1472537328243279,1
20.64747284576394,0.22982957598094,-0.13886010821444938,-0.5797223232883515,0.08199438301157862,0.02352572177780364,0.145482620791581,1
20.657476466328745,0.22838300266646666,-0.1446573314473329,-0.5739733532184976,0.08224418849143582,0.02498054798571945,0.14364075937645887,1
20.667480086893555,0.22687903201667148,-0.15039706497951788,-0.5680493250068802,0.08250835804723065,0.02641695557948404,0.1417289784114924,1
20.67748370745836,0.2253182564343756,-0.1560775582295867,-0.5619525571563428,0.08278670050086664,0.027834245363598964,0.13974813139714906,1
20.68748732802317,0.22370128559636412,-0.1616970838011501,-0.55568542226122,0.08307901776764234,0.029231726677570454,0.13769909516096474,1
20.69749094858798,0.2220287462161265,-0.16725393802376232,-0.5492503460996929,0.08338510494393414,0.0306087176291801,0.13558276950927436,1
20.707494569152786,0.22030128180127892,-0.17274644148475923,-0.5426498067097081,0.08370475039717687,0.03196454532427284,0.13340007687167477,1
20.717498189717595,0.21851955240576035,-0.1781729395518563,-0.535886333448803,0.08403773585810677,0.03329854609298959,0.1311519619383546,1
20.7275018102824,0.2166842343768969,-0.18353180288634435,-0.5289625060381913,0.0843838365152305,0.034610065712373135,0.1288393912904291,1
20.73750543084721,0.21479602009742965,-0.18882142794672627,-0.5218809535914604,0.08474282111148328,0.03589845962527743,0.12646335302341863,1
20.74750905141202,0.21285561772260325,-0.19404023748264088,-0.5146443536282432,0.0851144520430384,0.03716309315551161,0.12402485636401368,1
20.757512671976826,0.21086375091241402,-0.1991866810189233,-0.5072554310732275,0.08549848546022992,0.038403341719151746,0.12152493128026892,1
20.767516292541636,0.20882115855911745,-0.2042592353296556,-0.4997169572408718,0.08589467137054947,0.039618591031954434,0.11896462808537253,1
20.777519913106442,0.2067285945100968,-0.20925640490206432,-0.49203174880620004,0.08630275374367756,0.04080823731280816,0.11634501703513844,1
20.78752353367125,0.20458682728619554,-0.2141767223901263,-0.48420266676205215,0.08672247061850916,0.04197168748315954,0.11366718791937043,1
20.79752715423606,0.20239663979561806,-0.21901874905774682,-0.4762326153631721,0.0871535542121327,0.043108359362353244,0.11093224964725004,1
20.807530774800867,0.20015882904350427,-0.22378107521137855,-0.4681245410575161,0.08759573103072095,0.04421768185882574,0.10814132982690074,1
20.817534395365676,0.19787420583728474,-0.2284623206219537,-0.45988143140517157,0.0880487219822919,0.04529909515709475,0.10529557433928337,1
20.827538015930482,0.1955435944879247,-0.23306113493600542,-0.4515063139852762,0.08851224249129677,0.046352050900487586,0.10239614690657915,1
20.837541636495292,0.1931678325071661,-0.23757619807585817,-0.44300225529133436,0.0889860026149923,0.047376012369553376,0.09944422865521846,1
20.8475452570601,0.1907477703008784,-0.2420062206287715,-0.4343723596153275,0.08946970716155336,0.04837045465610556,0.09644101767371446,1
20.857548877624907,0.18828427085862914,-0.2463499442249248,-0.4256197679210207,0.08996305580988179,0.049334864832842704,0.09338772856546308,1
20.867552498189717,0.18577820943958778,-0.250606141904135,-0.4167476567068696,0.09046574323106676,0.050268742118497335,0.09028559199667129,1
20.877556118754523,0.18323047325487574,-0.25477361847120367,-0.40775923685893506,0.09097745921145141,0.05117159803846405,0.08713585423957793,1
20.887559739319332,0.18064196114647782,-0.258851210839793,-0.39865775249421487,0.09149788877726,0.05204295658085983,0.08393977671113183,1
20.897563359884142,0.17801358326283045,-0.26283778836473515,-0.3894464797948046,0.09202671232073972,0.052882354347971144,0.08069863550729361,1
20.907566980448948,0.17534626073120363,-0.2667322531626832,-0.3801287258333041,0.09256360572777017,0.05368934070304408,0.07741372093312905,1
20.917570601013757,0.17264092532699346,-0.27053354042101624,-0.37070782738988317,0.09310824050689392,0.05446347791237537,0.074086337028862,1
20.927574221578563,0.1698985191400443,-0.27424061869491506,-0.36118714976142935,0.09366028391972056,0.05520434128266399,0.07071780109205734,1
20.937577842143373,0.16711999423811902,-0.27785249019252933,-0.35157008556319475,0.09421939911265641,0.055911519293584566,0.06730944319610416,1
20.947581462708182,0.1643063123276374,-0.2813681910481613,-0.34186005352336807,0.09478524524991186,0.05658461372554561,0.06386260570517098,1
20.95758508327299,0.16145844441180346,-0.284786791583395,-0.3320604972709935,0.09535747764773783,0.057223239782597315,0.060378642785805896,1
20.967588703837798,0.1585773704462424,-0.2881073965561049,-0.3221748841176638,0.09593574790984238,0.05782702621045537,0.05685891991535448,1
20.977592324402607,0.15566407899226958,-0.29132914539728155,-0.312206703833414,0.09651970406393848,0.058395615409608914,0.05330481338737021,1
20.987595944967413,0.15271956686791344,-0.2944512124356157,-0.30215946741724387,0.0971089906993733,0.05892866354348262,0.04971770981419187,1
20.997599565532223,0.14974483879681555,-0.29747280710978813,-0.2920367058626995,0.09770324910578955,0.05942584064162454,0.046099005626863546,1
21.00760318609703,0.1467409070551314,-0.3003931741684151,-0.2818419689189427,0.09830211741276848,0.059886830697893176,0.0424501065725736,1
21.01760680666184,0.14370879111655535,-0.30321159385760454,-0.27157882384774046,0.09890523073040466,0.060311331763618914,0.038772427209788796,1
21.027610427226648,0.14064951729559452,-0.30592738209608195,-0.2612508541768053,0.09951222129076183,0.0606990560357168,0.035067390401261014,1
21.037614047791454,0.13756411838921603,-0.30853989063785,-0.250861658449919,0.10012271859015913,0.06104972993972941,0.031336426805083965,1
21.047617668356263,0.13445363331699253,-0.31104850722234917,-0.24041484897427084,0.10073634953223694,0.06136309420778025,0.027580974363977568,1
21.05762128892107,0.1313191067598716,-0.31345265571209185,-0.22991405056544528,0.10135273857175114,0.06163890395142003,0.023802477792978453,1
21.06762490948588,0.12816158879769413,-0.3157517962177463,-0.21936289929048847,0.10197150785904464,0.061876928729349814,0.0200023880657145,1
21.07762853005069,0.12498213454558761,-0.31794542521065117,-0.20876504120948788,0.10259227738514472,0.06207695261000696,0.0161821618994422,1
21.087632150615494,0.12178180378936015,-0.320033075622746,-0.19812413111609656,0.10321466512743473,0.062238774229001384,0.01234326123902529,1
21.097635771180304,0.11856166062002109,-0.322014316933907,-0.18744383127743325,0.10383828719584864,0.06236220684139164,0.00848715274003328,1
21.10763939174511,0.11532277306755427,-0.3238887552466813,-0.17672781017378997,0.10446275797953657,0.06244707836879197,0.0046153072511385075,1
21.11764301230992,0.11206621273407008,-0.3256560333484192,-0.16597974123857678,0.1050876902939496,0.06249323144130336,0.0007291992959901463,1
21.12764663287473,0.10879305442646203,-0.32731583076080495,-0.15520330159893286,0.10571269552829222,0.06250052343426327,-0.0031696934452565195,1
21.137650253439535,0.1055043757886941,-0.3288678637767943,-0.1444021708174331,0.10633738379329033,0.0624688264998107,-0.0070798906545773066,1
21.147653874004344,0.10220125693384441,-0.3303118854849686,-0.1335800296353165,0.10696136406922298,0.062398027593264925,-0.010999909894705062,1
21.15765749456915,0.09888478007603119,-0.33164768578132175,-0.12274055871766305,0.10758424435416615,0.062288028494317874,-0.01492826712756675,1
21.16766111513396,0.0955560291623462,-0.3328750913684984,-0.11188743740094236,0.10820563181239658,0.062138745823042206,-0.01886347723235459,1
21.17766473569877,0.09221608950492113,-0.33399396574250784,-0.10102434244335808,0.10882513292290376,0.06195011105071866,-0.022804054523054493,1
21.187668356263575,0.08886604741325171,-0.3350042091669414,-0.09015494677840823,0.10944235362795864,0.061722070505488114,-0.026748513265255732,1
21.197671976828385,0.08550698982690445,-0.3359057586347255,-0.07928291827208127,0.110056899481687,0.06145458537283555,-0.0306953681920661,1
21.20767559739319,0.08214000394872999,-0.3366985878174463,-0.06841191848410455,0.11066837579859615,0.06114763169091489,-0.034643135018957646,1
21.217679217958,0.07876617687870711,-0.3373827070022874,-0.05754560143366046,0.1112763878020034,0.06080120034072531,-0.038590330957368815,1
21.22768283852281,0.07538659524854087,-0.337958163016624,-0.04668761236998288,0.11188054077231492,0.06041529703115162,-0.04253547522688921,1
21.237686459087616,0.07200234485713763,-0.33842503914032385,-0.035841586548244375,0.11248044019510375,0.059989942278882734,-0.04647708956585439,1
21.247690079652426,0.06861451030707957,-0.3387834550058063,-0.02501114801114146,0.113075691908936,0.05952517138322419,-0.05041369874017885,1
21.25769370021723,0.0652241746422204,-0.3390335664859177,-0.014199908376583414,0.11366590225289423,0.0590210343958224,-0.05434383105025607,1
21.26769732078204,0.061832418986523564,-0.33917556556968353,-0.0034114656318865524,0.11425067821374743,0.05847759608531984,-0.05826601883575585,1
21.27770094134685,0.05844032218426354,-0.3392096802260024,0.007350597065126932,0.11482962757271706,0.057894935896962284,-0.06217879897814975,1
21.287704561911656,0.055048960441710024,-0.33913617425535114,0.018082712577729018,0.11540235905178886,0.057273147907180785,-0.06608071340079691,1
21.297708182476466,0.05165940697041428,-0.33895534712957387,0.028781330974192512,0.11596848245952059,0.056612340773172815,-0.06997030956642358,1
21.307711803041272,0.04827273163221596,-0.33866753381983195,0.03944292070361419,0.11652760883629568,0.05591263767750858,-0.07384614097183058,1
21.31771542360608,0.044890000586088004,-0.3382731046127958,0.050063969763268726,0.11707935059897358,0.055174176267790274,-0.0777067676396646,1
21.32771904417089,0.04151227593693637,-0.3377724649151631,0.060640986857111015,0.11762332168488751,0.05439710859139363,-0.08155075660709049,1
21.337722664735697,0.03814061538647045,-0.337166055046592,0.0711705025450478,0.11815913769514073,0.05358160102532272,-0.08537668241120257,1
21.347726285300507,0.03477607188625903,-0.3364543500211415,0.08164907038260405,0.11868641603715284,0.052727834201210695,-0.08918312757101488,1
21.357729905865313,0.031419693293085874,-0.33563785931731543,0.09207326805061332,0.11920477606640785,0.05183600292550054,-0.09296868306587203,1
21.367733526430122,0.02807252202671778,-0.3347171266368093,0.10243969847456477,0.11971383922735626,0.05090631609484182,-0.09673194881012266,1
21.37773714699493,0.024735594730197142,-0.33369272965206365,0.11274499093324497,0.12021322919342367,0.049938996606740595,-0.10047153412390059,1
21.387740767559738,0.02140994193276983,-0.3325652797427312,0.12298580215631544,0.12070257200607869,0.04893428126550159,-0.10418605819985902,1
21.397744388124547,0.018096587715558148,-0.33133542172116803,0.13315881741047286,0.12118149621291371,0.047892420683503,-0.10787415056570586,1
21.407748008689353,0.014796549380087516,-0.3300038335470633,0.1432607515738423,0.12164963300469217,0.04681367917784594,-0.11153445154238925,1
21.417751629254163,0.011510837119774266,-0.3285712260313249,0.15328835019825857,0.1221066163513164,0.04569833466242205,-0.11516561269778433,1
21.427755249818972,0.008240453694480843,-0.3270383425293423,0.16323839055909678,0.12255208313667083,0.0445466785354442,-0.11876629729573442,1
21.437758870383778,0.004986394108243329,-0.3254059586237513,0.17310768269231597,0.1229856732922957,0.043359015562486856,-0.12233518074030106,1
21.447762490948588,0.0017496452902750472,-0.3236748817968282,0.18289307041838704,0.12340702992984655,0.042135663755083846,-0.1258709510150799,1
21.457766111513394,-0.0014688142206513957,-0.3218459510926443,0.19259143235277892,0.12381579947229587,0.040876954244933046,-0.12937230911744058,1
21.467769732078203,-0.00466801458834256,-0.3199200367691165,0.20219968290268445,0.12421163178383346,0.03958323115375864,-0.1328379694875519,1
21.477773352643013,-0.007846994987743458,-0.3178980399400897,0.2117147732496706,0.12459418029842229,0.038254851458883125,-0.13626666043205407,1
21.48777697320782,-0.011004803909819387,-0.315780892207593,0.22113369231794466,0.12496310214696792,0.03689218485456258,-0.13965712454224355,1
21.497780593772628,-0.014140499462663523,-0.31356955528441355,0.2304534677279326,0.1253180582830593,0.03549561360914014,-0.14300811910663686,1
21.507784214337434,-0.017253149668734865,-0.31126502060713424,0.2396711667348715,0.12565871360724004,0.03406553241807377,-0.1463184165177823,1
21.517787834902244,-0.02034183275813272,-0.3088683089397855,0.2487838971521243,0.125984737089769,0.03260234825289595,-0.14958680467319133,1
21.527791455467053,-0.023405637457815362,-0.3063804699682643,0.2577888082589296,0.12629580189183065,0.031106480206164036,-0.15281208737026242,1
21.53779507603186,-0.02644366327667211,-0.303802581885675,0.2666830916923066,0.12659158548515526,0.02957835933246141,-0.1559930846950735,1
21.54779869659667,-0.029455020786359632,-0.30113575096875195,0.27546398232283964,0.12687176977001036,0.028018428485510675,-0.15912863340492106,1
21.557802317161475,-0.032438831897814865,-0.29838111114552357,0.28412875911407426,0.12713604119152497,0.026427142151461466,-0.16221758730448596,1
21.567805937726284,-0.03539423013335869,-0.29553982355438285,0.2926747459652618,0.12738409085430913,0.024804966278416607,-0.16525881761550948,1
21.577809558291094,-0.038320360894305995,-0.29261307609473025,0.3010993125371958,0.12761561463533175,0.023152378102261513,-0.1682512133398639,1
21.5878131788559,-0.04121638172399958,-0.2896020829693583,0.30939987506089073,0.12783031329502037,0.021469865968862873,-0.17119368161590623,1
21.59781679942071,-0.04408146256618707,-0.2865080842187494,0.3175738971288585,0.1280278925865474,0.019757929152703812,-0.17408514806800485,1
21.607820419985515,-0.046914786018661676,-0.2833323452474608,0.3256188904687448,0.12820806336326765,0.018017077672023762,-0.1769245571491317,1
21.617824040550325,-0.04971554758208941,-0.2800761563427734,0.33353241569909586,0.12837054168427298,0.016247832100532447,-0.17971087247641562,1
21.627827661115134,-0.052482955903947234,-0.27674083218578244,0.34131208306702887,0.12851504891803067,0.01445072337576829,-0.18244307715955474,1
21.63783128167994,-0.05521623301749835,-0.27332771135511214,0.34895555316758986,0.1286413118440724,0.012626292604172742,-0.18512017412198803,1
21.64783490224475,-0.057914614575732715,-0.26983815582343623,0.3564605376445873,0.12874906275270193,0.010775090862952861,-0.18774118641472992,1
21.657838522809556,-0.06057735008020262,-0.26627355044699036,0.3638247998726959,0.12883803954269,0.008897678998805562,-0.19030515752277316,1
21.667842143374365,-0.06320370310468525,-0.2626353024482634,0.3710461556206342,0.12890798581692578,0.006994627423577831,-0.19281115166396878,1
21.677845763939175,-0.06579295151360581,-0.25892484089205703,0.378122473695224,0.12895865097599515,0.005066515906938143,-0.1952582540802948,1
21.68784938450398,-0.06834438767515687,-0.2551436161551048,0.3850516765661481,0.12898979030965652,0.0031139333661351952,-0.1976455713214269,1
21.69785300506879,-0.0708573186690513,-0.2512930993894433,0.3918317409712283,0.12900116508618573,0.0011374776529209261,-0.19997223152052912,1
21.707856625633596,-0.07333106648884861,-0.24737478197973098,0.39846069850205496,0.1289925426395629,-0.0008622446622843652,-0.20223738466218308,1
21.717860246198406,-0.07576496823879572,-0.24339017499471044,0.4049366361698031,0.12896369645447384,-0.002884618508906196,-0.20444020284237893,1
21.727863866763215,-0.07815837632512584,-0.2393408086330124,0.41125769695108055,0.12891440624910053,-0.004929020537329985,-0.20657988052049336,1
21.73786748732802,-0.08051065864176087,-0.2352282316635016,0.41742208031365813,0.12884445805567518,-0.006994819342534919,-0.20865563476318258,1
21.74787110789283,-0.08282119875036452,-0.231054010860365,0.42342804272194007,0.1287536442987735,-0.009081375690166746,-0.21066670548012137,1
21.757874728457637,-0.08508939605469598,-0.2268197304331456,0.4292738981220409,0.12864176387132384,-0.01118804274496796,-0.21261235565152303,1
21.767878349022446,-0.08731466596921524,-0.2225269914519252,0.43495801840633974,0.128508622208309,-0.01331416630148319,-0.2144918715473759,1
21.777881969587256,-0.08949644008189385,-0.2181774112678618,0.44047883385739334,0.12835403135813944,-0.015459085016956949,-0.21630456293833758,1
21.78788559015206,-0.09163416631118673,-0.21377262292928786,0.44583483357109377,0.12817781005167603,-0.017622130646340325,-0.21804976329822873,1
21.79788921071687,-0.0937273090571225,-0.20931427459357693,0.45102456585896566,0.1279797837688828,-0.019802628279322613,-0.21972682999807305,1
21.807892831281677,-0.09577534934647237,-0.20480402893498728,0.45604663862950434,0.12775978480308978,-0.021999896579303343,-0.22133514449163183,1
21.817896451846487,-0.0977777849719593,-0.20024356254869224,0.46089971974846394,0.1275176523228476,-0.02421324802421966,-0.22287411249238492,1
21.827900072411296,-0.09973413062547137,-0.1956345653512076,0.4655825373780118,0.12725323243135617,-0.02644198914914351,-0.2243431641419132,1
21.837903692976102,-0.10164391802524565,-0.19097873997742748,0.47009388029467297,0.12696637822345053,-0.02868542079056264,-0.2257417541696399,1
21.84790731354091,-0.10350669603699046,-0.18627780117448076,0.4744325981859955,0.12665694984012793,-0.03094283833225904,-0.2270693620438925,1
21.857910934105718,-0.10532203078891667,-0.1815334751926208,0.4785976019258751,0.12632481452060096,-0.03321353195269797,-0.22832549211424782,1
21.867914554670527,-0.10708950578065028,-0.17674749917336205,0.48258786382848584,0.12596984665186256,-0.03549678687384045,-0.22950967374512882,1
21.877918175235337,-0.10880872198600106,-0.1719216205350772,0.4864024178807682,0.12559192781574965,-0.03779188361129174,-0.23062146144062154,1
21.887921795800143,-0.11047929794956375,-0.16705759635626952,0.4900403599534378,0.12519094683349266,-0.04009809822569795,-0.23166043496048663,1
21.897925416364952,-0.1121008698771311,-0.16215719275673512,0.49350084799047994,0.12476679980773964,-0.04241470257530282,-0.23262619942734045,1
21.907929036929758,-0.1136730917198994,-0.15722218427683032,0.49678310217710814,0.12431939016204388,-0.04474096456957622,-0.23351838542498565,1
21.917932657494568,-0.11519563525244998,-0.15225435325505923,0.49988640508616744,0.12384862867780562,-0.04707614842382608,-0.234336649087873,1
21.927936278059377,-0.11666819014449195,-0.14725548920419756,0.5028101018029739,0.12335443352865857,-0.04941951491470481,-0.23508067218168005,1
21.937939898624183,-0.11809046402635363,-0.1422273881861678,0.5055536000285878,0.12283673031229336,-0.05177032163652161,-0.23575016217499484,1
21.947943519188993,-0.11946218254821245,-0.13717185218588193,0.5081163701615243,0.12229545207971065,-0.054127823258271555,-0.23634485230209595,1
21.957947139753802,-0.12078308943305512,-0.1320906884842667,0.5104979453579164,0.12173053936189773,-0.05649127178129251,-0.2368645016168236,1
21.967950760318608,-0.12205294652336199,-0.12698570903068754,0.5126979215701466,0.12114194019392313,-0.05885991679746075,-0.23730889503753905,1
21.977954380883418,-0.12327153382151185,-0.12185872981498608,0.5147159575639775,0.12052961013644477,-0.06123300574783614,-0.237677843383173,1
21.987958001448224,-0.1244386495239053,-0.11671157023934631,0.5165517749142132,0.1198935122946281,-0.06360978418166786,-0.2379711834003666,1
21.997961622013033,-0.12555411004880734,-0.11154605249020418,0.5182051579789343,0.11923361733447138,-0.06598949601567153,-0.23818877778171157,1
22.007965242577843,-0.12661775005791148,-0.10636400091041483,0.5196759538523539,0.11854990349653649,-0.06837138379348864,-0.23833051517509912,1
22.01796886314265,-0.1276294224716304,-0.10116724137189129,0.5209640722963536,0.1178423566070841,-0.07075468894523963,-0.23839631018419052,1
22.027972483707458,-0.12858899847811966,-0.09595760064892775,0.5220694856507578,0.11711097008661328,-0.07313865204708153,-0.2383861033600248,1
22.037976104272264,-0.12949636753604388,-0.09073690579242016,0.5229922287224221,0.11635574495580646,-0.07552251308068178,-0.23829986118378216,1
22.047979724837074,-0.13035143737109584,-0.08550698350519595,0.5237323986532079,0.11557668983888127,-0.07790551169251961,-0.23813757604072514,1
22.057983345401883,-0.13115413396628248,-0.08026965951866387,0.5242901547669322,0.114773820964352,-0.08028688745292686,-0.23789926618534177,1
22.06798696596669,-0.13190440154599242,-0.07502675797099455,0.5246657183953803,0.11394716216320419,-0.08266588011478028,-0.23758497569771858,1
22.0779905865315,-0.13260220255386282,-0.06978010078704075,0.5248593726834833,0.11309674486448662,-0.08504172987175747,-0.2371947744311737,1
22.087994207096305,-0.13324751762446488,-0.06453150706020591,0.5248714623737618,0.11222260808832593,-0.0874136776160692,-0.2367287579511839,1
22.097997827661114,-0.13384034554882956,-0.05928279243646829,0.5247023935701525,0.11132479843637012,-0.08978096519558104,-0.23618704746564156,1
22.108001448225924,-0.13438070323383725,-0.054035768500766766,0.5243526334813329,0.11040337007966775,-0.09214283567023746,-0.23556978974648124,1
22.11800506879073,-0.1348686256554968,-0.04879224216595344,0.5238227101436718,0.10945838474399072,-0.09449853356770227,-0.23487715704271728,1
22.12800868935554,-0.13530416580614196,-0.04355401506451672,0.5231132121239386,0.10848991169260942,-0.09684730513812945,-0.23410934698493843,1
22.138012309920345,-0.13568739463557475,-0.038322882943277334,0.5222247882019093,0.10749802770652964,-0.09918839860797883,-0.2332665824813065,1
22.148015930485155,-0.13601840098618734,-0.03310063506125824,0.5211581470330154,0.10648281706220172,-0.1015210644327919,-0.23234911160510988,1
22.158019551049964,-0.13629729152209663,-0.02788905359092808,0.5199140567911888,0.10544437150671329,-0.10384455554884299,-0.23135720747392563,1
22.16802317161477,-0.1365241906523268,-0.022689913023016192,0.5184933447920611,0.10438279023047747,-0.10615812762358225,-0.23029116812044603,1
22.17802679217958,-0.13669924044807774,-0.01750497957509558,0.516896897096682,0.1032981798374296,-0.1084610393047867,-0.2291513163550287,1
22.188030412744386,-0.13682260055411902,-0.012336010604128759,0.515125658095929,0.10219065431274624,-0.110752552468337,-0.22793799962003156,1
22.198034033309195,-0.13689444809435072,-0.007184754023169469,0.513180630075787,0.10106033498810087,-0.11303193246453731,-0.22665158983599787,1
22.208037653874005,-0.13691497757157484,-0.0020529477224115987,0.5110628727636787,0.09990735050447189,-0.1152984483628973,-0.22529248323975698,1
22.21804127443881,-0.13688440076152258,0.003057681005225188,0.5087735028560416,0.09873183677251894,-0.11755137319529486,-0.22386110021451205,1
22.22804489500362,-0.13680294660118472,0.008145416033785605,0.5063136935273416,0.09753393693054455,-0.11978998419743998,-0.22235788511198526,1
22.238048515568426,-0.13667086107149412,0.013208552969059022,0.5036846739207295,0.09631380130005895,-0.12201356304855984,-0.2207833060666971,1
22.248052136133236,-0.13648840707441146,0.018245399708266316,0.5008877286205478,0.09507158733896669,-0.12422139610922682,-0.21913785480245548,1
22.258055756698045,-0.13625586430446673,0.023254276994471794,0.4979241971069,0.09380745959239417,-0.12641277465725137,-0.21742204643113577,1
22.26805937726285,-0.13597352911481134,0.028233518965540792,0.4947954731925044,0.09252158964117854,-0.12858699512156274,-0.21563641924383362,1
22.27806299782766,-0.13564171437783668,0.03318147369746584,0.4915030044420554,0.09121415604803854,-0.13074335931400108,-0.2137815344944751,1
22.288066618392467,-0.13526074934041782,0.03809650374188639,0.4880482915743252,0.08988534430144908,-0.13288117465894583,-0.2118579761759723,1
22.298070238957276,-0.1348309794738415,0.04297698665762964,0.48443288784724065,0.08853534675724202,-0.13499975442070555,-0.209866350789013,1
22.308073859522086,-0.1343527663184805,0.04782131553610205,0.4806583984261772,0.08716436257795607,-0.13709841792859567,-0.20780728710357702,1
22.31807748008689,-0.13382648732327687,0.05262789952036382,0.4767264797357176,0.08577259766995975,-0.13917649079963143,-0.20568143591327345,1
22.3280811006517,-0.13325253568009965,0.057395164317720994,0.47263883879512686,0.08436026461837211,-0.14123330515876417,-0.20348946978259533,1
22.338084721216507,-0.13263132015304294,0.06212155270567226,0.4683972325378005,0.0829275826198062,-0.14326819985659012,-0.20123208278719013,1
22.348088341781317,-0.13196326490273244,0.06680552503105026,0.46400346711494883,0.08147477741296158,-0.145280520684462,-0.19890999024724781,1
22.358091962346126,-0.13124880930571045,0.07144555970219975,0.45945939718378365,0.08000208120709223,-0.1472696205869345,-0.19652392845410924,1
22.368095582910932,-0.13048840776897008,0.07604015367403759,0.45476692518048023,0.07850973260837749,-0.14923485987147558,-0.1940746543902,1
22.37809920347574,-0.12968252953971166,0.08058782292584239,0.44992800057819016,0.0769979765442237,-0.15117560641537758,-0.19156294544239758,1
22.388102824040548,-0.1288316585103954,0.08508710293162429,0.4449446191303871,0.07546706418552569,-0.15309123586980156,-0.18898959910894092,1
22.398106444605357,-0.12793629301916612,0.08953654912292816,0.4398188220998295,0.07391725286691678,-0.15498113186089096,-0.1863554326999938,1
22.408110065170167,-0.12699694564572686,0.09393473734392646,0.43455269547343317,0.07234880600503787,-0.1568446861878909,-0.18366128303197565,1
22.418113685734973,-0.12601414300274025,0.0982802642986608,0.42914836916334437,0.07076199301485576,-0.15868129901821065,-0.18090800611577496,1
22.428117306299782,-0.1249884255228373,0.10257174799029424,0.42360801619451516,0.06915708922406208,-0.1604903790793684,-0.17809647683896257,1
22.43812092686459,-0.12392034724131491,0.1068078281522394,0.4179338518790814,0.0675343757855845,-0.16227134384775802,-0.17522758864212362,1
22.448124547429398,-0.12281047557460462,0.1109871666710302,0.4121281329778505,0.0658941395882427,-0.16402361973417925,-0.17230225318942938,1
22.458128167994207,-0.12165939109459653,0.1151084480008087,0.4061931568492098,0.06423667316558196,-0.16574664226607355,-0.16932140003357113,1
22.468131788559013,-0.12046768729890352,0.1191703795693008,0.40013126058576826,0.06256227460291787,-0.16743985626640925,-0.16628597627518046,1
22.478135409123823,-0.11923597037715193,0.12317169217515847,0.39394482013905036,0.06087124744262626,-0.16910271602916105,-0.16319694621686207,1
22.48813902968863,-0.11796485897338645,0.12711114037654897,0.3876362494325625,0.05916390058771296,-0.17073468549132967,-0.16005529101196644,1
22.49814265025344,-0.1166549839446777,0.1309875028708746,0.38120799946355666,0.05744054820369847,-0.17233523840144932,-0.15686200830823124,1
22.508146270818248,-0.1153069881160226,0.13479958286551016,0.37466255739381893,0.05570150961885315,-0.17390385848453163,-0.1536181118864226,1
22.518149891383054,-0.11392152603162811,0.13854620843944834,0.3680024456298139,0.053947109222819194,-0.17544003960339585,-0.15032463129410772,1
22.528153511947863,-0.11249926370267065,0.14222623289574648,0.36123022089251844,0.05217767636365583,-0.17694328591633693,-0.14698261147469277,1
22.53815713251267,-0.11104087835162393,0.14583853510467168,0.35434847327728247,0.05039354524334499,-0.17841311203108384,-0.14359311239186054,1
22.54816075307748,-0.10954705815324949,0.1493820198374445,0.3473598253040545,0.04859505481179496,-0.17984904315500244,-0.1401572086495442,1
22.55816437364229,-0.10801850197234464,0.15285561809048506,0.34026693095831684,0.04678254865937998,-0.18125061524149788,-0.13667598910757484,1
22.568167994207094,-0.10645591909834395,0.15625828740006822,0.33307247472307244,0.04495637490805424,-0.18261737513257362,-0.13315055649314084,1
22.578171614771904,-0.10486002897687097,0.15958901214729895,0.32577917060223227,0.043116886101079194,-0.18394888069750504,-0.12958202700819965,1
22.58817523533671,-0.10323156093833775,0.1628468038533213,0.31838976113575235,0.04126443909140332,-0.18524470096758702,-0.12597152993298238,1
22.59817885590152,-0.10157125392369097,0.1660307014646788,0.31090701640687135,0.039399394928734156,-0.18650441626691686,-0.12232020722573345,1
22.60818247646633,-0.0998798562074035,0.16913977162874752,0.30333373304180344,0.03752211874534241,-0.1877276183391742,-0.1186292131188285,1
22.618186097031135,-0.09815812511781184,0.17217310895916554,0.2956727332022412,0.03563297964063879,-0.1889139104703625,-0.11489971371141439,1
22.628189717595944,-0.09640682675489996,0.17512983629118795,0.2879268635710263,0.03373235056456402,-0.19006290760747663,-0.11113288655871631,1
22.63819333816075,-0.09462673570563099,0.1780091049268982,0.28009899433134666,0.031820608199833386,-0.19117423647306378,-0.10732992025815798,1
22.64819695872556,-0.09281863475692888,0.18081009487021166,0.27219201813982125,0.029898132843076932,-0.19224753567564537,-0.10349201403244128,1
22.65820057929037,-0.09098331460641278,0.18353201505160988,0.2642088490938336,0.027965308284917233,-0.19328245581596978,-0.09962037730973303,1
22.668204199855175,-0.0891215735709873,0.1861741035425482,0.2561524216934788,0.02602252168902656,-0.19427865958906712,-0.09571622930110715,1
22.678207820419985,-0.08723421729339247,0.188735627759483,0.24802568979848658,0.02407016347020578,-0.1952358218820782,-0.09178079857539043,1
22.68821144098479,-0.08532205844681778,0.19121588465746786,0.23983162558048723,0.022108627171527458,-0.1961536298678321,-0.08781532263156203,1
22.6982150615496,-0.08338591643768506,0.19361420091327272,0.2315732184709866,0.02013830934058598,-0.19703178309414773,-0.08382104746885627,1
22.70821868211441,-0.08142661710670523,0.1959299330979826,0.2232534741054168,0.018159609404897616,-0.1978699935688363,-0.07979922715471921,1
22.718222302679216,-0.07944499242831486,0.19816246783903677,0.21487541326363102,0.01617292954649378,-0.1986679858403835,-0.0757511233907703,1
22.728225923244025,-0.07744188020859813,0.2003112219716731,0.20644207080721064,0.014178674575750868,-0.19942549707429122,-0.07167800507691988,1
22.73822954380883,-0.07541812378180068,0.2023756426797452,0.19795649461395326,0.012177251804500263,-0.2001422771250604,-0.0675811478737949,1
22.74823316437364,-0.07337457170554183,0.20435520762588474,0.18942174450991084,0.01016907091846228,-0.20081808860379835,-0.06346183376362427,1
22.75823678493845,-0.07131207745483199,0.20624942507098384,0.18084089119934715,0.008154543849047935,-0.2014527069414346,-0.059321350609736465,1
22.768240405503256,-0.06923149911500222,0.2080578339829773,0.1722170151929838,0.006134084644572615,-0.20204592044753197,-0.05516099171482164,1
22.778244026068066,-0.06713369907365314,0.20978000413490713,0.16355320573490384,0.004108109340925812,-0.2025975303646802,-0.05098205537811094,1
22.788247646632872,-0.06501954371173058,0.21141553619225617,0.15485255972848166,0.0020770358317411994,-0.2031073509184613,-0.04678584445162564,1
22.79825126719768,-0.06288990309383517,0.212964061789541,0.14611818066170873,4.128373811142401e-05,-0.20357520936297754,-0.04257366589564884,1
22.80825488776249,-0.060745650657873594,0.21442524359615808,0.13735317753228127,-0.0019987257221079162,-0.20400094602193403,-0.03834683033357228,1
22.818258508327297,-0.05858766290415879,0.2157987753714809,0.12856066377281958,-0.004042569865360614,-0.20438441432526974,-0.0341066516062712,1
22.828262128892106,-0.0564168190840667,0.2170843820092091,0.11974375617658434,-0.006089824673773938,-0.20472548084133246,-0.02985444632615951,1
22.838265749456912,-0.05423400088835695,0.21828181957097495,0.11090557382405597,-0.008140064926819878,-0.20502402530459407,-0.02559153343107766,1
22.848269370021722,-0.052040092135264795,0.2193908753092155,0.10204923701074235,-0.010192864333208927,-0.20527994063890484,-0.021319233738165383,1
22.85827299058653,-0.04983597845847157,0.22041136767932293,0.09317786617657833,-0.012247795662971791,-0.2054931329762865,-0.017038869497871124,1
22.868276611151337,-0.04762254699506068,0.2213431463410887,0.08429458083727986,-0.014304430879684443,-0.2056635216712652,-0.012751763948249718,1
22.878280231716147,-0.045400686073566066,0.2221860921494615,0.07540249851801398,-0.01636234127279192,-0.2057910393107477,-0.008459240869699375,1
22.888283852280953,-0.04317128490221965,0.22294011713464165,0.06650473368974426,-0.018421097589986366,-0.20587563171944467,-0.0041626241402888155,1
22.898287472845762,-0.04093523325750426,0.2236051644715391,0.057604396708610124,-0.02048027016959484,-0.20591725796084756,0.00013676270817533642,1
22.908291093410572,-0.03869342117311801,0.2241812084386252,0.04870459275869649,-0.0225394290729325,-0.2059158903337658,0.0044375969331910715,1
22.918294713975378,-0.03644673862945589,0.22466825436621218,0.03980842079854839,-0.02459814421657684,-0.2058715143644339,0.008738557023564342,1
22.928298334540187,-0.034196075243713916,0.22506633857419767,0.03091897251178339,-0.026655985504518823,-0.20578412879419827,0.013038323140224736,1
22.938301955104997,-0.031942319960720764,0.2253755282993155,0.022039331262152403,-0.028712522960146782,-0.20565374556279603,0.01733557755570562,1
22.948305575669803,-0.029686360744601393,0.22559592161193703,0.0131725710533976,-0.03076732685801917,-0.20548038978723898,0.021629005092141676,1
22.958309196234612,-0.027429084271376684,0.225727647322471,0.004321755494253503,-0.03281996785538235,-0.20526409973631757,0.02591729355763742,1
22.96831281679942,-0.02517137562260255,0.22577086487741355,-0.004510063231064829,-0.03487001712338976,-0.2050049268007412,0.030199134180861332,1
22.978316437364228,-0.02291411798015152,0.2257257642451029,-0.013319845386545112,-0.03691704647797909,-0.2047029354589326,0.03447322204372083,1
22.988320057929037,-0.020658192322239144,0.22559256579123746,-0.022104564701894105,-0.03896062851036404,-0.20435820323849538,0.038738256511974434,1
22.998323678493843,-0.018404477120796958,0.22537152014421852,-0.03086120938355063,-0.041000336717097796,-0.20397082067337563,0.0429929416636384,1
23.008327299058653,-0.01615384804029313,0.225062908050383,-0.039586783118862406,-0.04303574562966519,-0.20354089125673924,0.04723598671504599,1
23.01833091962346,-0.013907177638101184,0.2246670402191944,-0.04827830607309641,-0.045066430943561074,-0.20306853138958877,0.05146610644441877,1
23.02833454018827,-0.01166533506651655,0.22418425715846343,-0.05693281587895556,-0.04709196964681252,-0.20255387032514457,0.055682021612810426,1
23.038338160753078,-0.00942918577651981,0.2236149289996739,-0.06554736861827803,-0.04911194014790268,-0.20199705010901647,0.05988245938228452,1
23.048341781317884,-0.007199591223384899,0.22295945531349112,-0.07411903979559815,-0.05112592240305462,-0.20139822551519362,0.06406615373118908,1
23.058345401882693,-0.004977408574229548,0.22221826491553515,-0.08264492530325182,-0.05313349804283344,-0.20075756397788172,0.06823184586639207,1
23.0683490224475,-0.0027634904176045212,0.22139181566250263,-0.09112214237771257,-0.055134250498025617,-0.2000752455192178,0.07237828463234287,1
23.07835264301231,-0.000558684475217266,0.2204805942387255,-0.09954783054684788,-0.05712776512475456,-0.19935146267289436,0.07650422691682673,1
23.08835626357712,0.0016361666841153044,0.21948511593325704,-0.10791915256778914,-0.05911362932879182,-0.1985864204037261,0.08060843805327975,1
23.098359884141924,0.003820225928191096,0.21840592440757914,-0.11623329535511287,-0.061091432689023756,-0.1977803360231933,0.08468969221953418,1
23.108363504706734,0.005992661842731376,0.21724359145402802,-0.12448747089903348,-0.06306076708003373,-0.19693343910099798,0.08874677283286492,1
23.11836712527154,0.008152649010181753,0.21599871674503768,-0.1326789171733132,-0.06502122679376042,-0.19604597137266933,0.09277847294120911,1
23.12837074583635,0.010299368285914798,0.21467192757330456,-0.1408048990325983,-0.066972408660193,-0.19511818664325722,0.09678359561043351,1
23.13837436640116,0.012432007071744584,0.21326387858297857,-0.14886270909889399,-0.06891391216706452,-0.1941503506871529,0.1007609543075244,1
23.148377986965965,0.01454975958666448,0.21177525149198964,-0.15684966863689664,-0.07084533957850529,-0.19314274114407765,0.10470937327957754,1
23.158381607530774,0.016651827134720687,0.21020675480562068,-0.1647631284179043,-0.07276629605261811,-0.19209564741128188,0.10862768792846698,1
23.16838522809558,0.018737418369935102,0.20855912352144163,-0.17260046957203173,-0.07467638975793808,-0.1910093705319972,0.1125147451810729,1
23.17838884866039,0.020805749558192317,0.2068331188257213,-0.18035910442846115,-0.07657523198873994,-0.1898842230801865,0.1163694038549509,1
23.1883924692252,0.022856044836006683,0.20502952778143668,-0.1880364773434637,-0.07846243727915632,-0.18872052904163697,0.12019053501932671,1
23.198396089790005,0.024887536466086702,0.20314916300800204,-0.19563006551593126,-0.08033762351607075,-0.1875186236914437,0.12397702235130183,1
23.208399710354815,0.02689946508961513,0.20119286235284273,-0.203137379790164,-0.08220041205075006,-0.1862788534679307,0.12772776248715825,1
23.21840333091962,0.02889107997516454,0.1991614885549411,-0.2105559654456625,-0.08405042780918065,-0.1850015758430591,0.1314416653686511,1
23.22840695148443,0.030861639264169384,0.19705592890048446,-0.21788340297367942,-0.08588729940107438,-0.1836871591893726,0.13511765458418104,1
23.23841057204924,0.03281041021287686,0.19487709487074767,-0.2251173088402898,-0.08771065922750969,-0.1823359826435308,0.13875466770473963,1
23.248414192614046,0.03473666943070031,0.19262592178234478,-0.2322553362357444,-0.08952014358717453,-0.18094843596648338,0.14235165661452318,1
23.258417813178855,0.03663970311490018,0.19030336841998732,-0.23929517580987592,-0.09131539278117791,-0.17952491940033816,0.1459075878361119,1
23.26842143374366,0.03851880728151907,0.18791041666188857,-0.24623455639333258,-0.09309605121639768,-0.17806584352197705,0.14942144285011444,1
23.27842505430847,0.04037328799249862,0.18544807109795525,-0.25307124570441936,-0.09486176750733244,-0.1765716290934759,0.15289221840917866,1
23.28842867487328,0.04220246157890773,0.18291735864091105,-0.25980305104133167,-0.09661219457642628,-0.17504270690938412,0.1563189268462724,1
23.298432295438086,0.04400565486021271,0.18031932813049772,-0.26642781995957315,-0.0983469897528355,-0.1734795176409214,0.15970059637714035,1
23.308435916002896,0.04578220535952173,0.177655049930902,-0.27294344093435263,-0.100065814869607,-0.17188251167715,0.16303627139684373,1
23.318439536567702,0.04753146151473732,0.17492561552155847,-0.27934784400776247,-0.10176833635923882,-0.17025214896318155,0.16632501277029427,1
23.32844315713251,0.04925278288555213,0.17213213708148084,-0.28563900142054616,-0.1034542253475936,-0.16858889883547862,0.1695658981166936,1
23.33844677769732,0.05094554035622488,0.16927574706727538,-0.29181492822826643,-0.10512315774613672,-0.16689323985431168,0.17275802208779276,1
23.348450398262127,0.05260911633407481,0.1663575977849927,-0.297873682901694,-0.10677481434247105,-0.16516565963343374,0.17590049663988921,1
23.358454018826937,0.05424290494363457,0.16337886095597576,-0.30381336791124025,-0.1084088808891414,-0.16340665466703486,0.17899245129947944,1
23.368457639391742,0.0558463122164032,0.16034072727686335,-0.30963213029526404,-0.1100250481906818,-0.16161673015404007,0.182033033422489,1
23.378461259956552,0.05741875627614231,0.1572444059739107,-0.31532816221208904,-0.11162301218887996,-0.1597963998198152,0.1850214084470038,1
23.38846488052136,0.05895966751966021,0.15409112435178982,-0.320899701475572,-0.11320247404623342,-0.15794618573534516,0.18795676013942814,1
23.398468501086167,0.06046848879303055,0.1508821273370341,-0.3263450320740714,-0.11476314022757293,-0.15606661813395087,0.1908382908339986,1
23.408472121650977,0.06194467556319348,0.1476186770162934,-0.3316624846726682,-0.11630472257982905,-0.1541582352256109,0.19366522166558364,1
23.418475742215783,0.06338769608488914,0.1443020521695667,-0.3368504370984994,-0.11782693840991859,-0.15222158300895505,0.19643679279570325,1
23.428479362780593,0.06479703156287496,0.14093354779858172,-0.3419073148090698,-0.11932951056072857,-0.150257215080998,0.19915226363170332,1
23.438482983345402,0.06617217630937987,0.13751447465049102,-0.3468315913434132,-0.12081216748517538,-0.148265692444681,0.20181091303902335,1
23.448486603910208,0.06751263789675044,0.1340461587370569,-0.35162178875598094,-0.12227464331831829,-0.14624758331429075,0.20441203954649778,1
23.458490224475018,0.06881793730524541,0.13052994084949707,-0.3562764780331422,-0.12371667794750654,-0.14420346291882577,0.20695496154463452,1
23.468493845039823,0.07008760906593707,0.12696717606916563,-0.3607942794921847,-0.12513801708054034,-0.14213391330337943,0.20943901747681537,1
23.478497465604633,0.0713212013986795,0.12335923327424378,-0.3651738631627137,-0.12653841231182644,-0.1400395231286113,0.2118635660233671,1
23.488501086169443,0.07251827634510567,0.11970749464261664,-0.36941394915035053,-0.1279176211865102,-0.1379208874683776,0.21422798627845366,1
23.49850470673425,0.07367840989661681,0.11601335515111313,-0.3735133079826392,-0.12927540726256614,-0.13577860760559307,0.21653167791974226,1
23.508508327299058,0.07480119211732968,0.11227822207128674,-0.37747076093707643,-0.1306115401708301,-0.13361329082639564,0.21877406137079933,1
23.518511947863864,0.07588622726194884,0.10850351446191597,-0.3812851803511867,-0.13192579567295698,-0.13142555021268765,0.22095457795617457,1
23.528515568428674,0.07693313388853287,0.1046906626584041,-0.38495548991456763,-0.13321795571728823,-0.1292160044331259,0.2230726900491337,1
23.538519188993483,0.07794154496612546,0.10084110775925842,-0.3884806649428426,-0.13448780849261457,-0.12698527753263456,0.2251278812120035,1
23.54852280955829,0.07891110797722375,0.09695630110982999,-0.39185973263345697,-0.1357351484798197,-0.12473399872051452,0.22711965632909492,1
23.5585264301231,0.07984148501505871,0.09303770378349542,-0.3950917723032672,-0.13695977650139196,-0.12246280215722358,0.22904754173217304,1
23.568530050687905,0.08073235287566334,0.08908678606046275,-0.3981759156078736,-0.13816149976879097,-0.12017232673990184,0.2309110853184445,1
23.578533671252714,0.08158340314470718,0.08510502690438401,-0.40111134674265647,-0.13934013192765815,-0.1178632158867174,0.23270985666103708,1
23.588537291817524,0.08239434227907674,0.08109391343695745,-0.40389730262548096,-0.1404954931008592,-0.11553611732010703,0.23444344711194665,1
23.59854091238233,0.08316489168318376,0.07705494041070264,-0.4065330730610409,-0.14162740992934908,-0.11319168284898756,0.2361114698974316,1
23.60854453294714,0.08389478777998469,0.07298960968009223,-0.4090180008868217,-0.14273571561084922,-0.11083056815001324,0.23771356020583523,1
23.618548153511945,0.08458378207669692,0.068899429671224,-0.41135148210066436,-0.14382024993632878,-0.10845343254795489,0.2392493752678212,1
23.628551774076755,0.08523164122519909,0.06478591485021737,-0.4135329659699223,-0.14488085932428155,-0.10606093879527669,0.24071859442900828,1
23.638555394641564,0.08583814707710427,0.06065058519051814,-0.41556195512220784,-0.14591739685279143,-0.1036537528509866,0.24212091921499435,1
23.64855901520637,0.08640309673349723,0.05649496563929606,-0.4174380056177307,-0.14692972228937978,-0.10123254365883666,0.24345607338876066,1
23.65856263577118,0.08692630258932842,0.05232058558311876,-0.41916072700323825,-0.14791770211862929,-0.09879798292494905,0.2447238030004526,1
23.668566256335986,0.08740759237245928,0.04812897831308637,-0.42072978234757386,-0.14888120956757872,-0.09635074489494452,0.24592387642953245,1
23.678569876900795,0.08784680917735538,0.043921680489610634,-0.4221448882588735,-0.14982012462888522,-0.0938915061306492,0.24705608441930552,1
23.688573497465605,0.0882438114934256,0.0397002316070219,-0.423405814883431,-0.15073433408174977,-0.09142094528645614,0.248120240103821,1
23.69857711803041,0.08859847322800747,0.03546617345818759,-0.42451238588626394,-0.15162373151060396,-0.08893974288541794,0.24911617902715325,1
23.70858073859522,0.08891068372400072,0.031221049599324948,-0.4254644784134226,-0.15248821732155543,-0.0864485810951464,0.2500437591550708,1
23.718584359160026,0.08918034777215263,0.02696640481519072,-0.4262620230360874,-0.15332769875659139,-0.0839481435035957,0.2509028608791036,1
23.728587979724836,0.08940738561800092,0.022703784584829845,-0.4269050036765082,-0.15414208990553943,-0.08143911489480465,0.2516933870130208,1
23.738591600289645,0.08959173296348157,0.01843473454806476,-0.4273934575158438,-0.15493131171578617,-0.07892218102467445,0.25241526278173515,1
23.74859522085445,0.08973334096321063,0.014160799972906323,-0.4277274748839679,-0.15569529199975474,-0.0763980283968571,0.25306843580265104,1
23.75859884141926,0.0898321762154513,0.009883525224066644,-0.42790719913131026,-0.15643396544014304,-0.07386734403883058,0.2536528760594774,1
23.768602461984067,0.08988822074777883,0.005604453232753542,-0.4279328264828126,-0.1571472735929254,-0.0713308152782358,0.2541685758685278,1
23.778606082548876,0.08990147199745809,0.0013251249679254156,-0.42780460587408026,-0.1578351648881209,-0.06878912951955052,0.25461554983753404,1
23.788609703113686,0.08987194278654993,-0.002952921090815387,-0.4275228387698194,-0.15849759462833266,-0.06624297402117518,0.2549938348170001,1
23.79861332367849,0.0897996612917648,-0.007228149478513581,-0.4270878789646544,-0.1591345249850627,-0.06369303567300519,0.25530348984412804,1
23.8086169442433,0.0896846710090832,-0.011499028268160124,-0.4265001323664259,-0.15974592499280835,-0.061140000774563906,0.25554459607934793,1
23.818620564808107,0.08952703071316495,-0.015764029591824383,-0.42576005676207607,-0.16033177054094605,-0.05858455481377042,0.25571725673548806,1
23.828624185372917,0.0893268144115705,-0.020021630159445143,-0.42486816156623275,-0.1608920443634102,-0.05602738224641554,0.2558215969996223,1
23.838627805937726,0.08908411129381943,-0.02427031177510747,-0.4238250075526112,-0.16142673602617438,-0.053469166276419317,0.25585776394763576,1
23.848631426502532,0.0887990256753131,-0.028508561850633583,-0.4226312065683564,-0.16193584191254382,-0.050910588636942956,0.2558259264515512,1
23.85863504706734,0.08847167693614993,-0.032734873916317145,-0.42128742123145446,-0.1624193652062681,-0.04835232937242744,0.2557262750796608,1
23.868638667632148,0.08810219945486361,-0.03694774812863169,-0.4197943646113489,-0.1628773158724844,-0.04579506662163083,0.2555590219895111,1
23.878642288196957,0.08769074253711616,-0.04114569177474518,-0.4181527998929012,-0.16330971063650176,-0.04323947640173572,0.2553244008137915,1
23.888645908761767,0.08723747033937941,-0.045327219773674196,-0.4163635400238411,-0.16371657296043773,-0.0406862323935978,0.25502266653917693,1
23.898649529326573,0.08674256178764028,-0.04949085517391261,-0.4144274473458581,-0.1640979330177198,-0.03813600572820603,0.2546540953781807,1
23.908653149891382,0.08620621049116657,-0.05363512964737119,-0.4123454332094895,-0.16445382766546404,-0.03558946477442422,0.25421898463407305,1
23.91865677045619,0.08562862465137192,-0.05775858397946608,-0.4101184575729674,-0.16478430041474487,-0.03304727492808349,0.25371765255892514,1
23.928660391020998,0.08501002696581995,-0.06185976855519575,-0.4077475285851905,-0.16508940139876982,-0.030510098402494235,0.2531504382048392,1
23.938664011585807,0.08435065452740947,-0.06593724384104765,-0.40523370215299315,-0.16536918733897427,-0.027978594020445842,0.2525177012684283,1
23.948667632150613,0.0836507587187837,-0.06998958086257759,-0.4025780814928875,-0.16562372150905189,-0.025453417007761558,0.25181982192861174,1
23.958671252715423,0.08291060510200864,-0.07401536167750647,-0.39978181666746126,-0.16585307369693664,-0.02293521878847544,0.25105720067779286,1
23.968674873280232,0.08213047330356682,-0.07801317984418109,-0.39684610410661786,-0.1660573201647536,-0.020424646781697513,0.2502302581464902,1
23.978678493845038,0.08131065689471435,-0.08198164088524727,-0.39377218611384956,-0.16623654360675594,-0.01792234420023261,0.24933943492149355,1
23.988682114409848,0.0804514632672505,-0.08591936274638577,-0.3905613503577404,-0.16639083310526612,-0.015428949851017676,0.24838519135761838,1
23.998685734974654,0.07955321350475086,-0.08982497624996318,-0.3872149293489005,-0.16652028408464054,-0.012945097937441492,0.24736800738313555,1
24.008689355539463,0.07861624224931635,-0.09369712554345218,-0.38373429990253527,-0.16662499826327665,-0.010471417863610135,0.246288382298954,1
24.018692976104273,0.07764089756389157,-0.09753446854247753,-0.38012088258686205,-0.16670508360368286,-0.008008534040620595,0.2451468345716365,1
24.02869659666908,0.07662754079020812,-0.10133567736834616,-0.376376141157587,-0.1667606542606319,-0.00555706569490423,0.24394390162033044,1
24.038700217233888,0.07557654640240889,-0.10509943877992203,-0.37250158197866123,-0.16679183052741892,-0.003117626678700925,0.2426801395976979,1
24.048703837798694,0.07448830185641181,-0.10882445459970864,-0.36849875342953986,-0.16679873878024615,-0.0006908252827239458,0.24135612316493035,1
24.058707458363504,0.07336320743507177,-0.11250944213400405,-0.36436924529917136,-0.1667815114207569,0.001722735948925358,0.23997244526093614,1
24.068711078928313,0.07220167608920182,-0.11615313458699576,-0.36011468816694786,-0.16674028681674155,0.00412246040153472,0.23852971686578991,1
24.07871469949312,0.07100413327451517,-0.11975428146866524,-0.3557367527708521,-0.16667520924103962,0.006507757570192619,0.2370285667585355,1
24.08871832005793,0.06977101678455143,-0.12331164899637376,-0.35123714936304135,-0.16658642880866184,0.008878043237777975,0.23546964126943545,1
24.098721940622735,0.06850277657965138,-0.12682402049000416,-0.34661762705311044,-0.16647410141215713,0.011232739650472329,0.23385360402676125,1
24.108725561187544,0.06719987461204603,-0.13029019676053527,-0.34187997313928076,-0.16633838865524972,0.013571275690739942,0.23218113569822177,1
24.118729181752354,0.06586278464712675,-0.13370899649192808,-0.33702601242776714,-0.1661794577847725,0.01589308704772216,0.23045293372712702,1
24.12873280231716,0.06449199208096469,-0.13707925661620574,-0.3320576065405755,-0.16599748162092257,0.01819761638499343,0.22866971206338793,1
24.13873642288197,0.06308799375414857,-0.1403998326816115,-0.3269766532119897,-0.16579263848586628,0.020484313505627308,0.22683220088945213,1
24.148740043446775,0.06165129776201126,-0.1436695992137314,-0.32178508557400853,-0.16556511213072106,0.022752635514521828,0.22494114634128012,1
24.158743664011585,0.060182423261316544,-0.1468874500694715,-0.316484871430997,-0.16531509166094172,0.02500204697793463,0.22299731022446478,1
24.168747284576394,0.05868190027347873,-0.15005229878378146,-0.31107801252381984,-0.16504277146013993,0.027232020080179276,0.22100146972560072,1
24.1787509051412,0.05715026948438853,-0.15316307890901965,-0.3055665437837273,-0.16474835111236558,0.02944203477743528,0.2189544171190106,1
24.18875452570601,0.055588082040919966,-0.15621874434685692,-0.29995253257626786,-0.1644320353228793,0.03163157894862539,0.21685695946893674,1
24.198758146270816,0.05399589934419377,-0.1592182696726196,-0.29423807793550355,-0.16409403383744617,0.033800148543314756,0.21470991832730846,1
24.208761766835625,0.05237429283967403,-0.16216065045197464,-0.2884253097888074,-0.1637345613601803,0.03594724772658784,0.21251412942719553,1
24.218765387400435,0.0507238438041754,-0.1650449035498627,-0.28251638817252533,-0.1633538374699717,0.0380723890208598,0.21027044237206113,1
24.22876900796524,0.04904514312985952,-0.16787006743158794,-0.27651350243878686,-0.1629520865355259,0.04017509344458041,0.20797972032092737,1
24.23877262853005,0.04733879110529976,-0.1706352024559758,-0.2704188704537521,-0.162529537629048,0.042254890647789686,0.2056428396695688,1
24.248776249094856,0.04560539719369463,-0.1733393911605133,-0.2642347377875844,-0.16208642443860316,0.044311319044485376,0.20326068972784925,1
24.258779869659666,0.04384557980831074,-0.17598173853838914,-0.25796337689643994,-0.16162298517918552,0.04634392594176387,0.20083417239331988,1
24.268783490224475,0.0420599660852372,-0.17856137230735353,-0.2516070862967695,-0.16113946250252856,0.04835226766569707,0.19836420182119607,1
24.27878711078928,0.040249191653533994,-0.18107744317032123,-0.2451681897322272,-0.16063610340568946,0.05033590968390903,0.19585170409083255,1
24.28879073135409,0.03841390040285756,-0.18352912506764352,-0.23864903533348525,-0.1601131591384413,0.05229442672481736,0.1932976168688171,1
24.298794351918897,0.036554744248647776,-0.18591561542097837,-0.23205199477125388,-0.15957088510950623,0.05422740289350553,0.19070288906880345,1
24.308797972483706,0.034672382894960864,-0.1882361353686909,-0.2253794624028087,-0.1590095407916643,0.05613443178419356,0.1880684805082058,1
24.318801593048516,0.032767483595033675,-0.190489929992719,-0.21863385441232877,-0.15842938962577155,0.05801511658927562,0.18539536156187766,1
24.32880521361332,0.03084072090966525,-0.19267626853684228,-0.2118176079453499,-0.15783069892372262,0.059869070204894397,0.18268451281289844,1
24.33880883417813,0.028892776463502294,-0.19479444461629578,-0.20493318023764012,-0.15721373977039238,0.061695915333023384,0.17993692470059233,1
24.348812454742937,0.026924338699315573,-0.19684377641867218,-0.19798304773880437,-0.1565787869245921,0.0634952845800293,0.17715359716590473,1
24.358816075307747,0.02493610263035497,-0.1988236068960602,-0.1909697052309281,-0.15592611871907522,0.06526682055168835,0.17433553929426135,1
24.368819695872556,0.022928769590871277,-0.2007333039483695,-0.18389566494256884,-0.1552560169596289,0.06701017594463096,0.1714837689560371,1
24.378823316437362,0.020903046984893325,-0.20257226059779518,-0.17676345565840793,-0.154568766823287,0.06872501363419134,0.16859931244476117,1
24.38882693700217,0.01885964803334953,-0.20433989515437925,-0.16957562182487335,-0.1538646567557006,0.07041100675863896,0.16568320411318624,1
24.398830557566978,0.01679929151962325,-0.206035651372628,-0.16233472265204704,-0.15314397836770288,0.07206783879977081,0.16273648600734905,1
24.408834178131787,0.014722701533631767,-0.20765899859914846,-0.15504333121217004,-0.15240702633110445,0.0736952036598443,0.15976020749875178,1
24.418837798696597,0.012630607214519064,-0.20920943191127017,-0.1477040335350593,-0.15165409827375614,0.07529280573483182,0.15675542491479202,1
24.428841419261403,0.010523742492052856,-0.21068647224662077,-0.14031942770075076,-0.15088549467391635,0.07686035998397975,0.1537232011675712,1
24.438845039826212,0.008402845826816573,-0.21208966652362826,-0.1328921229296839,-0.1501015187539598,0.07839759199565546,0.15066460538121085,1
24.44884866039102,0.006268659949287322,-0.2134185877529251,-0.12542473867074208,-0.14930247637346514,0.07990423804946757,0.14758071251780572,1
24.458852280955828,0.004121931597890996,-0.21467283513963253,-0.11791990368746519,-0.1484886759217187,0.08138004517464563,0.14447260300214512,1
24.468855901520637,0.001963411256125924,-0.2158520341765072,-0.11038025514274835,-0.147660428209672,0.08282477120466708,0.14134136234533123,1
24.478859522085443,-0.0002061471111534231,-0.21695583672793467,-0.10280843768234363,-0.1468180463613908,0.0842381848281204,0.13818808076742536,1
24.488863142650253,-0.0023859863222010043,-0.21798392110475812,-0.09520710251747824,-0.14596184570503287,0.08562006563579465,0.1350138528192524,1
24.49886676321506,-0.004575346243500334,-0.2189359921299329,-0.08757890650690543,-0.14509214366339301,0.08697020416398717,0.13181977700349395,1
24.50887038377987,-0.006773464055450353,-0.21981178119500194,-0.07992651123870134,-0.1442092596440528,0.08828840193402211,0.12860695539520023,1
24.518874004344678,-0.008979574518524243,-0.22061104630738895,-0.07225258211212253,-0.14331351492917305,0.08957447148797411,0.1253764932618514,1
24.528877624909484,-0.011192910239809345,-0.22133357212851018,-0.06455978741983705,-0.14240523256496712,0.09082823642059262,0.12212949868309853,1
24.538881245474293,-0.01341270193983643,-0.22197917000270856,-0.056850797430841885,-0.1414847372508929,0.09204953140742361,0.1188670821703141,1
24.5488848660391,-0.0156381787196066,-0.22254767797701697,-0.049128283474378434,-0.14055235522860163,0.09323820222912675,0.11559035628608236,1
24.55888848660391,-0.017868568327724207,-0.22303896081176075,-0.04139491702515699,-0.13960841417068176,0.09439410579198758,0.1123004352637588,1
24.56889210716872,-0.02010309742754433,-0.2234529099820123,-0.03365336879020005,-0.13865324306923552,0.09551711014462516,0.10899843462722866,1
24.578895727733524,-0.022340991864243473,-0.22378944366991432,-0.025906307797613257,-0.13768717212432655,0.09660709449089745,0.10568547081099333,1
24.588899348298334,-0.024581476931722378,-0.22404850674789045,-0.018156400487591248,-0.13671053263233648,0.09766394919900738,0.10236266078071336,1
24.59890296886314,-0.026823777639250042,-0.22423007075276635,-0.010406309805964964,-0.13572365687426835,0.09868757580681452,0.09903112165433686,1
24.60890658942795,-0.0290671189777583,-0.224334133850826,-0.0026586943005946634,-0.13472687800403477,0.09967788702335789,0.09569197032394068,1
24.61891020999276,-0.03131072618569662,-0.22436072079383196,0.005083792779087451,-0.1337205299367688,0.1006348067265973,0.09234632307841245,1
24.628913830557565,-0.03355382501435703,-0.2243098828660411,0.0128185043790843,-0.132704947237195,0.10155826995738143,0.08899529522709984,1
24.638917451122374,-0.035795641992579535,-0.22418169782225025,0.02054280053409016,-0.1316804650080985,0.10244822290965243,0.08564000072455372,1
24.64892107168718,-0.03803540469074863,-0.22397626981690935,0.02825404925669822,-0.13064741877892952,0.10330462291689796,0.0822815517964911,1
24.65892469225199,-0.04027234198399205,-0.22369372932434237,0.03594962742226371,-0.1296061443945809,0.10412743843486287,0.07892105856710258,1
24.6689283128168,-0.042505684314493246,-0.22333423305011973,0.043626921649128125,-0.12855697790437556,0.1049166490205339,0.07555962868782892,1
24.678931933381605,-0.04473466395282953,-0.22289796383362845,0.05128332917391283,-0.12750025545130145,0.10567224530741218,0.0721983669677307,1
24.688935553946415,-0.04695851525824842,-0.22238513054188933,0.05891625872159256,-0.12643631316153056,0.10639422897708949,0.06883837500557319,1
24.69893917451122,-0.04917647493779516,-0.2217959679546734,0.06652313137006104,-0.12536548703425912,0.10708261272714521,0.06548075082374943,1
24.70894279507603,-0.05138778230420489,-0.2211307366409728,0.07410138140890392,-0.1242881128319053,0.10773742023538271,0.06212658850416214,1
24.71894641564084,-0.05359167953247373,-0.22038972282688377,0.08164845719209687,-0.12320452597070106,0.10835868612042433,0.058776977826184885,1
24.728950036205646,-0.05578741191502336,-0.2195732382549628,0.08916182198434844,-0.1221150614117142,0.10894645589868618,0.05543300390682222,1
24.738953656770455,-0.05797422811537455,-0.21868162003511932,0.09663895480081086,-0.12102005355233665,0.1095007859377544,0.052095746843186665,1
24.74895727733526,-0.06015138042024566,-0.21771523048711122,0.10407735123988443,-0.1199198361182748,0.11002174340618627,0.048766281357410506,1
24.75896089790007,-0.062318124989992785,-0.21667445697471238,0.11147452430884365,-0.11881474205607719,0.11050940621976038,0.045445676444108365,1
24.76896451846488,-0.06447372210730902,-0.21555971173162394,0.11882800524201667,-0.11770510342623518,0.11096386298420147,0.04213499502050601,1
24.778968139029686,-0.06661743642410106,-0.21437143167920378,0.12613534431125284,-0.11659125129689112,0.11138521293440652,0.0388352935793494,1
24.788971759594496,-0.06874853720646197,-0.21311007823609124,0.13339411162841508,-0.11547351563818911,0.11177356587020001,0.03554762184470714,1
24.798975380159302,-0.07086629857766004,-0.21177613711980708,0.1406018979396389,-0.11435222521730264,0.11212904208864709,0.032273022430777884,1
24.80897900072411,-0.07296999975906415,-0.2103701181404107,0.1477563154111015,-0.11322770749417309,0.11245177231295486,0.02901253050381345,1
24.81898262128892,-0.07505892530892715,-0.2088925549862997,0.15485499840604822,-0.11210028851799315,0.112741897617993,0.025767173447266707,1
24.828986241853727,-0.07713236535894955,-0.2073440050022392,0.16189560425282798,-0.11097029282446849,0.11299956935246566,0.02253797053027238,1
24.838989862418536,-0.07918961584854665,-0.20572504895971092,0.16887581400369134,-0.10983804333389081,0.11322494905776839,0.019325932579567322,1
24.848993482983342,-0.0812299787567434,-0.204036290819674,0.17579333318410983,-0.10870386125005517,0.11341820838356406,0.016132061654955364,1
24.858997103548152,-0.08325276233162172,-0.2022783574878329,0.18264589253237773,-0.10756806596005403,0.11357952900011362,0.012957350728420941,1
24.86900072411296,-0.08525728131724682,-0.20045189856250914,0.1894312487292622,-0.10643097493498005,0.11370910250739782,0.00980278336699345,1
24.879004344677767,-0.08724285717799898,-0.1985575860752165,0.19614718511747087,-0.10529290363156937,0.11380713034106776,0.006669333419463613,1
24.889007965242577,-0.0892088183202394,-0.1965961142240418,0.2027915124107098,-0.10415416539481676,0.1138738236752624,0.003557964707051116,1
24.899011585807386,-0.09115450031123874,-0.1945681990999347,0.20936206939210975,-0.10301507136159342,0.11390940332233292,0.0004696307181213874,1
24.909015206372192,-0.09307924609529888,-0.1924745784060136,0.21585672360180108,-0.10187593036529828,0.11391409962951413,-0.002594725692952016,1
24.919018826937002,-0.09498240620699884,-0.19031601116999558,0.2222733720134232,-0.10073704884157243,0.11388815237258461,-0.005634172602684869,1
24.929022447501808,-0.09686333898149746,-0.18809327744986135,0.2286099416993578,-0.09959873073510686,0.11383181064655776,-0.008647789311046376,1
24.939026068066617,-0.09872141076182614,-0.18580717803286778,0.2348643904844796,-0.09846127740757239,0.1137453327534473,-0.011634666629598478,1
24.949029688631427,-0.10055599610310637,-0.183458534128023,0.24103470758822282,-0.09732498754670088,0.11362898608715132,-0.014593907165120617,1
24.959033309196233,-0.10236647797362777,-0.18104818705214076,0.2471189142547656,-0.09619015707654588,0.1134830470155001,-0.017524625598631903,1
24.969036929761042,-0.10415224795272371,-0.1785769979095931,0.253115064371139,-0.09505707906895074,0.11330780075951379,-0.02042594895972435,1
24.97904055032585,-0.10591270642538253,-0.1760458472658817,0.25902124507307234,-0.09392604365625157,0.11310354126991654,-0.023297016896122617,1
24.989044170890658,-0.10764726277353404,-0.173455634815151,0.2648355773383903,-0.09279733794524202,0.1128705711009553,-0.026136981938387552,1
24.999047791455467,-0.1093553355639517,-0.1708072790417671,0.2705562165677822,-0.0916712459324263,0.11260920128157142,-0.028945009759682547,1
25.009051412020273,-0.11103635273271259,-0.16810171687608927,0.27618135315276904,-0.09054804842058656,0.1123197511839746,-0.031720279430523496,1
25.019055032585083,-0.11268975176615821,-0.16533990334456158,0.2817092130306971,-0.08942802293668986,0.11200254838966936,-0.03446198366843529,1
25.02905865314989,-0.11431497987830076,-0.1625228112142546,0.28713805822659316,-0.08831144365116,0.11165792855298501,-0.03716932908243926,1
25.0390622737147,-0.11591149418462066,-0.15965143063198867,0.2924661873817213,-0.0871985812985384,0.11128623526216061,-0.03984153641229832,1
25.049065894279508,-0.11747876187220237,-0.15672676875817146,0.2976919362686834,-0.08608970309955802,0.11088781989803763,-0.042477840762448114,1
25.059069514844314,-0.11901626036615721,-0.1537498493954846,0.30281367829291467,-0.08498507268465388,0.11046304149041315,-0.045077491830544644,1
25.069073135409123,-0.12052347749228277,-0.15072171261255546,0.3078298249804266,-0.08388495001893281,0.1100122665721077,-0.047639754130560735,1
25.07907675597393,-0.12199991163591029,-0.1476434143627512,0.3127388264516563,-0.08278959132862479,0.1095358690308021,-0.050163907210365705,1
25.08908037653874,-0.12344507189689263,-0.14451602609823463,0.31753917188128705,-0.0816992490290378,0.10903422995869845,-0.05264924586372468,1
25.09908399710355,-0.12485847824068685,-0.14134063437942176,0.32222938994390776,-0.08061417165403718,0.10850773750006121,-0.05509508033665579,1
25.109087617668354,-0.1262396616454867,-0.1381183404799827,0.32680804924538637,-0.07953460378707024,0.10795678669669465,-0.05750073652808592,1
25.119091238233164,-0.12758816424536198,-0.13485025998752884,0.3312737587398356,-0.0784607859937561,0.10738177933141378,-0.059865556184747266,1
25.12909485879797,-0.12890353946936328,-0.13153752240013047,0.3356251681320555,-0.07739295475606044,0.10678312376956631,-0.06218889709025947,1
25.13909847936278,-0.1301853521765514,-0.12818127071880991,0.33986096826534234,-0.0763313424080738,0.10616123479866371,-0.06447013324834397,1
25.14910209992759,-0.13143317878691296,-0.12478266103615648,0.3439798914945582,-0.07527617707341198,0.10551653346618027,-0.066708655060119,1
25.159105720492395,-0.13264660740812506,-0.1213428621212109,0.3479807120443612,-0.07422768260425619,0.10484944691557908,-0.06890386949542678,1
25.169109341057204,-0.13382523795813273,-0.11786305500076728,0.3518622463525017,-0.07318607852204995,0.10416040822062482,-0.07105520025814527,1
25.17911296162201,-0.13496868228350514,-0.11434443253724226,0.35562335339809437,-0.07215157995986951,0.10344985621804337,-0.07316208794543996,1
25.18911658218682,-0.13607656427353776,-0.11078819900326131,0.3592629350147819,-0.07112439760648362,0.10271823533858897,-0.07522399020091304,1
25.19912020275163,-0.13714851997006888,-0.1071955696531135,0.3627799361887115,-0.07010473765211782,0.10196599543657983,-0.07724038186160904,1
25.209123823316435,-0.13818419767298115,-0.10356777029122638,0.36617334534125057,-0.06909280173593818,0.10119359161796374,-0.07921075509883935,1
25.219127443881245,-0.13918325804135928,-0.09990603683781388,0.3694421945963722,-0.06808878689526843,0.10040148406697534,-0.08113461955278839,1
25.22913106444605,-0.14014537419027778,-0.09621161489185015,0.3725855600326494,-0.06709288551655396,0.09959013787144745,-0.08301150246086857,1
25.23913468501086,-0.14107023178319303,-0.09248575929152365,0.37560256191979824,-0.06610528528808557,0.09876002284683877,-0.08484094877979134,1
25.24913830557567,-0.1419575291199163,-0.08872973367232567,0.37849236493971883,-0.06512616915449516,0.09791161335904086,-0.08662252130132522,1
25.259141926140476,-0.14280697722014557,-0.08494481002292849,0.38125417839198755,-0.06415571527303489,0.0970453881460276,-0.08835580076171344,1
25.269145546705285,-0.14361829990253566,-0.08113226823900861,0.3838872563837579,-0.06319409697165078,0.09616183013841047,-0.09004038594472594,1
25.27914916727009,-0.14439123385928737,-0.07729339567517103,0.38639089800403514,-0.062241482708861144,0.09526142627896321,-0.09167589377832254,1
25.2891527878349,-0.14512552872623868,-0.07342948669513068,0.3887644474822929,-0.061298036035449345,0.09434466734117998,-0.09326195942490734,1
25.29915640839971,-0.14582094714844177,-0.06954184222030775,0.3910072943314068,-0.060363915557980034,0.0934120477469309,-0.09479823636515482,1
25.309160028964516,-0.1464772648412117,-0.06563176927699368,0.3931188734748866,-0.05943927490414724,0.09246406538327935,-0.0962843964753924,1
25.319163649529326,-0.14709427064663416,-0.061700580542244816,0.39509866535838944,-0.05852426268996199,0.09150122141852543,-0.0977201300985247,1
25.329167270094132,-0.14767176658552078,-0.057749593888660924,0.39694619604550796,-0.057619022488786586,0.09052402011754018,-0.09910514610848821,1
25.33917089065894,-0.14820956790480283,-0.05378013192820585,0.39866103729782765,-0.05672369280222203,0.0895329686564553,-0.10043917196822633,1
25.34917451122375,-0.1487075031203551,-0.04979352155522757,0.4002428066392565,-0.0558384070328543,0.08852857693677303,-0.1017219537811781,1
25.359178131788557,-0.14916541405524344,-0.045791093488835005,0.4016911674046326,-0.05496329345886469,0.08751135739896125,-0.10295325633627488,1
25.369181752353366,-0.14958315587339133,-0.04177418181478868,0.40300582877262303,-0.05409847521050871,0.0864818248355985,-0.10413286314644248,1
25.379185372918172,-0.14996059710866194,-0.037744123527062454,0.404186545782931,-0.05324407024846737,0.08544049620413408,-0.10526057648060799,1
25.389188993482982,-0.15029761968935426,-0.033702258069233146,0.40523311933783535,-0.05240019134407409,0.084387890439328,-0.10633621738921298,1
25.39919261404779,-0.1505941189581128,-0.02964992687585479,0.40614539618808965,-0.051566946061419726,0.08332452826543586,-0.10735962572323667,1
25.409196234612597,-0.15085000368725254,-0.025588472913973894,0.40692326890321473,-0.05074443674133769,0.08225093200820349,-0.1083306601467352,1
25.419199855177407,-0.15106519608950197,-0.021519240224941748,0.40756667582622397,-0.04993276048727033,0.08116762540673614,-0.10924919814290526,1
25.429203475742213,-0.15123963182416877,-0.017443573466679508,0.408075601012825,-0.049132009153017256,0.08007513342530709,-0.11011513601368222,1
25.439207096307022,-0.1513732599987343,-0.013362817456551258,0.40845007415514756,-0.04834226933236555,0.07897398206517027,-0.11092838887288578,1
25.449210716871832,-0.1514660431658843,-0.009278316714999782,0.40869017049005174,-0.04756362235060114,0.07786469817644141,-0.1116888906329273,1
25.459214337436638,-0.1515179573159853,-0.005191415010099264,0.4087960106920757,-0.04679614425790002,0.07674780927011214,-0.1123965939850965,1
25.469217958001447,-0.1515289918650171,-0.001103454903178507,0.40876776075108956,-0.04603990582459741,0.07562384333026118,-0.11305147037344579,1
25.479221578566253,-0.15149914963797376,0.0029842227043323883,0.40860563183472265,-0.045294972538332146,0.07449332862652672,-0.11365350996229429,1
25.489225199131063,-0.15142844684774695,0.007070279022679615,0.40830988013564185,-0.044561404603063105,0.07335679352690377,-0.11420272159737423,1
25.499228819695873,-0.1513169130695066,0.011153377824036033,0.40788080670375876,-0.0438392569399538,0.07221476631093003,-0.11469913276064579,1
25.50923244026068,-0.15116459121059586,0.01523218589107362,0.4073187572634523,-0.043128579190120565,0.07106777498332358,-0.11514278951880766,1
25.519236060825488,-0.1509715374759588,0.019305373463708142,0.40662412201589554,-0.04242941571923921,0.0699163470881355,-0.11553375646553313,1
25.529239681390294,-0.15073782132912011,0.023371614683867097,0.4057973354265825,-0.041741805624004404,0.06876100952348017,-0.11587211665746373,1
25.539243301955104,-0.15046352544873878,0.02742958803813292,0.40483887599815443,-0.04106578274043535,0.06760228835690554,-0.11615797154399399,1
25.549246922519913,-0.15014874568075764,0.03147797679811447,0.40374926602862937,-0.04040137565402069,0.0664407086414656,-0.11639144089088352,1
25.55925054308472,-0.14979359098617365,0.03551546945840076,0.40252907135514565,-0.03974860771169512,0.06527679423255676,-0.11657266269773421,1
25.56925416364953,-0.14939818338445413,0.03954076017195222,0.40117890108333265,-0.03910749703563932,0.06411106760557943,-0.11670179310937276,1
25.579257784214334,-0.14896265789262628,0.04355254918278555,0.39969940730242726,-0.03847805653889447,0.0629440496744857,-0.11677900632118038,1
25.589261404779144,-0.14848716246006818,0.04754954325580982,0.3980912847862609,-0.03786029394278173,0.0617762596112739,-0.11680449447841385,1
25.599265025343954,-0.14797185789903147,0.05153045610367243,0.39635527068024307,-0.037254211796116835,0.06060821466648976,-0.11677846756956362,1
25.60926864590876,-0.14741691781092672,0.05549400881047486,0.3944921441744763,-0.036659807496208896,0.05944042999079412,-0.11670115331379724,1
25.61927226647357,-0.14682252850840452,0.05943893025221962,0.3925027261631373,-0.03607707331163233,0.05827341845765615,-0.1165727970425378,1
25.629275887038375,-0.146188888933266,0.06336395751385099,0.3903878788902678,-0.035505996406760026,0.05710769048723077,-0.11639366157522905,1
25.639279507603185,-0.14551621057023847,0.06726783630275367,0.38814850558211944,-0.03494655886804524,0.05594375387147848,-0.1161640270893411,1
25.649283128167994,-0.14480471735665273,0.07114932135857487,0.38578555006620385,-0.03439873773203939,0.05478211360058507,-0.11588419098467186,1
25.6592867487328,-0.14405464558806036,0.0750071768592369,0.3832999963772017,-0.03386250501513201,0.05362327169073835,-0.11555446774200219,1
25.66929036929761,-0.14326624381983027,0.07884017682300892,0.3806928683498902,-0.03333782774499883,0.052467727013318324,-0.11517518877616328,1
25.679293989862416,-0.1424397727647652,0.08264710550650782,0.37796522919925074,-0.03282466799374326,0.05131597512555669,-0.1147467022835776,1
25.689297610427225,-0.1415755051867802,0.08642675779850033,0.37511818108792444,-0.032322982912716056,0.050168508102720916,-0.11426937308433623,1
25.699301230992035,-0.1406737257906864,0.09017793960937957,0.372152864681186,-0.03183272476899728,0.04902581437187755,-0.11374358245887688,1
25.70930485155684,-0.13973473110812448,0.09389946825619143,0.36907045868961075,-0.031353840983524395,0.04788837854728878,-0.11316972797932896,1
25.71930847212165,-0.1387588293796936,0.09759017284308753,0.3658721793996139,-0.03088627417084944,0.04675668126749549,-0.11254822333559372,1
25.729312092686456,-0.13774634043332276,0.10124889463708367,0.3625592801920435,-0.030429962180508044,0.045631199034139557,-0.11187949815622868,1
25.739315713251266,-0.1366975955589327,0.1048744874390041,0.359133051049015,-0.029984838139982272,0.04451240405257727,-0.11116399782420816,1
25.749319333816075,-0.13561293737943778,0.10846581794949425,0.35559481804917553,-0.02955083049923892,0.043400764074335185,-0.11040218328763236,1
25.75932295438088,-0.13449271971813792,0.112021766129986,0.3519459428515922,-0.029127863076824332,0.042296742241458865,-0.10959453086545948,1
25.76932657494569,-0.1333373074625529,0.11554122555850192,0.348187822168462,-0.028715855107496288,0.04120079693280427,-0.10874153204833704,1
25.779330195510497,-0.13214707642475104,0.11902310378018655,0.34432188722684276,-0.02831472129137308,0.0401133816123209,-0.10784369329461005,1
25.789333816075306,-0.1309224131982265,0.12246632265245497,0.34034960321960916,-0.02792437184457933,0.0390349446793748,-0.10690153582158465,1
25.799337436640116,-0.12966371501138,0.12586981868465105,0.33627246874584205,-0.027544712551367742,0.037965929321158956,-0.10591559539212815,1
25.80934105720492,-0.1283713895776589,0.12923254337210946,0.3320920152408594,-0.027175644817695365,0.036906773367237675,-0.10488642209668729,1
25.81934467776973,-0.12704585494241372,0.13255346352451805,0.3278098063961049,-0.02681706572623266,0.0358579091462708,-0.10381458013080813,1
25.829348298334537,-0.12568753932652893,0.1358315615884791,0.32342743756910797,-0.02646886809278303,0.03481976334496272,-0.10270064756824217,1
25.839351918899347,-0.12429688096688722,0.13906583596417016,0.3189465351837374,-0.026130940524090228,0.0337927568692803,-0.10154521612972503,1
25.849355539464156,-0.12287432795372714,0.14225530131600753,0.3143687561209695,-0.0258031674770104,0.03277730470798305,-0.10034889094751505,1
25.859359160028962,-0.12142033806495497,0.14539898887721722,0.30969578710039614,-0.02548542931902532,0.031773815798507896,-0.09911229032578044,1
25.86936278059377,-0.11993537859747276,0.1484959467482212,0.3049293440527012,-0.025177602390072818,0.03078269289525009,-0.09783604549692496,1
25.87936640115858,-0.11841992619558528,0.1515452401887482,0.3000711714833362,-0.02487955906567001,0.02980433244028084,-0.09652080037394335,1
25.889370021723387,-0.11687446667654947,0.15454595190358156,0.2951230418276275,-0.024591167821304594,0.028839124436541404,-0.09516721129889902,1
25.899373642288197,-0.11529949485333088,0.15749718232185783,0.290086754797552,-0.02431229329806907,0.027887452323552414,-0.09377594678761705,1
25.909377262853003,-0.11369551435463254,0.16039804986983336,0.28496413672041865,-0.024042796369512308,0.026949692855676242,-0.09234768727068786,1
25.919380883417812,-0.11206303744226216,0.16324769123703756,0.27975703986969636,-0.023782534209682613,0.026026215982969364,-0.09088312483087649,1
25.92938450398262,-0.11040258482590481,0.16604526163573452,0.2744673417882315,-0.023531360362336006,0.0251173847346606,-0.08938296293703486,1
25.939388124547428,-0.10871468547536865,0.16878993505361684,0.2690969446040995,-0.023289124811283105,0.02422355510529025,-0.08784791617461457,1
25.949391745112237,-0.10699987643037208,0.17148090449965783,0.263647774339337,-0.023055674051847663,0.023345075943544104,-0.08627870997287883,1
25.959395365677043,-0.10525870260794157,0.1741173822430512,0.25812178021180493,-0.02283085116340951,0.022482288843815316,-0.08467608032891359,1
25.969398986241853,-0.10349171660748988,0.17669860004516924,0.2525209339304315,-0.022614495883004248,0.02163552804052618,-0.08304077352853824,1
25.979402606806662,-0.10169947851364514,0.17922380938447355,0.24684722898408884,-0.02240644467995184,0.020805120305240798,-0.08137354586421737,1
25.989406227371468,-0.09988255569690199,0.18169228167431445,0.24110267992435724,-0.02220653083148585,0.019991384846598625,-0.079675163350076,1
25.999409847936278,-0.0980415226121664,0.18410330847355802,0.23528932164243274,-0.022014584499354874,0.019194633213097865,-0.0779464014341213,1
26.009413468501084,-0.09617696059526658,0.18645620168998234,0.22940920864043596,-0.02183043280736731,0.018415169198756652,-0.07618804470777493,1
26.019417089065893,-0.09428945765750271,0.1887502937763867,0.2234644142973803,-0.02165389991985052,0.017653288751678903,-0.07440088661282009,1
26.029420709630703,-0.09237960827830911,0.1909849379193605,0.21745703013006024,-0.02148480712099501,0.0169092798855507,-0.07258572914586917,1
26.03942433019551,-0.0904480131961025,0.1931595082206611,0.2113891650491212,-0.02132297289505409,0.01618342259409201,-0.0707433825604576,1
26.049427950760318,-0.08849527919739097,0.19527339987115233,0.20526294461057326,-0.021168213007369215,0.015475988768487435,-0.06887466506687051,1
26.059431571325124,-0.0865220189042184,0.19732602931725807,0.19908051026301254,-0.021020340586191028,0.01478724211781873,-0.06698040252980925,1
26.069435191889934,-0.08452885056001952,0.1993168344198882,0.19284401859081507,-0.020879166205265823,0.014117438092520637,-0.06506142816400576,1
26.079438812454743,-0.08251639781396156,0.20124527460579636,0.18655564055356838,-0.02074449796715702,0.013466823810880579,-0.06311858222789259,1
26.08944243301955,-0.08048528950384824,0.20311083101133204,0.18021756072200731,-0.020616141587271,0.012835637988601652,-0.06115271171543741,1
26.09944605358436,-0.07843615943766272,0.2049130066185521,0.1738319765107212,-0.020493900478556527,0.012224110871447279,-0.05916467004625092,1
26.109449674149165,-0.07636964617382612,0.20665132638365932,0.16740109740789982,-0.020377575836846677,0.01163246417098477,-0.05715531675407792,1
26.119453294713974,-0.07428639280024874,0.2083253373577383,0.1609271442023863,-0.020266966726812236,0.011060911003443991,-0.0551255171737809,1
26.129456915278784,-0.07218704671225111,0.20993460879976217,0.1544123482083057,-0.020161870168495175,0.010509655831706183,-0.05307614212692655,1
26.13946053584359,-0.07007225938943266,0.21147873228184522,0.14785895048753814,-0.020062081224390807,0.009978894410436917,-0.05100806760608555,1
26.1494641564084,-0.06794268617156546,0.2129573217867206,0.14126920107030522,-0.019967393087047047,0.009468813734376061,-0.04892217445795601,1
26.159467776973205,-0.06579898603359122,0.21437001379742365,0.13464535817413983,-0.019877597167149083,0.0089795919897965,-0.04681934806542178,1
26.169471397538015,-0.06364182135979957,0.21571646737916506,0.127989687421508,-0.01979248318205766,0.008511398509142282,-0.044700478028656135,1
26.179475018102824,-0.061471857717265765,0.21699636425338015,0.12130446105635216,-0.019711839244769103,0.00806439372885572,-0.04256645784538223,1
26.18947863866763,-0.05928976362862633,0.21820940886394366,0.11459195715982515,-0.019635451953265083,0.007638729150401898,-0.04041818459040143,1
26.19948225923244,-0.057096210344270905,0.21935532843554192,0.10785445886548423,-0.019563106480220104,0.0072345473044978835,-0.03825655859450059,1
26.209485879797246,-0.054891871614028934,0.22043387302419676,0.10109425357421287,-0.019494586663034576,0.006851981718552878,-0.03608248312284964,1
26.219489500362055,-0.052677423458429545,0.2214448155599389,0.09431363216913952,-0.019429675094161332,0.006491156887324381,-0.03389686405300065,1
26.229493120926865,-0.050453543939613245,0.2223879518816303,0.08751488823082028,-0.019368153211693388,0.006152188246794374,-0.0317006095525993,1
26.23949674149167,-0.04822091293197386,0.2232631007639385,0.08070031725295317,-0.019309801390180705,0.005835182151268381,-0.02949462975691999,1
26.24950036205648,-0.045980211892609174,0.224070103936468,0.0738722158588902,-0.019254399031643714,0.005540235853699181,-0.027279836446335377,1
26.259503982621286,-0.043732123631658605,0.2248088260950569,0.06703288101921308,-0.019201724656751355,0.005267437489235827,-0.025057142723830833,1
26.269507603186096,-0.041477332082606115,0.22547915490524903,0.06018460927063716,-0.01915155599613138,0.005016866061997518,-0.022827462692674487,1
26.279511223750905,-0.03921652207262656,0.2260810009979554,0.05332969593650794,-0.019103670081780672,0.004788591435070774,-0.020591711134352965,1
26.28951484431571,-0.036950379093053355,0.22661429795732047,0.04647043434915257,-0.0190578433385434,0.004582674323727244,-0.01835080318688268,1
26.29951846488052,-0.03467958907004524,0.227079002300812,0.0396091150743485,-0.019013851675624815,0.004399166291858417,-0.016105654023606263,1
26.309522085445327,-0.03240483813552968,0.22747509345155548,0.03274802513816936,-0.018971470578108593,0.004238109751622354,-0.013857178532583326,1
26.319525706010136,-0.030126812398500312,0.22780257370293716,0.025889447256467874,-0.018930475198445627,0.0040995379662965205,-0.011606290996684338,1
26.329529326574946,-0.027846197716745295,0.22806146817550185,0.019035659067253182,-0.01889064044788233,0.003983475056329677,-0.009353904774495934,1
26.33953294713975,-0.025563679469083552,0.2282518247661744,0.012188932366219297,-0.01885174108779648,0.003889936008584718,-0.007100931982145544,1
26.34953656770456,-0.023279942328185185,0.2283737140898366,0.0053515323456793835,-0.01881355182090885,0.003818926688763263,-0.004848283176152662,1
26.359540188269367,-0.02099567003405225,0.22842722941329338,-0.001474283162840758,-0.018775847382338832,0.003770443857001736,-0.0025968670374135927,1
26.369543808834177,-0.018711545168235602,0.22841248658166496,-0.008286264442098748,-0.018738402630472557,0.0037444751866276002,-0.00034759005642580484,1
26.379547429398986,-0.016428248928863163,0.228329623937244,-0.015082170638471233,-0.018700992637611925,0.0037409992860633423,0.0018986437801424274,1
26.389551049963792,-0.01414646090655457,0.22817880223085926,-0.02185977050688142,-0.018663392780373277,0.0037599857238647667,0.00414093330143223,1
26.3995546705286,-0.011866858861296667,0.22796020452579044,-0.028616843151072574,-0.018625378829804487,0.003801395056879089,0.006378380462819911,1
26.409558291093408,-0.00959011850035387,0.22767403609427972,-0.03535117875898375,-0.018586727041189414,0.003865178861507288,0.008610090654684816,1
26.419561911658217,-0.007316913257286971,0.2273205243066899,-0.04206057933298594,-0.018547214243508872,0.003951279768054136,0.010835173009416488,1
26.429565532223027,-0.005047914072153371,0.22689991851336003,-0.048742859414739284,-0.01850661792852739,0.004059631498148301,0.01305274070655919,1
26.439569152787833,-0.0027837891729612443,0.22641248991921264,-0.05539584680443405,-0.018464716339475253,0.004190158905213894,0.015261911275992619,1
26.449572773352642,-0.0005252038584495611,0.2258585314511683,-0.06201738327418049,-0.018421288559295514,0.00434277801797382,0.01746180689904857,1
26.459576393917448,0.0017271797177347038,0.2252383576184265,-0.06860532527531528,-0.01837611459842587,0.0045173960869643055,0.019651554707464144,1
26.469580014482258,0.003972702761391438,0.22455230436567336,-0.07515754463939447,-0.01832897548208548,0.004713911634038947,0.02183028708007302,1
26.479583635047067,0.006210710050584232,0.2238007289192794,-0.08167192927264566,-0.018279653337037082,0.004932214504839677,0.023997141937137347,1
26.489587255611873,0.008440550146849761,0.22298400962655296,-0.08814638384365485,-0.018227931477794973,0.005172185924211051,0.026151263032223628,1
26.499590876176683,0.010661575604730925,0.22210254578811642,-0.0945788304640657,-0.01817359449224964,0.005433698554533287,0.028291800241527238,1
26.50959449674149,0.012873143179565682,0.22115675748347577,-0.10096720936207237,-0.018116428326680156,0.005716616556948559,0.03041790985055098,1
26.5195981173063,0.015074614033464231,0.22014708538985506,-0.10730947954848932,-0.018056220370125615,0.006020795655454069,0.03252875483804444,1
26.529601737871108,0.017265353939407934,0.21907399059437016,-0.11360361947518512,-0.01799275953808727,0.006346083203834514,0.03462350515711175,1
26.539605358435914,0.019444733483404118,0.2179379543996183,-0.11984762768566923,-0.017925836355533215,0.006692318255405632,0.03670133801339676,1
26.549608979000723,0.021612128264631734,0.21673947812276162,-0.12603952345762534,-0.017855243039177817,0.0070593316355395995,0.03876143814025559,1
26.55961259956553,0.02376691909351359,0.21547908288818537,-0.13217734743718623,-0.017780773579008397,0.0074469460169421554,0.040802998070827774,1
26.56961622013034,0.025908492187651726,0.2141573094138135,-0.13825916226474977,-0.01770222381903189,0.007854975997650433,0.04282521840691857,1
26.57961984069515,0.028036239365563386,0.212774717791166,-0.14428305319213805,-0.017619391537214694,0.008283228181719619,0.04482730808460612,1
26.589623461259954,0.030149558238155832,0.21133188725924462,-0.15024712869090545,-0.017532076524589036,0.00873150126256568,0.0468084846364883,1
26.599627081824764,0.03224785239787919,0.20982941597233556,-0.1561495210516044,-0.01744008066349973,0.009199586108930563,0.04876797445048586,1
26.60963070238957,0.034330531605497386,0.20826792076181952,-0.16198838697382145,-0.017343208004965378,0.009687265853435422,0.05070501302511922,1
26.61963432295438,0.0363970119744182,0.2066480368920813,-0.16776190814679937,-0.01724126484512851,0.010194315983686614,0.052618845221178046,1
26.62963794351919,0.03844671615252433,0.20497041781061331,-0.1734682918204652,-0.017134059800769527,0.010720504435898394,0.05450872550970402,1
26.639641564083995,0.04047907350144842,0.20323573489240868,-0.17910577136668657,-0.017021403883859573,0.011265591690995435,0.05637391821620845,1
26.649645184648804,0.042493520273235844,0.20144467717874182,-0.1846726068305839,-0.016903110575128,0.01182933087315752,0.058213697761048094,1
26.65964880521361,0.044489499784340206,0.199597951110436,-0.19016708547172817,-0.01677899589662032,0.012411467850768,0.06002734889588373,1
26.66965242577842,0.04646646258689739,0.1976962802557187,-0.195587522295059,-0.016648878483223054,0.013011741339726837,0.06181416693614776,1
26.67965604634323,0.048423866637225074,0.1957404050327681,-0.20093226057136102,-0.016512579653132173,0.013629883009088314,0.06357345798944841,1
26.689659666908035,0.05036117746149562,0.1937310824270545,-0.2061996723471401,-0.016369923477242344,0.014265617588982798,0.06530453917983968,1
26.699663287472845,0.05227786831853145,0.1916690857035831,-0.2113881589437455,-0.016220736847434532,0.014918662980781195,0.06700673886788786,1
26.70966690803765,0.0541734203596729,0.18955520411414564,-0.2164961514455878,-0.01606484954373993,0.015588730369460074,0.06867939686646683,1
26.71967052860246,0.056047322785669804,0.18739024259968975,-0.22152211117730602,-0.015902094300358684,0.016275524338124743,0.07032186465221602,1
26.72967414916727,0.05789907300054897,0.1851750214879167,-0.22646453016974247,-0.015732306870512216,0.016978742984646904,0.0719335055725965,1
26.739677769732076,0.05972817676241116,0.18291037618621928,-0.23132193161458586,-0.015555326090108488,0.017698078040372867,0.07351369504848236,1
26.749681390296885,0.0615341483311119,0.1805971568700734,-0.2360928703075503,-0.01537099394019991,0.01843321499085769,0.07506182077222605,1
26.75968501086169,0.06331651061278187,0.1782362281669979,-0.24077593307995931,-0.01517915560821411,0.019183833198579952,0.076577282901138,1
26.7696886314265,0.06507479530114385,0.17582846883619832,-0.2453697392186094,-0.014979659547938198,0.019949606027591334,0.07805949424632291,1
26.77969225199131,0.06680854301558398,0.17337477144401223,-0.24987294087379203,-0.014772357538237652,0.02073020097005456,0.07950788045681617,1
26.789695872556116,0.06851730343593672,0.17087604203527432,-0.25428422345535645,-0.014557104740491425,0.021525279774622725,0.08092188019896586,1
26.799699493120926,0.07020063543394392,0.16833319980072076,-0.2586023060167012,-0.014333759754725301,0.022334498576612384,0.08230094533100799,1
26.809703113685732,0.07185810720134946,0.16574717674055375,-0.2628259416265852,-0.014102184674426076,0.023157508029922464,0.08364454107278328,1
26.81970673425054,0.07348929637459234,0.1631189173242879,-0.2669539177286542,-0.013862245140019573,0.023993953440650296,0.08495214617054689,1
26.82971035481535,0.07509379015606235,0.16044937814700136,-0.27098505648858334,-0.013613810390996016,0.024843474902355764,0.0862232530568228,1
26.839713975380157,0.0766711854318835,0.1577395275821155,-0.2749182151287404,-0.013356753316666775,0.025705707432923993,0.08745736800525789,1
26.849717595944966,0.07822108888619178,0.1549903454308281,-0.278752286250278,-0.013090950505537009,0.026580281112976573,0.08865401128043113,1
26.859721216509776,0.07974311711187504,0.15220282256832532,-0.28248619814256937,-0.0128162822932792,0.027466821225780886,0.08981271728257616,1
26.869724837074582,0.08123689671774403,0.14937796058689962,-0.28611891507990517,-0.012532632809293133,0.02836494839860665,0.0909330346871765,1
26.87972845763939,0.08270206443210504,0.14651677143610056,-0.2896494376053736,-0.012239890021838349,0.029274278745478412,0.09201452657939554,1
26.889732078204197,0.08413826720270551,0.14362027706004682,-0.2930768028018515,-0.011937945781725625,0.03019442401127237,0.09305677058330389,1
26.899735698769007,0.08554516229302579,0.14068950903202831,-0.29640008455003763,-0.011626695864554571,0.031124991717105407,0.09405935898586983,1
26.909739319333816,0.08692241737489106,0.13772550818652793,-0.2996183937734637,-0.011306040011484931,0.03206558530696411,0.09502189885567958,1
26.919742939898622,0.088269710617379,0.1347293242487933,-0.30273087867042536,-0.010975881968529722,0.0330158042955209,0.09594401215635663,1
26.929746560463432,0.08958673077199988,0.13170201546208904,-0.30573672493277637,-0.010636129524358877,0.033975244417084466,0.09682533585465032,1
26.939750181028238,0.0908731772541275,0.12864464821276128,-0.3086351559515373,-0.010286694546602568,0.034943497775630966,0.09766552202316697,1
26.949753801593047,0.09212876022065995,0.12555829665324592,-0.311425433009273,-0.009927493016643942,0.03592015299586264,0.09846423793771764,1
26.959757422157857,0.09335320064389148,0.12244404232315319,-0.3141068554591966,-0.009558445062891545,0.036904795375239816,0.09922116616925904,1
26.969761042722663,0.09454623038157708,0.11930297376856122,-0.3166787608909657,-0.00917947499252222,0.037897007036932405,0.09993600467040607,1
26.979764663287472,0.0957075922431736,0.11613618615965156,-0.31914052528313697,-0.008790511321685856,0.03889636708363647,0.10060846685649581,1
26.98976828385228,0.09683704005224181,0.11294478090682018,-0.3214915631422533,-0.008391486804163842,0.039902451752201425,0.1012382816811855,1
26.999771904417088,0.09793433870499578,0.10972986527539765,-0.32373132762854057,-0.007982338458473709,0.04091483456901328,0.10182519370656816,1
27.009775524981897,0.09899926422498691,0.10649255199911224,-0.32585931066819607,-0.0075630075934129196,0.04193308650607896,0.10236896316779194,1
27.019779145546703,0.10003160381391121,0.10323395889243028,-0.327875043052255,-0.0071334398320353504,0.04295677613775688,0.10286936603217087,1
27.029782766111513,0.10103115589853029,0.09995520846190774,-0.329778094522027,-0.0066935851340545645,0.04398546979807859,0.10332619405277699,1
27.03978638667632,0.10199773017369716,0.09665742751668746,-0.3315680738410975,-0.0062433978166685005,0.045018731738606356,0.10373925481650502,1
27.04979000724113,0.10293114764147993,0.09334174677827649,-0.3332446288538959,-0.005782836573800787,0.04605612428677141,0.10410837178660357,1
27.059793627805938,0.1038312406463773,0.09000930048973753,-0.33480744653083383,-0.005311864493754413,0.047097208004637445,0.10443338433966798,1
27.069797248370744,0.10469785290662159,0.08666122602442919,-0.33625625300002465,-0.004830449075274071,0.048141541848034125,0.10471414779709225,1
27.079800868935553,0.10553083954156588,0.08329866349442894,-0.33759081356559745,-0.004338562242014021,0.049188683326005046,0.10495053345097939,1
27.08980448950036,0.10633006709515361,0.07992275535877297,-0.3388109327126243,-0.0038361803554088723,0.05023818866051484,0.105142428584511,1
27.09980811006517,0.10709541355547007,0.07653464603164672,-0.3399164540986848,-0.003323284225945273,0.05128961294635995,0.10528973648677935,1
27.10981173062998,0.10782676837037668,0.07313548149065988,-0.34090726053209497,-0.0027998591228329955,0.05234251031122774,0.10539237646208689,1
27.119815351194784,0.10852403245923006,0.06972640888533893,-0.3417832739368325,-0.0022658947820745094,0.05339643407584861,0.10545028383371971,1
27.129818971759594,0.10918711822068977,0.0663085761459706,-0.3425444553041961,-0.0017213854129326514,0.05445093691418581,0.10546340994220384,1
27.1398225923244,0.10981594953661906,0.06288313159292865,-0.3431908046312395,-0.001166329702796573,0.05550557101360785,0.10543172213805485,1
27.14982621288921,0.11041046177208523,0.05945122354661625,-0.34372236084602564,-0.0006007308204466889,0.0565598882349884,0.10535520376903308,1
27.15982983345402,0.1109706017714668,0.05601399993815599,-0.3441392017197515,-2.459641771990163e-05,0.05761344027267873,0.10523385416191883,1
27.169833454018825,0.11149632785067638,0.052572607920958477,-0.3444414437657978,0.0005620613704230775,0.058665778814297916,0.10506768859882351,1
27.179837074583634,0.11198760978550938,0.0491281934833005,-0.3446292421257623,0.001159225927425939,0.05971645570028615,0.10485673828805482,1
27.18984069514844,0.11244442879612981,0.045681901062042875,-0.3447027904425404,0.001766876158257606,0.0607650230831667,0.10460105032955554,1
27.19984431571325,0.11286677752770599,0.042234873157617474,-0.3446623207205192,0.0023849864941222283,0.061811033586462255,0.10430068767493753,1
27.20984793627806,0.11325466002721012,0.03878824995041228,-0.34450810317295844,0.0030135268987543447,0.06285404046321164,0.1039557290821346,1
27.219851556842865,0.11360809171639694,0.035343168918682694,-0.3442404460566327,0.0036524628762946744,0.06389359775403299,0.10356626906469897,1
27.229855177407675,0.1139270993609781,0.03190076445811637,-0.3438596954938161,0.004301755480741474,0.06492926044467998,0.10313241783576862,1
27.23985879797248,0.11421172103600988,0.028462167503178207,-0.3433662352816934,0.004961361326971851,0.06596058462303767,0.10265430124673426,1
27.24986241853729,0.11446200608751349,0.02502850515036127,-0.3427604866892858,0.0056312326033269005,0.066987127635505,0.10213206072063609,1
27.2598660391021,0.11467801509034817,0.021600900283468415,-0.3420429082419842,0.0063113170857540144,0.06800844824271136,0.10156585318032302,1
27.269869659666906,0.11485981980235865,0.018180471201048574,-0.3412139954937865,0.00700155815349916,0.0690241067745146,0.10095585097140804,1
27.279873280231715,0.11500750311481976,0.014768331246110709,-0.34027428078733996,0.007701894806341447,0.07003366528422868,0.10030224178005544,1
27.28987690079652,0.11512115899920214,0.01136558843823731,-0.33922433300189214,0.00841226168336174,0.07103668770202923,0.09960522854563748,1
27.29988052136133,0.11520089245028432,0.007973345108218389,-0.33806475728926005,0.009132589083236595,0.0720327399874856,0.09886502936829916,1
27.30988414192614,0.11524681942563758,0.004592697535325789,-0.33679619479792966,0.00986280298604828,0.0730213902811686,0.09808187741147245,1
27.319887762490946,0.11525906678151104,0.001224735587346492,-0.33541932238540134,0.010602825076601112,0.07400220905528332,0.0972560207993816,1
27.329891383055756,0.11523777220514597,-0.0021294576365075216,-0.3339348523189025,0.011352572769233883,0.07497476926327713,0.09638772250958438,1
27.339895003620562,0.11518308414354901,-0.005468806159696547,-0.3323435319645901,0.012111959234117613,0.07593864648837298,0.09547726026059411,1
27.34989862418537,0.11509516172875559,-0.008792241479342449,-0.33064614346537086,0.012880893425027401,0.07689341909097892,0.09452492639463028,1
27.35990224475018,0.11497417469961563,-0.012098702913996158,-0.328843503407471,0.013659280108576654,0.07783866835492523,0.09353102775554645,1
27.369905865314987,0.11482030332013492,-0.015387137948070867,-0.3269364624758891,0.01444701989490146,0.07877397863248069,0.09249588556198539,1
27.379909485879796,0.11463373829440662,-0.018656502572829758,-0.3249259050988715,0.015244009269782467,0.07969893748810054,0.0914198352758141,1
27.389913106444602,0.11441468067816844,-0.021905761623818472,-0.32281274908155055,0.016050140628191052,0.08061313584085869,0.09030322646589152,1
27.399916727009412,0.1141633417870221,-0.02513388911463398,-0.3205979452288933,0.016865302309246228,0.08151616810551761,0.08914642266722411,1
27.40992034757422,0.11387994310135287,-0.028339868566922912,-0.31828247695810585,0.017689378632568125,0.08240763233218985,0.08794980123556576,1
27.419923968139027,0.11356471616798783,-0.03152269333650397,-0.3158673599006491,0.01852224993601358,0.08328713034454552,0.0867137531975197,1
27.429927588703837,0.11321790249863273,-0.03468136693551046,-0.3133536414940173,0.019363792614778788,0.08415426787652072,0.08543868309620187,1
27.439931209268643,0.11283975346512821,-0.03781490335045063,-0.31074240056344093,0.020213879161853614,0.08500865470748274,0.08412500883252633,1
27.449934829833452,0.11243053019156736,-0.04092232735608504,-0.3080347468936734,0.021072378209811695,0.08584990479580801,0.08277316150217486,1
27.459938450398262,0.11199050344331714,-0.04400267482502177,-0.30523182079102706,0.021939154573919994,0.08667763641082976,0.08138358522831417,1
27.469942070963068,0.11151995351298782,-0.04705499303293204,-0.30233479263582597,0.022814069296551123,0.08749147226311291,0.07995673699012541,1
27.479945691527877,0.11101917010339492,-0.0500783409592903,-0.29934486242544545,0.023696979692881266,0.08829103963301416,0.07849308644721223,1
27.489949312092683,0.11048845220755947,-0.053071789583544755,-0.29626325930811337,0.024587739397856127,0.08907597049748628,0.07699311575995473,1
27.499952932657493,0.10992810798579321,-0.05603442217662589,-0.2930912411076475,0.025486198414406986,0.08984590165508582,0.07545731940587765,1
27.509956553222302,0.10933845463991619,-0.05896533458770236,-0.2898300938393097,0.026392203162898434,0.0906004748491446,0.0738862039921033,1
27.51996017378711,0.10871981828465524,-0.06186363552609546,-0.28648113121695756,0.02730559653178909,0.09133933688906563,0.07228028806395959,1
27.529963794351918,0.10807253381627259,-0.06472844683826504,-0.28304569415167863,0.028226217929486142,0.09206213976970523,0.07064010190981593,1
27.539967414916724,0.10739694477847476,-0.06755890377978183,-0.2795251502420938,0.029153903337374176,0.0927685407888034,0.06896618736222025,1
27.549971035481533,0.10669340322565274,-0.07035415528220276,-0.27592089325651925,0.03008848536399843,0.09345820266242559,0.06725909759541175,1
27.559974656046343,0.10596226958350506,-0.07311336421476795,-0.2722343426071794,0.031029793300382226,0.09413079363837971,0.06551939691928485,1
27.56997827661115,0.10520391250709667,-0.07583570764083974,-0.2684669428166641,0.031977653176457954,0.09478598760757256,0.06374766056988146,1
27.57998189717596,0.1044187087364066,-0.07852037706900639,-0.2646201629768279,0.03293188781859067,0.09542346421327137,0.0619444744964888,1
27.589985517740764,0.10360704294941886,-0.08116657869877467,-0.2606954962003286,0.03389231690817303,0.09604290895823626,0.060110435145422206,1
27.599989138305574,0.10276930761281108,-0.08377353366077796,-0.2566944590650077,0.034858757041269936,0.09664401330969048,0.0582461492405721,1
27.609992758870384,0.10190590283029681,-0.08634047825142803,-0.2526185910513139,0.0358310217892909,0.0972264748020962,0.056352233560796286,1
27.61999637943519,0.1010172361886774,-0.08886666416194117,-0.24846945397297604,0.03680892176066794,0.09778999713770417,0.05442931471423905,1
27.63,0.1001037226016607,-0.09135135870167092,-0.2442486314011315,0.03779226466351641,0.09833429028484657,0.052478028909659635,1
